city,year,date,time,no2,pm10,pm25,datetime
Leeds,2017,01-11-2017,00:00:00,8.310789068,13.86864207,1.149880601,2017-11-01T00:00:00Z
Leeds,2017,01-11-2017,01:00:00,0,19.61315327,7.806595243,2017-11-01T01:00:00Z
Leeds,2017,01-11-2017,02:00:00,2.261766482,24.3683091,12.67430542,2017-11-01T02:00:00Z
Leeds,2017,01-11-2017,03:00:00,6.499663041,19.23910319,11.29289089,2017-11-01T03:00:00Z
Leeds,2017,01-11-2017,04:00:00,8.084355752,19.8049858,14.08680688,2017-11-01T04:00:00Z
Leeds,2017,01-11-2017,05:00:00,11.71351439,8.01530859,1.847222775,2017-11-01T05:00:00Z
Leeds,2017,01-11-2017,06:00:00,13.13721102,32.4347903,22.45959501,2017-11-01T06:00:00Z
Leeds,2017,01-11-2017,07:00:00,19.34069027,25.40223111,23.62879193,2017-11-01T07:00:00Z
Leeds,2017,01-11-2017,08:00:00,9.882349817,12.50484324,12.37226112,2017-11-01T08:00:00Z
Leeds,2017,01-11-2017,09:00:00,10.44143296,16.18871797,12.16455979,2017-11-01T09:00:00Z
Leeds,2017,01-11-2017,10:00:00,6.595627907,38.31021834,15.18342872,2017-11-01T10:00:00Z
Leeds,2017,01-11-2017,11:00:00,20.36646357,13.7261159,18.42103335,2017-11-01T11:00:00Z
Leeds,2017,01-11-2017,12:00:00,0,11.7687205,6.404680484,2017-11-01T12:00:00Z
Leeds,2017,01-11-2017,13:00:00,22.32195801,32.34609547,21.72224508,2017-11-01T13:00:00Z
Leeds,2017,01-11-2017,14:00:00,16.69751164,24.58568654,13.26642183,2017-11-01T14:00:00Z
Leeds,2017,01-11-2017,15:00:00,0,3.663002517,7.95130397,2017-11-01T15:00:00Z
Leeds,2017,01-11-2017,16:00:00,18.71307064,9.925839642,15.4281778,2017-11-01T16:00:00Z
Leeds,2017,01-11-2017,17:00:00,7.447299605,12.85654906,12.98678601,2017-11-01T17:00:00Z
Leeds,2017,01-11-2017,18:00:00,19.91598,35.77363255,31.68577331,2017-11-01T18:00:00Z
Leeds,2017,01-11-2017,19:00:00,14.08954243,42.88497779,32.05697329,2017-11-01T19:00:00Z
Leeds,2017,01-11-2017,20:00:00,13.01781007,46.84954082,25.5247937,2017-11-01T20:00:00Z
Leeds,2017,01-11-2017,21:00:00,21.0760555,37.34048049,15.33440601,2017-11-01T21:00:00Z
Leeds,2017,01-11-2017,22:00:00,3.78055933,14.13545917,2.665933058,2017-11-01T22:00:00Z
Leeds,2017,01-11-2017,23:00:00,8.800196121,7.718505913,1.924313521,2017-11-01T23:00:00Z
Leeds,2017,02-11-2017,00:00:00,0.422472055,4.832105239,0,2017-11-02T00:00:00Z
Leeds,2017,02-11-2017,01:00:00,8.684593977,36.35412097,7.956494622,2017-11-02T01:00:00Z
Leeds,2017,02-11-2017,02:00:00,4.312222122,13.75727781,6.812320577,2017-11-02T02:00:00Z
Leeds,2017,02-11-2017,03:00:00,10.49622643,38.25131578,21.98446997,2017-11-02T03:00:00Z
Leeds,2017,02-11-2017,04:00:00,8.144822154,18.09630246,14.69859876,2017-11-02T04:00:00Z
Leeds,2017,02-11-2017,05:00:00,18.16696057,43.92403927,26.03728502,2017-11-02T05:00:00Z
Leeds,2017,02-11-2017,06:00:00,15.88121846,14.35297345,15.11578226,2017-11-02T06:00:00Z
Leeds,2017,02-11-2017,07:00:00,1.346814313,27.26837865,9.308586623,2017-11-02T07:00:00Z
Leeds,2017,02-11-2017,08:00:00,10.85048166,21.36188118,14.37146771,2017-11-02T08:00:00Z
Leeds,2017,02-11-2017,09:00:00,14.14328612,33.25837241,24.85966483,2017-11-02T09:00:00Z
Leeds,2017,02-11-2017,10:00:00,3.406707112,18.63686672,13.01302339,2017-11-02T10:00:00Z
Leeds,2017,02-11-2017,11:00:00,8.77554737,22.79303898,18.18416437,2017-11-02T11:00:00Z
Leeds,2017,02-11-2017,12:00:00,20.94051162,25.24491366,15.14947318,2017-11-02T12:00:00Z
Leeds,2017,02-11-2017,13:00:00,13.00912376,17.68449436,6.94101185,2017-11-02T13:00:00Z
Leeds,2017,02-11-2017,14:00:00,11.22714318,12.93182525,22.86746755,2017-11-02T14:00:00Z
Leeds,2017,02-11-2017,15:00:00,29.38509151,48.0457512,25.03864697,2017-11-02T15:00:00Z
Leeds,2017,02-11-2017,16:00:00,19.36477573,31.48632035,39.58430234,2017-11-02T16:00:00Z
Leeds,2017,02-11-2017,17:00:00,7.337191009,10.03306323,18.37428559,2017-11-02T17:00:00Z
Leeds,2017,02-11-2017,18:00:00,4.70874146,17.18601879,12.11818046,2017-11-02T18:00:00Z
Leeds,2017,02-11-2017,19:00:00,0,4.360663473,19.11048234,2017-11-02T19:00:00Z
Leeds,2017,02-11-2017,20:00:00,7.806936637,22.93340027,14.02025876,2017-11-02T20:00:00Z
Leeds,2017,02-11-2017,21:00:00,10.64911462,28.3265946,18.73214776,2017-11-02T21:00:00Z
Leeds,2017,02-11-2017,22:00:00,4.977780222,11.43573134,5.318697728,2017-11-02T22:00:00Z
Leeds,2017,02-11-2017,23:00:00,3.186939924,16.42193081,15.44181297,2017-11-02T23:00:00Z
Leeds,2017,03-11-2017,00:00:00,2.357047856,41.80329466,32.84368681,2017-11-03T00:00:00Z
Leeds,2017,03-11-2017,01:00:00,7.742930858,34.01666087,16.94214307,2017-11-03T01:00:00Z
Leeds,2017,03-11-2017,02:00:00,0.195562853,0,0,2017-11-03T02:00:00Z
Leeds,2017,03-11-2017,03:00:00,6.589826894,30.55326618,24.19081037,2017-11-03T03:00:00Z
Leeds,2017,03-11-2017,04:00:00,8.555543156,10.9222464,11.59522532,2017-11-03T04:00:00Z
Leeds,2017,03-11-2017,05:00:00,7.89145777,32.47343594,21.31113978,2017-11-03T05:00:00Z
Leeds,2017,03-11-2017,06:00:00,15.8670381,31.54648333,24.68133849,2017-11-03T06:00:00Z
Leeds,2017,03-11-2017,07:00:00,8.530435943,40.22247546,19.07464548,2017-11-03T07:00:00Z
Leeds,2017,03-11-2017,08:00:00,15.74865211,34.39152134,21.1830669,2017-11-03T08:00:00Z
Leeds,2017,03-11-2017,09:00:00,14.32794432,29.22811429,14.52277255,2017-11-03T09:00:00Z
Leeds,2017,03-11-2017,10:00:00,21.13633104,33.94873455,14.52008746,2017-11-03T10:00:00Z
Leeds,2017,03-11-2017,11:00:00,7.52241162,34.40302103,15.54267975,2017-11-03T11:00:00Z
Leeds,2017,03-11-2017,12:00:00,5.568372659,6.65166851,7.848940454,2017-11-03T12:00:00Z
Leeds,2017,03-11-2017,13:00:00,0,13.19723475,4.25721362,2017-11-03T13:00:00Z
Leeds,2017,03-11-2017,14:00:00,0,6.565010597,0.391266754,2017-11-03T14:00:00Z
Leeds,2017,03-11-2017,15:00:00,12.84460102,0,5.560550064,2017-11-03T15:00:00Z
Leeds,2017,03-11-2017,16:00:00,1.37155035,0,0,2017-11-03T16:00:00Z
Leeds,2017,03-11-2017,17:00:00,7.143558981,5.260516735,16.29828941,2017-11-03T17:00:00Z
Leeds,2017,03-11-2017,18:00:00,0,0,4.889810026,2017-11-03T18:00:00Z
Leeds,2017,03-11-2017,19:00:00,2.567437818,0,6.208496578,2017-11-03T19:00:00Z
Leeds,2017,03-11-2017,20:00:00,26.73554186,40.02229794,27.96377168,2017-11-03T20:00:00Z
Leeds,2017,03-11-2017,21:00:00,3.347188466,30.4797185,20.76283012,2017-11-03T21:00:00Z
Leeds,2017,03-11-2017,22:00:00,7.953831844,26.6947505,12.92028262,2017-11-03T22:00:00Z
Leeds,2017,03-11-2017,23:00:00,18.36774977,0.819244549,30.39344175,2017-11-03T23:00:00Z
Leeds,2017,04-11-2017,00:00:00,0,38.83986128,13.15947238,2017-11-04T00:00:00Z
Leeds,2017,04-11-2017,01:00:00,9.834848571,11.93434442,10.03893937,2017-11-04T01:00:00Z
Leeds,2017,04-11-2017,02:00:00,20.67682919,40.9292758,29.41836017,2017-11-04T02:00:00Z
Leeds,2017,04-11-2017,03:00:00,8.769530858,0,12.38283252,2017-11-04T03:00:00Z
Leeds,2017,04-11-2017,04:00:00,8.196908893,11.67683238,4.33905976,2017-11-04T04:00:00Z
Leeds,2017,04-11-2017,05:00:00,7.306086582,32.30135664,18.50922015,2017-11-04T05:00:00Z
Leeds,2017,04-11-2017,06:00:00,22.39947487,31.15513562,19.68934942,2017-11-04T06:00:00Z
Leeds,2017,04-11-2017,07:00:00,0,0,0,2017-11-04T07:00:00Z
Leeds,2017,04-11-2017,08:00:00,11.49241442,11.93093484,15.58569513,2017-11-04T08:00:00Z
Leeds,2017,04-11-2017,09:00:00,2.273546721,18.08680544,9.39436632,2017-11-04T09:00:00Z
Leeds,2017,04-11-2017,10:00:00,1.235995658,30.95390599,26.00336764,2017-11-04T10:00:00Z
Leeds,2017,04-11-2017,11:00:00,8.599087772,11.26094997,8.45350841,2017-11-04T11:00:00Z
Leeds,2017,04-11-2017,12:00:00,5.022314161,16.99773475,15.73141462,2017-11-04T12:00:00Z
Leeds,2017,04-11-2017,13:00:00,16.04300582,30.50507901,10.50243936,2017-11-04T13:00:00Z
Leeds,2017,04-11-2017,14:00:00,11.01831207,0.588638298,18.74587136,2017-11-04T14:00:00Z
Leeds,2017,04-11-2017,15:00:00,0.100497128,31.409787,11.54590068,2017-11-04T15:00:00Z
Leeds,2017,04-11-2017,16:00:00,11.11939505,15.1506409,16.85982106,2017-11-04T16:00:00Z
Leeds,2017,04-11-2017,17:00:00,12.06343494,16.09851831,15.42494373,2017-11-04T17:00:00Z
Leeds,2017,04-11-2017,18:00:00,0,33.45994772,19.12474461,2017-11-04T18:00:00Z
Leeds,2017,04-11-2017,19:00:00,6.257964081,0,0,2017-11-04T19:00:00Z
Leeds,2017,04-11-2017,20:00:00,7.45434843,48.81929735,29.55384525,2017-11-04T20:00:00Z
Leeds,2017,04-11-2017,21:00:00,1.264001009,18.41300824,8.753984249,2017-11-04T21:00:00Z
Leeds,2017,04-11-2017,22:00:00,1.285854831,14.6657592,11.59107917,2017-11-04T22:00:00Z
Leeds,2017,04-11-2017,23:00:00,9.159337698,30.17673789,15.27018905,2017-11-04T23:00:00Z
Leeds,2017,05-11-2017,00:00:00,75.00304417,159.1979079,128.3473278,2017-11-05T00:00:00Z
Leeds,2017,05-11-2017,01:00:00,42.11931888,104.4968697,78.76711633,2017-11-05T01:00:00Z
Leeds,2017,05-11-2017,02:00:00,33.59567266,66.34116732,48.56418655,2017-11-05T02:00:00Z
Leeds,2017,05-11-2017,03:00:00,32.79524808,56.81893335,52.7314092,2017-11-05T03:00:00Z
Leeds,2017,05-11-2017,04:00:00,49.05944564,141.3766546,102.5939547,2017-11-05T04:00:00Z
Leeds,2017,05-11-2017,05:00:00,51.87898173,105.4737353,89.96546229,2017-11-05T05:00:00Z
Leeds,2017,05-11-2017,06:00:00,37.43723802,154.3575183,91.07768316,2017-11-05T06:00:00Z
Leeds,2017,05-11-2017,07:00:00,74.91882316,166.8421216,117.814942,2017-11-05T07:00:00Z
Leeds,2017,05-11-2017,08:00:00,51.33409513,138.2596814,96.54792285,2017-11-05T08:00:00Z
Leeds,2017,05-11-2017,09:00:00,32.57423645,72.0586901,54.50443132,2017-11-05T09:00:00Z
Leeds,2017,05-11-2017,10:00:00,66.86054637,184.4701897,144.3616997,2017-11-05T10:00:00Z
Leeds,2017,05-11-2017,11:00:00,34.23104152,108.8268682,79.26549779,2017-11-05T11:00:00Z
Leeds,2017,05-11-2017,12:00:00,21.40959362,66.12409024,54.92334635,2017-11-05T12:00:00Z
Leeds,2017,05-11-2017,13:00:00,44.54737318,121.1932397,100.7765266,2017-11-05T13:00:00Z
Leeds,2017,05-11-2017,14:00:00,91.94234423,196.9471557,141.5777355,2017-11-05T14:00:00Z
Leeds,2017,05-11-2017,15:00:00,30.70579692,125.574698,87.31068326,2017-11-05T15:00:00Z
Leeds,2017,05-11-2017,16:00:00,69.11756631,154.2353484,125.6418748,2017-11-05T16:00:00Z
Leeds,2017,05-11-2017,17:00:00,82.03991889,156.0793675,126.1649281,2017-11-05T17:00:00Z
Leeds,2017,05-11-2017,18:00:00,49.41517147,118.3584623,89.96351183,2017-11-05T18:00:00Z
Leeds,2017,05-11-2017,19:00:00,30.59457777,104.3694967,64.29888829,2017-11-05T19:00:00Z
Leeds,2017,05-11-2017,20:00:00,24.79803598,101.3111552,55.55467163,2017-11-05T20:00:00Z
Leeds,2017,05-11-2017,21:00:00,38.01886944,64.00165403,63.39916143,2017-11-05T21:00:00Z
Leeds,2017,05-11-2017,22:00:00,28.21762786,105.5753072,80.15418873,2017-11-05T22:00:00Z
Leeds,2017,05-11-2017,23:00:00,77.35399546,174.3710071,132.269641,2017-11-05T23:00:00Z
Leeds,2017,06-11-2017,00:00:00,1.055182906,6.60634228,17.06456567,2017-11-06T00:00:00Z
Leeds,2017,06-11-2017,01:00:00,10.08968794,17.57936676,10.47350656,2017-11-06T01:00:00Z
Leeds,2017,06-11-2017,02:00:00,0,0,7.117781271,2017-11-06T02:00:00Z
Leeds,2017,06-11-2017,03:00:00,6.487287162,0,0,2017-11-06T03:00:00Z
Leeds,2017,06-11-2017,04:00:00,12.0578438,48.7883371,25.30049433,2017-11-06T04:00:00Z
Leeds,2017,06-11-2017,05:00:00,6.164915467,22.13298786,10.57526117,2017-11-06T05:00:00Z
Leeds,2017,06-11-2017,06:00:00,16.29995839,21.15617656,16.47170256,2017-11-06T06:00:00Z
Leeds,2017,06-11-2017,07:00:00,0,16.35169003,0,2017-11-06T07:00:00Z
Leeds,2017,06-11-2017,08:00:00,0.783692174,2.365751774,12.0004003,2017-11-06T08:00:00Z
Leeds,2017,06-11-2017,09:00:00,0,5.029263736,5.246066055,2017-11-06T09:00:00Z
Leeds,2017,06-11-2017,10:00:00,1.547471629,46.57934555,17.89878911,2017-11-06T10:00:00Z
Leeds,2017,06-11-2017,11:00:00,5.216723508,21.53636788,22.90115399,2017-11-06T11:00:00Z
Leeds,2017,06-11-2017,12:00:00,0.697541378,19.72104756,11.62502758,2017-11-06T12:00:00Z
Leeds,2017,06-11-2017,13:00:00,0,3.27640434,5.368541449,2017-11-06T13:00:00Z
Leeds,2017,06-11-2017,14:00:00,15.07848362,29.38483581,27.15297532,2017-11-06T14:00:00Z
Leeds,2017,06-11-2017,15:00:00,4.725227217,2.261131919,7.144584391,2017-11-06T15:00:00Z
Leeds,2017,06-11-2017,16:00:00,7.548897328,10.85929849,1.937262189,2017-11-06T16:00:00Z
Leeds,2017,06-11-2017,17:00:00,9.646311298,17.09442092,12.91607453,2017-11-06T17:00:00Z
Leeds,2017,06-11-2017,18:00:00,4.371064887,25.49194717,6.234790066,2017-11-06T18:00:00Z
Leeds,2017,06-11-2017,19:00:00,2.138521192,17.26149878,15.17167108,2017-11-06T19:00:00Z
Leeds,2017,06-11-2017,20:00:00,16.28126156,21.81598952,10.00104042,2017-11-06T20:00:00Z
Leeds,2017,06-11-2017,21:00:00,11.93768439,5.676491415,11.47236544,2017-11-06T21:00:00Z
Leeds,2017,06-11-2017,22:00:00,4.661494158,11.66011943,8.878859452,2017-11-06T22:00:00Z
Leeds,2017,06-11-2017,23:00:00,19.86551037,33.47103002,23.92544872,2017-11-06T23:00:00Z
Leeds,2017,07-11-2017,00:00:00,23.56687746,18.78274207,18.13167905,2017-11-07T00:00:00Z
Leeds,2017,07-11-2017,01:00:00,11.54010422,5.215970652,18.93727854,2017-11-07T01:00:00Z
Leeds,2017,07-11-2017,02:00:00,14.85346465,27.01555042,20.38855757,2017-11-07T02:00:00Z
Leeds,2017,07-11-2017,03:00:00,2.882897615,16.06406617,13.19260887,2017-11-07T03:00:00Z
Leeds,2017,07-11-2017,04:00:00,17.26164747,32.00715437,30.5564198,2017-11-07T04:00:00Z
Leeds,2017,07-11-2017,05:00:00,0,30.37052671,17.74649735,2017-11-07T05:00:00Z
Leeds,2017,07-11-2017,06:00:00,17.04998287,41.84270195,40.63886318,2017-11-07T06:00:00Z
Leeds,2017,07-11-2017,07:00:00,11.20745686,41.72052632,40.56651997,2017-11-07T07:00:00Z
Leeds,2017,07-11-2017,08:00:00,2.062564962,0,3.013530232,2017-11-07T08:00:00Z
Leeds,2017,07-11-2017,09:00:00,12.18612159,38.28475954,22.88460299,2017-11-07T09:00:00Z
Leeds,2017,07-11-2017,10:00:00,10.82486694,5.097306783,13.8921292,2017-11-07T10:00:00Z
Leeds,2017,07-11-2017,11:00:00,0.966469563,2.211869607,13.53687436,2017-11-07T11:00:00Z
Leeds,2017,07-11-2017,12:00:00,0,0,0,2017-11-07T12:00:00Z
Leeds,2017,07-11-2017,13:00:00,7.245594267,2.023331057,5.784896605,2017-11-07T13:00:00Z
Leeds,2017,07-11-2017,14:00:00,5.118584574,0,0,2017-11-07T14:00:00Z
Leeds,2017,07-11-2017,15:00:00,4.751338791,16.78175702,10.57582997,2017-11-07T15:00:00Z
Leeds,2017,07-11-2017,16:00:00,5.928655213,0,10.46917326,2017-11-07T16:00:00Z
Leeds,2017,07-11-2017,17:00:00,0,0,3.550999767,2017-11-07T17:00:00Z
Leeds,2017,07-11-2017,18:00:00,3.956189582,7.234801882,1.496090281,2017-11-07T18:00:00Z
Leeds,2017,07-11-2017,19:00:00,6.007890952,33.15963941,14.95459744,2017-11-07T19:00:00Z
Leeds,2017,07-11-2017,20:00:00,12.23078406,26.55259488,15.64598587,2017-11-07T20:00:00Z
Leeds,2017,07-11-2017,21:00:00,4.726860222,25.45233833,8.725622506,2017-11-07T21:00:00Z
Leeds,2017,07-11-2017,22:00:00,4.541472185,9.315555674,13.57198893,2017-11-07T22:00:00Z
Leeds,2017,07-11-2017,23:00:00,0,0,17.33812909,2017-11-07T23:00:00Z
Leeds,2017,08-11-2017,00:00:00,9.311899743,24.65300423,11.3709244,2017-11-08T00:00:00Z
Leeds,2017,08-11-2017,01:00:00,9.858360807,10.71002944,18.1058283,2017-11-08T01:00:00Z
Leeds,2017,08-11-2017,02:00:00,0,24.97240412,7.543531187,2017-11-08T02:00:00Z
Leeds,2017,08-11-2017,03:00:00,16.94789556,32.31867531,12.34418249,2017-11-08T03:00:00Z
Leeds,2017,08-11-2017,04:00:00,8.069703869,34.48725969,15.21127418,2017-11-08T04:00:00Z
Leeds,2017,08-11-2017,05:00:00,3.163253021,21.89029688,18.76818519,2017-11-08T05:00:00Z
Leeds,2017,08-11-2017,06:00:00,4.829208803,27.96336959,14.26988352,2017-11-08T06:00:00Z
Leeds,2017,08-11-2017,07:00:00,11.07024492,42.01123649,25.11932954,2017-11-08T07:00:00Z
Leeds,2017,08-11-2017,08:00:00,0,10.641969,12.83548353,2017-11-08T08:00:00Z
Leeds,2017,08-11-2017,09:00:00,8.61492287,31.73134321,22.4423856,2017-11-08T09:00:00Z
Leeds,2017,08-11-2017,10:00:00,8.842835983,19.78558255,8.276180772,2017-11-08T10:00:00Z
Leeds,2017,08-11-2017,11:00:00,9.442401763,0.169836327,13.84954051,2017-11-08T11:00:00Z
Leeds,2017,08-11-2017,12:00:00,10.69812427,38.92571753,19.9687491,2017-11-08T12:00:00Z
Leeds,2017,08-11-2017,13:00:00,15.245247,23.70304114,11.1155888,2017-11-08T13:00:00Z
Leeds,2017,08-11-2017,14:00:00,14.93564216,17.31641113,10.1354932,2017-11-08T14:00:00Z
Leeds,2017,08-11-2017,15:00:00,8.76994202,0,0,2017-11-08T15:00:00Z
Leeds,2017,08-11-2017,16:00:00,19.77699703,51.69597248,34.02017341,2017-11-08T16:00:00Z
Leeds,2017,08-11-2017,17:00:00,1.099540284,0,5.978273389,2017-11-08T17:00:00Z
Leeds,2017,08-11-2017,18:00:00,12.92053836,19.98989359,14.91246067,2017-11-08T18:00:00Z
Leeds,2017,08-11-2017,19:00:00,7.491066114,26.34217637,20.70756071,2017-11-08T19:00:00Z
Leeds,2017,08-11-2017,20:00:00,15.00683013,31.80079246,19.22257699,2017-11-08T20:00:00Z
Leeds,2017,08-11-2017,21:00:00,19.01771501,15.36087439,21.39759755,2017-11-08T21:00:00Z
Leeds,2017,08-11-2017,22:00:00,16.29719316,0.305600609,15.11725144,2017-11-08T22:00:00Z
Leeds,2017,08-11-2017,23:00:00,13.46058035,27.14551955,23.00580281,2017-11-08T23:00:00Z
Leeds,2017,09-11-2017,00:00:00,20.276681,28.80603357,10.05774404,2017-11-09T00:00:00Z
Leeds,2017,09-11-2017,01:00:00,12.30105136,29.87132251,24.48093266,2017-11-09T01:00:00Z
Leeds,2017,09-11-2017,02:00:00,0.577600253,0,0,2017-11-09T02:00:00Z
Leeds,2017,09-11-2017,03:00:00,17.16381808,21.81333713,21.30302243,2017-11-09T03:00:00Z
Leeds,2017,09-11-2017,04:00:00,12.80517503,26.21478935,16.33108395,2017-11-09T04:00:00Z
Leeds,2017,09-11-2017,05:00:00,9.47087962,11.06843541,10.59234629,2017-11-09T05:00:00Z
Leeds,2017,09-11-2017,06:00:00,0,0,0,2017-11-09T06:00:00Z
Leeds,2017,09-11-2017,07:00:00,0.474813415,16.82508201,15.97900478,2017-11-09T07:00:00Z
Leeds,2017,09-11-2017,08:00:00,6.664137931,18.28955437,13.67106916,2017-11-09T08:00:00Z
Leeds,2017,09-11-2017,09:00:00,0.064837793,0,10.44545551,2017-11-09T09:00:00Z
Leeds,2017,09-11-2017,10:00:00,12.3521893,20.93707364,25.2910808,2017-11-09T10:00:00Z
Leeds,2017,09-11-2017,11:00:00,8.294790196,13.92289898,1.668830504,2017-11-09T11:00:00Z
Leeds,2017,09-11-2017,12:00:00,10.14457925,32.58222083,24.60803818,2017-11-09T12:00:00Z
Leeds,2017,09-11-2017,13:00:00,5.620022074,30.79299165,11.43325528,2017-11-09T13:00:00Z
Leeds,2017,09-11-2017,14:00:00,11.64794842,24.89934867,14.54944345,2017-11-09T14:00:00Z
Leeds,2017,09-11-2017,15:00:00,1.850639588,5.16819542,8.220060193,2017-11-09T15:00:00Z
Leeds,2017,09-11-2017,16:00:00,2.508233677,2.751281441,15.93679135,2017-11-09T16:00:00Z
Leeds,2017,09-11-2017,17:00:00,7.13332471,38.77992729,21.53713337,2017-11-09T17:00:00Z
Leeds,2017,09-11-2017,18:00:00,0,5.274075981,8.807132815,2017-11-09T18:00:00Z
Leeds,2017,09-11-2017,19:00:00,0,19.81942588,14.1518959,2017-11-09T19:00:00Z
Leeds,2017,09-11-2017,20:00:00,12.42963876,28.39930248,12.16903318,2017-11-09T20:00:00Z
Leeds,2017,09-11-2017,21:00:00,8.262896837,0,0,2017-11-09T21:00:00Z
Leeds,2017,09-11-2017,22:00:00,8.132025779,4.220934917,5.140811014,2017-11-09T22:00:00Z
Leeds,2017,09-11-2017,23:00:00,16.35406081,43.48365169,28.28921989,2017-11-09T23:00:00Z
Leeds,2017,10-11-2017,00:00:00,13.92091373,17.93828252,19.08194023,2017-11-10T00:00:00Z
Leeds,2017,10-11-2017,01:00:00,2.181641235,58.40395132,26.4652505,2017-11-10T01:00:00Z
Leeds,2017,10-11-2017,02:00:00,19.02210787,34.06534638,21.65121591,2017-11-10T02:00:00Z
Leeds,2017,10-11-2017,03:00:00,8.992867957,12.89745939,10.91435694,2017-11-10T03:00:00Z
Leeds,2017,10-11-2017,04:00:00,9.840840227,3.162913345,16.89432595,2017-11-10T04:00:00Z
Leeds,2017,10-11-2017,05:00:00,9.926322697,69.03618009,30.23088325,2017-11-10T05:00:00Z
Leeds,2017,10-11-2017,06:00:00,16.85166841,0,0,2017-11-10T06:00:00Z
Leeds,2017,10-11-2017,07:00:00,1.166871131,3.658973798,4.988848626,2017-11-10T07:00:00Z
Leeds,2017,10-11-2017,08:00:00,14.52165161,8.053684174,15.37039097,2017-11-10T08:00:00Z
Leeds,2017,10-11-2017,09:00:00,5.90767193,32.00556594,16.18955598,2017-11-10T09:00:00Z
Leeds,2017,10-11-2017,10:00:00,10.92972993,26.41956573,6.805328445,2017-11-10T10:00:00Z
Leeds,2017,10-11-2017,11:00:00,12.99481956,7.836128872,16.14998894,2017-11-10T11:00:00Z
Leeds,2017,10-11-2017,12:00:00,0,16.59592518,7.260334112,2017-11-10T12:00:00Z
Leeds,2017,10-11-2017,13:00:00,7.745014072,35.41331701,17.51548102,2017-11-10T13:00:00Z
Leeds,2017,10-11-2017,14:00:00,0,0,12.49055102,2017-11-10T14:00:00Z
Leeds,2017,10-11-2017,15:00:00,12.61100227,46.06039849,21.08036049,2017-11-10T15:00:00Z
Leeds,2017,10-11-2017,16:00:00,9.8131732800000009,4.079765113,0,2017-11-10T16:00:00Z
Leeds,2017,10-11-2017,17:00:00,13.66676138,28.5535689,21.18160168,2017-11-10T17:00:00Z
Leeds,2017,10-11-2017,18:00:00,6.22764915,17.65552068,26.97132965,2017-11-10T18:00:00Z
Leeds,2017,10-11-2017,19:00:00,8.66683541,22.84201487,14.79639646,2017-11-10T19:00:00Z
Leeds,2017,10-11-2017,20:00:00,3.821079124,13.62565858,3.75316938,2017-11-10T20:00:00Z
Leeds,2017,10-11-2017,21:00:00,36.58485969,44.6245871,32.58112231,2017-11-10T21:00:00Z
Leeds,2017,10-11-2017,22:00:00,16.63172248,21.06026001,14.2093175,2017-11-10T22:00:00Z
Leeds,2017,10-11-2017,23:00:00,8.996635553,18.48326691,9.496880628,2017-11-10T23:00:00Z
Leeds,2017,11-11-2017,00:00:00,45.23352,13.2,9.1,2017-11-11T00:00:00Z
Leeds,2017,11-11-2017,01:00:00,42.76672,14.3,7.5,2017-11-11T01:00:00Z
Leeds,2017,11-11-2017,02:00:00,35.16118,10.3,7.9,2017-11-11T02:00:00Z
Leeds,2017,11-11-2017,03:00:00,23.17841,9.3,5.9,2017-11-11T03:00:00Z
Leeds,2017,11-11-2017,04:00:00,24.22574,7.7,6,2017-11-11T04:00:00Z
Leeds,2017,11-11-2017,05:00:00,30.16766,10.1,9.9,2017-11-11T05:00:00Z
Leeds,2017,11-11-2017,06:00:00,27.13678,7.8,9.4,2017-11-11T06:00:00Z
Leeds,2017,11-11-2017,07:00:00,30.05025,6.8,6.5,2017-11-11T07:00:00Z
Leeds,2017,11-11-2017,08:00:00,36.313720000000004,7,4,2017-11-11T08:00:00Z
Leeds,2017,11-11-2017,09:00:00,34.4557,5.5,4.6,2017-11-11T09:00:00Z
Leeds,2017,11-11-2017,10:00:00,37.81077,10.5,5.8,2017-11-11T10:00:00Z
Leeds,2017,11-11-2017,11:00:00,25.80038,11.3,5.7,2017-11-11T11:00:00Z
Leeds,2017,11-11-2017,12:00:00,22.52493,8.3,5.6,2017-11-11T12:00:00Z
Leeds,2017,11-11-2017,13:00:00,23.14204,6.1,5.8,2017-11-11T13:00:00Z
Leeds,2017,11-11-2017,14:00:00,32.23286,12.1,5.8,2017-11-11T14:00:00Z
Leeds,2017,11-11-2017,15:00:00,39.08988,13,6.8,2017-11-11T15:00:00Z
Leeds,2017,11-11-2017,16:00:00,46.39418,10.4,5.9,2017-11-11T16:00:00Z
Leeds,2017,11-11-2017,17:00:00,54.86607,9.8,6.8,2017-11-11T17:00:00Z
Leeds,2017,11-11-2017,18:00:00,74.72084,20.2,15.3,2017-11-11T18:00:00Z
Leeds,2017,11-11-2017,19:00:00,66.61196,25,16.5,2017-11-11T19:00:00Z
Leeds,2017,11-11-2017,20:00:00,56.00602,24.9,16,2017-11-11T20:00:00Z
Leeds,2017,11-11-2017,21:00:00,44.10187,21.4,16.9,2017-11-11T21:00:00Z
Leeds,2017,11-11-2017,22:00:00,46.69664,22.1,17.5,2017-11-11T22:00:00Z
Leeds,2017,11-11-2017,23:00:00,40.89406,17.8,10.6,2017-11-11T23:00:00Z
Leeds,2017,12-11-2017,00:00:00,31.54443,14.7,5.6,2017-11-12T00:00:00Z
Leeds,2017,12-11-2017,01:00:00,23.58964,14.1,7.7,2017-11-12T01:00:00Z
Leeds,2017,12-11-2017,02:00:00,26.62759,9.8,8,2017-11-12T02:00:00Z
Leeds,2017,12-11-2017,03:00:00,24.76576,17.4,7,2017-11-12T03:00:00Z
Leeds,2017,12-11-2017,04:00:00,17.74717,9.5,5.4,2017-11-12T04:00:00Z
Leeds,2017,12-11-2017,05:00:00,10.05441,4.7,1.9,2017-11-12T05:00:00Z
Leeds,2017,12-11-2017,06:00:00,13.83632,4.5,-1,2017-11-12T06:00:00Z
Leeds,2017,12-11-2017,07:00:00,18.18459,2.9,1.8,2017-11-12T07:00:00Z
Leeds,2017,12-11-2017,08:00:00,14.33489,2.5,0.9,2017-11-12T08:00:00Z
Leeds,2017,12-11-2017,09:00:00,17.87922,3.7,2.6,2017-11-12T09:00:00Z
Leeds,2017,12-11-2017,10:00:00,14.16468,6.1,3.5,2017-11-12T10:00:00Z
Leeds,2017,12-11-2017,11:00:00,16.09823,8.2,6.7,2017-11-12T11:00:00Z
Leeds,2017,12-11-2017,12:00:00,18.88755,22.4,10.9,2017-11-12T12:00:00Z
Leeds,2017,12-11-2017,13:00:00,19.25863,18.4,6.1,2017-11-12T13:00:00Z
Leeds,2017,12-11-2017,14:00:00,18.8208,14.8,12.7,2017-11-12T14:00:00Z
Leeds,2017,12-11-2017,15:00:00,20.5597,16.1,12.6,2017-11-12T15:00:00Z
Leeds,2017,12-11-2017,16:00:00,21.79463,15.7,13.7,2017-11-12T16:00:00Z
Leeds,2017,12-11-2017,17:00:00,22.47605,11.3,4.8,2017-11-12T17:00:00Z
Leeds,2017,12-11-2017,18:00:00,19.05901,7.3,5,2017-11-12T18:00:00Z
Leeds,2017,12-11-2017,19:00:00,22.46921,7.3,5.4,2017-11-12T19:00:00Z
Leeds,2017,12-11-2017,20:00:00,24.58685,6.9,3.4,2017-11-12T20:00:00Z
Leeds,2017,12-11-2017,21:00:00,35.10685,5.8,4.9,2017-11-12T21:00:00Z
Leeds,2017,12-11-2017,22:00:00,22.78038,7.6,4,2017-11-12T22:00:00Z
Leeds,2017,12-11-2017,23:00:00,15.26321,5.1,2.3,2017-11-12T23:00:00Z
Leeds,2017,13-11-2017,00:00:00,17.02533,5.2,0.6,2017-11-13T00:00:00Z
Leeds,2017,13-11-2017,01:00:00,9.63049,3.4,1.2,2017-11-13T01:00:00Z
Leeds,2017,13-11-2017,02:00:00,7.03875,4.7,1.8,2017-11-13T02:00:00Z
Leeds,2017,13-11-2017,03:00:00,4.73243,3.7,2.4,2017-11-13T03:00:00Z
Leeds,2017,13-11-2017,04:00:00,7.72231,2.7,1.5,2017-11-13T04:00:00Z
Leeds,2017,13-11-2017,05:00:00,17.51643,3.1,0.6,2017-11-13T05:00:00Z
Leeds,2017,13-11-2017,06:00:00,29.4336,5.2,2,2017-11-13T06:00:00Z
Leeds,2017,13-11-2017,07:00:00,51.27009,9.9,3.2,2017-11-13T07:00:00Z
Leeds,2017,13-11-2017,08:00:00,47.57108,8.3,1.9,2017-11-13T08:00:00Z
Leeds,2017,13-11-2017,09:00:00,42.96478,10,1.4,2017-11-13T09:00:00Z
Leeds,2017,13-11-2017,10:00:00,44.32831,15,5,2017-11-13T10:00:00Z
Leeds,2017,13-11-2017,11:00:00,48.63027,16.1,5.5,2017-11-13T11:00:00Z
Leeds,2017,13-11-2017,12:00:00,45.93056,14.3,4.2,2017-11-13T12:00:00Z
Leeds,2017,13-11-2017,13:00:00,41.76402,16,11.2,2017-11-13T13:00:00Z
Leeds,2017,13-11-2017,14:00:00,52.79808,26.3,7.9,2017-11-13T14:00:00Z
Leeds,2017,13-11-2017,15:00:00,61.45536,18.9,9.3,2017-11-13T15:00:00Z
Leeds,2017,13-11-2017,16:00:00,70.06632,21.3,12.8,2017-11-13T16:00:00Z
Leeds,2017,13-11-2017,17:00:00,71.21006,23.2,13.2,2017-11-13T17:00:00Z
Leeds,2017,13-11-2017,18:00:00,62.55725,23.6,11.3,2017-11-13T18:00:00Z
Leeds,2017,13-11-2017,19:00:00,53.35742,19.7,15.7,2017-11-13T19:00:00Z
Leeds,2017,13-11-2017,20:00:00,52.18583,17.5,10,2017-11-13T20:00:00Z
Leeds,2017,13-11-2017,21:00:00,43.71381,14.6,7.1,2017-11-13T21:00:00Z
Leeds,2017,13-11-2017,22:00:00,34.07844,14.3,7.3,2017-11-13T22:00:00Z
Leeds,2017,13-11-2017,23:00:00,23.22491,14.3,8,2017-11-13T23:00:00Z
Leeds,2017,14-11-2017,00:00:00,16.91358,14.3,11.8,2017-11-14T00:00:00Z
Leeds,2017,14-11-2017,01:00:00,14.41289,15.3,8.2,2017-11-14T01:00:00Z
Leeds,2017,14-11-2017,02:00:00,13.62197,8.6,4.7,2017-11-14T02:00:00Z
Leeds,2017,14-11-2017,03:00:00,26.32052,3.8,4.8,2017-11-14T03:00:00Z
Leeds,2017,14-11-2017,04:00:00,18.94423,2,0.1,2017-11-14T04:00:00Z
Leeds,2017,14-11-2017,05:00:00,22.52557,2.9,4.6,2017-11-14T05:00:00Z
Leeds,2017,14-11-2017,06:00:00,40.43331,1.7,3.2,2017-11-14T06:00:00Z
Leeds,2017,14-11-2017,07:00:00,50.84008,4.5,3.2,2017-11-14T07:00:00Z
Leeds,2017,14-11-2017,08:00:00,60.97859,6.2,6,2017-11-14T08:00:00Z
Leeds,2017,14-11-2017,09:00:00,47.08995,5.9,6.3,2017-11-14T09:00:00Z
Leeds,2017,14-11-2017,10:00:00,49.14744,8,6.1,2017-11-14T10:00:00Z
Leeds,2017,14-11-2017,11:00:00,44.25546,5.5,4.1,2017-11-14T11:00:00Z
Leeds,2017,14-11-2017,12:00:00,42.65234,5.7,5.7,2017-11-14T12:00:00Z
Leeds,2017,14-11-2017,13:00:00,46.53107,8.8,5.7,2017-11-14T13:00:00Z
Leeds,2017,14-11-2017,14:00:00,,9.9,8.1,2017-11-14T14:00:00Z
Leeds,2017,14-11-2017,15:00:00,52.19378,9.3,8.1,2017-11-14T15:00:00Z
Leeds,2017,14-11-2017,16:00:00,45.10583,8.7,6.1,2017-11-14T16:00:00Z
Leeds,2017,14-11-2017,17:00:00,52.4313,7.9,8.4,2017-11-14T17:00:00Z
Leeds,2017,14-11-2017,18:00:00,64.07639,14.8,15.6,2017-11-14T18:00:00Z
Leeds,2017,14-11-2017,19:00:00,65.98556,22,21.3,2017-11-14T19:00:00Z
Leeds,2017,14-11-2017,20:00:00,66.76438,28.5,22.6,2017-11-14T20:00:00Z
Leeds,2017,14-11-2017,21:00:00,58.50049,27.4,21.1,2017-11-14T21:00:00Z
Leeds,2017,14-11-2017,22:00:00,55.81387,20.7,18.7,2017-11-14T22:00:00Z
Leeds,2017,14-11-2017,23:00:00,53.40231,13.7,11.6,2017-11-14T23:00:00Z
Leeds,2017,15-11-2017,00:00:00,47.61225,9.8,8.4,2017-11-15T00:00:00Z
Leeds,2017,15-11-2017,01:00:00,38.03562,9.2,9.5,2017-11-15T01:00:00Z
Leeds,2017,15-11-2017,02:00:00,11.1107,3.4,2.2,2017-11-15T02:00:00Z
Leeds,2017,15-11-2017,03:00:00,12.11115,3,2.3,2017-11-15T03:00:00Z
Leeds,2017,15-11-2017,04:00:00,14.48782,6.1,5.8,2017-11-15T04:00:00Z
Leeds,2017,15-11-2017,05:00:00,25.46995,6,7.4,2017-11-15T05:00:00Z
Leeds,2017,15-11-2017,06:00:00,42.60823,2.8,1.2,2017-11-15T06:00:00Z
Leeds,2017,15-11-2017,07:00:00,71.33354,6.3,3.6,2017-11-15T07:00:00Z
Leeds,2017,15-11-2017,08:00:00,65.89863,6.6,3.4,2017-11-15T08:00:00Z
Leeds,2017,15-11-2017,09:00:00,70.74705,10.9,3.2,2017-11-15T09:00:00Z
Leeds,2017,15-11-2017,10:00:00,60.31238,12.6,9.4,2017-11-15T10:00:00Z
Leeds,2017,15-11-2017,11:00:00,53.09721,15.5,6.7,2017-11-15T11:00:00Z
Leeds,2017,15-11-2017,12:00:00,63.46395,17.4,6.7,2017-11-15T12:00:00Z
Leeds,2017,15-11-2017,13:00:00,64.15713,19.9,5.1,2017-11-15T13:00:00Z
Leeds,2017,15-11-2017,14:00:00,69.60427,19.2,10.2,2017-11-15T14:00:00Z
Leeds,2017,15-11-2017,15:00:00,73.22269,21.1,10.7,2017-11-15T15:00:00Z
Leeds,2017,15-11-2017,16:00:00,81.38231,21.7,12.6,2017-11-15T16:00:00Z
Leeds,2017,15-11-2017,17:00:00,81.20049,25.7,15.5,2017-11-15T17:00:00Z
Leeds,2017,15-11-2017,18:00:00,81.6694,29.6,23.3,2017-11-15T18:00:00Z
Leeds,2017,15-11-2017,19:00:00,83.56426,37,27.2,2017-11-15T19:00:00Z
Leeds,2017,15-11-2017,20:00:00,75.85825,43.7,32.4,2017-11-15T20:00:00Z
Leeds,2017,15-11-2017,21:00:00,61.95095,31.4,24.4,2017-11-15T21:00:00Z
Leeds,2017,15-11-2017,22:00:00,54.38506,28.3,25.6,2017-11-15T22:00:00Z
Leeds,2017,15-11-2017,23:00:00,44.60897,24.4,20.7,2017-11-15T23:00:00Z
Leeds,2017,16-11-2017,00:00:00,41.70678,20.7,16.7,2017-11-16T00:00:00Z
Leeds,2017,16-11-2017,01:00:00,33.51469,14.3,12.9,2017-11-16T01:00:00Z
Leeds,2017,16-11-2017,02:00:00,35.24874,10.8,10.6,2017-11-16T02:00:00Z
Leeds,2017,16-11-2017,03:00:00,12.72183,7.7,4.4,2017-11-16T03:00:00Z
Leeds,2017,16-11-2017,04:00:00,13.90537,6.6,8,2017-11-16T04:00:00Z
Leeds,2017,16-11-2017,05:00:00,21.04728,6.3,6.1,2017-11-16T05:00:00Z
Leeds,2017,16-11-2017,06:00:00,38.95886,8.9,8.3,2017-11-16T06:00:00Z
Leeds,2017,16-11-2017,07:00:00,64.66789,11.3,8.4,2017-11-16T07:00:00Z
Leeds,2017,16-11-2017,08:00:00,58.72707,8.9,7.8,2017-11-16T08:00:00Z
Leeds,2017,16-11-2017,09:00:00,46.99152,10.4,6.7,2017-11-16T09:00:00Z
Leeds,2017,16-11-2017,10:00:00,53.89881,6.4,5.8,2017-11-16T10:00:00Z
Leeds,2017,16-11-2017,11:00:00,50.72269,10,6.2,2017-11-16T11:00:00Z
Leeds,2017,16-11-2017,12:00:00,46.42781,8.4,6.6,2017-11-16T12:00:00Z
Leeds,2017,16-11-2017,13:00:00,42.69273,14.6,8.4,2017-11-16T13:00:00Z
Leeds,2017,16-11-2017,14:00:00,39.4681,16.9,8.6,2017-11-16T14:00:00Z
Leeds,2017,16-11-2017,15:00:00,46.50662,17.2,6,2017-11-16T15:00:00Z
Leeds,2017,16-11-2017,16:00:00,52.14372,15,7.6,2017-11-16T16:00:00Z
Leeds,2017,16-11-2017,17:00:00,72.16882,20.2,13.2,2017-11-16T17:00:00Z
Leeds,2017,16-11-2017,18:00:00,77.29213,25.4,11.4,2017-11-16T18:00:00Z
Leeds,2017,16-11-2017,19:00:00,82.42991,25.5,16.2,2017-11-16T19:00:00Z
Leeds,2017,16-11-2017,20:00:00,74.42964,23.9,14.8,2017-11-16T20:00:00Z
Leeds,2017,16-11-2017,21:00:00,81.0557,24.8,17.8,2017-11-16T21:00:00Z
Leeds,2017,16-11-2017,22:00:00,84.36948,30,18.2,2017-11-16T22:00:00Z
Leeds,2017,16-11-2017,23:00:00,75.65593,28.9,16.3,2017-11-16T23:00:00Z
Leeds,2017,17-11-2017,00:00:00,57.95206,21.4,12.2,2017-11-17T00:00:00Z
Leeds,2017,17-11-2017,01:00:00,44.25719,16.8,6.6,2017-11-17T01:00:00Z
Leeds,2017,17-11-2017,02:00:00,52.45298,18.5,13.2,2017-11-17T02:00:00Z
Leeds,2017,17-11-2017,03:00:00,47.21409,16.3,9.1,2017-11-17T03:00:00Z
Leeds,2017,17-11-2017,04:00:00,52.94012,17.6,12.4,2017-11-17T04:00:00Z
Leeds,2017,17-11-2017,05:00:00,54.44741,17.6,11.3,2017-11-17T05:00:00Z
Leeds,2017,17-11-2017,06:00:00,56.39109,20,13.5,2017-11-17T06:00:00Z
Leeds,2017,17-11-2017,07:00:00,68.83464,21.4,15.9,2017-11-17T07:00:00Z
Leeds,2017,17-11-2017,08:00:00,75.42134,24.5,19.2,2017-11-17T08:00:00Z
Leeds,2017,17-11-2017,09:00:00,64.45449,28.9,21,2017-11-17T09:00:00Z
Leeds,2017,17-11-2017,10:00:00,58.60789,27.3,16.6,2017-11-17T10:00:00Z
Leeds,2017,17-11-2017,11:00:00,61.72593,24.3,12.2,2017-11-17T11:00:00Z
Leeds,2017,17-11-2017,12:00:00,51.10885,15.8,5.4,2017-11-17T12:00:00Z
Leeds,2017,17-11-2017,13:00:00,51.64704,10.2,5.7,2017-11-17T13:00:00Z
Leeds,2017,17-11-2017,14:00:00,58.64035,24.6,5.1,2017-11-17T14:00:00Z
Leeds,2017,17-11-2017,15:00:00,61.75415,11.4,7.1,2017-11-17T15:00:00Z
Leeds,2017,17-11-2017,16:00:00,53.63844,13.8,4.2,2017-11-17T16:00:00Z
Leeds,2017,17-11-2017,17:00:00,59.25249,11.5,4.8,2017-11-17T17:00:00Z
Leeds,2017,17-11-2017,18:00:00,51.12992,12.5,6.9,2017-11-17T18:00:00Z
Leeds,2017,17-11-2017,19:00:00,63.43473,8.4,5,2017-11-17T19:00:00Z
Leeds,2017,17-11-2017,20:00:00,57.60065,14.1,9.7,2017-11-17T20:00:00Z
Leeds,2017,17-11-2017,21:00:00,49.045,15.2,7.3,2017-11-17T21:00:00Z
Leeds,2017,17-11-2017,22:00:00,33.27915,13.6,9.1,2017-11-17T22:00:00Z
Leeds,2017,17-11-2017,23:00:00,37.20939,11.4,9.3,2017-11-17T23:00:00Z
Leeds,2017,18-11-2017,00:00:00,28.28906,12.7,5.1,2017-11-18T00:00:00Z
Leeds,2017,18-11-2017,01:00:00,37.35372,11,3.7,2017-11-18T01:00:00Z
Leeds,2017,18-11-2017,02:00:00,17.55226,10.8,6.4,2017-11-18T02:00:00Z
Leeds,2017,18-11-2017,03:00:00,28.87606,6.8,2.3,2017-11-18T03:00:00Z
Leeds,2017,18-11-2017,04:00:00,32.30176,6,3.5,2017-11-18T04:00:00Z
Leeds,2017,18-11-2017,05:00:00,31.81028,7.2,4.2,2017-11-18T05:00:00Z
Leeds,2017,18-11-2017,06:00:00,41.83217,8,5.9,2017-11-18T06:00:00Z
Leeds,2017,18-11-2017,07:00:00,48.9893,7.8,2.3,2017-11-18T07:00:00Z
Leeds,2017,18-11-2017,08:00:00,40.52769,7.8,6,2017-11-18T08:00:00Z
Leeds,2017,18-11-2017,09:00:00,34.93773,10.5,4,2017-11-18T09:00:00Z
Leeds,2017,18-11-2017,10:00:00,30.45586,6.6,6,2017-11-18T10:00:00Z
Leeds,2017,18-11-2017,11:00:00,27.65585,6.3,3.8,2017-11-18T11:00:00Z
Leeds,2017,18-11-2017,12:00:00,27.78079,7,5.2,2017-11-18T12:00:00Z
Leeds,2017,18-11-2017,13:00:00,28.84071,7.3,4.5,2017-11-18T13:00:00Z
Leeds,2017,18-11-2017,14:00:00,36.80513,10.8,5.3,2017-11-18T14:00:00Z
Leeds,2017,18-11-2017,15:00:00,36.80572,12,7.5,2017-11-18T15:00:00Z
Leeds,2017,18-11-2017,16:00:00,47.57488,14.3,8.9,2017-11-18T16:00:00Z
Leeds,2017,18-11-2017,17:00:00,57.79611,16.4,7,2017-11-18T17:00:00Z
Leeds,2017,18-11-2017,18:00:00,52.20556,16.5,11.4,2017-11-18T18:00:00Z
Leeds,2017,18-11-2017,19:00:00,53.21435,12,10.9,2017-11-18T19:00:00Z
Leeds,2017,18-11-2017,20:00:00,55.09615,13.4,12.5,2017-11-18T20:00:00Z
Leeds,2017,18-11-2017,21:00:00,39.92134,14.3,10.3,2017-11-18T21:00:00Z
Leeds,2017,18-11-2017,22:00:00,33.01566,8.5,4.2,2017-11-18T22:00:00Z
Leeds,2017,18-11-2017,23:00:00,37.36608,11.5,8.4,2017-11-18T23:00:00Z
Leeds,2017,19-11-2017,00:00:00,34.99972,10.1,6,2017-11-19T00:00:00Z
Leeds,2017,19-11-2017,01:00:00,19.57232,8.6,4.9,2017-11-19T01:00:00Z
Leeds,2017,19-11-2017,02:00:00,22.88804,8.3,4.7,2017-11-19T02:00:00Z
Leeds,2017,19-11-2017,03:00:00,19.71608,8.5,4.3,2017-11-19T03:00:00Z
Leeds,2017,19-11-2017,04:00:00,15.23819,8.3,3,2017-11-19T04:00:00Z
Leeds,2017,19-11-2017,05:00:00,12.86992,7.3,3.5,2017-11-19T05:00:00Z
Leeds,2017,19-11-2017,06:00:00,18.09211,7.4,2.2,2017-11-19T06:00:00Z
Leeds,2017,19-11-2017,07:00:00,20.26808,8.1,3.5,2017-11-19T07:00:00Z
Leeds,2017,19-11-2017,08:00:00,23.38411,8.7,4.9,2017-11-19T08:00:00Z
Leeds,2017,19-11-2017,09:00:00,25.88101,10,2.2,2017-11-19T09:00:00Z
Leeds,2017,19-11-2017,10:00:00,29.61693,11.3,3.7,2017-11-19T10:00:00Z
Leeds,2017,19-11-2017,11:00:00,36.03722,14.9,4.3,2017-11-19T11:00:00Z
Leeds,2017,19-11-2017,12:00:00,31.98095,12.5,7.4,2017-11-19T12:00:00Z
Leeds,2017,19-11-2017,13:00:00,35.45881,16,8,2017-11-19T13:00:00Z
Leeds,2017,19-11-2017,14:00:00,42.91754,13.9,4.9,2017-11-19T14:00:00Z
Leeds,2017,19-11-2017,15:00:00,52.89918,17.2,9.2,2017-11-19T15:00:00Z
Leeds,2017,19-11-2017,16:00:00,69.72467,20.8,14.4,2017-11-19T16:00:00Z
Leeds,2017,19-11-2017,17:00:00,70.82323,23.2,17.1,2017-11-19T17:00:00Z
Leeds,2017,19-11-2017,18:00:00,75.33311,31.4,20,2017-11-19T18:00:00Z
Leeds,2017,19-11-2017,19:00:00,74.21759,33.5,19.7,2017-11-19T19:00:00Z
Leeds,2017,19-11-2017,20:00:00,75.52193,30.2,22.9,2017-11-19T20:00:00Z
Leeds,2017,19-11-2017,21:00:00,68.18766,30.4,22.7,2017-11-19T21:00:00Z
Leeds,2017,19-11-2017,22:00:00,61.19225,30.3,23.7,2017-11-19T22:00:00Z
Leeds,2017,19-11-2017,23:00:00,60.32041,30.2,21,2017-11-19T23:00:00Z
Leeds,2017,20-11-2017,00:00:00,52.08019,25.2,21.5,2017-11-20T00:00:00Z
Leeds,2017,20-11-2017,01:00:00,48.01293,24.9,17.6,2017-11-20T01:00:00Z
Leeds,2017,20-11-2017,02:00:00,45.48456,24.1,18.8,2017-11-20T02:00:00Z
Leeds,2017,20-11-2017,03:00:00,46.24121,24.6,20.8,2017-11-20T03:00:00Z
Leeds,2017,20-11-2017,04:00:00,46.75988,24.1,21.2,2017-11-20T04:00:00Z
Leeds,2017,20-11-2017,05:00:00,43.37763,13.3,13.7,2017-11-20T05:00:00Z
Leeds,2017,20-11-2017,06:00:00,54.64597,17.3,15.7,2017-11-20T06:00:00Z
Leeds,2017,20-11-2017,07:00:00,70.1608,22.3,17.6,2017-11-20T07:00:00Z
Leeds,2017,20-11-2017,08:00:00,76.77742,16.4,10.1,2017-11-20T08:00:00Z
Leeds,2017,20-11-2017,09:00:00,66.18092,9.4,8.6,2017-11-20T09:00:00Z
Leeds,2017,20-11-2017,10:00:00,75.75131,17.5,8.7,2017-11-20T10:00:00Z
Leeds,2017,20-11-2017,11:00:00,57.01072,10.7,4.6,2017-11-20T11:00:00Z
Leeds,2017,20-11-2017,12:00:00,52.40301,5.9,6.3,2017-11-20T12:00:00Z
Leeds,2017,20-11-2017,13:00:00,56.45598,6.6,3.9,2017-11-20T13:00:00Z
Leeds,2017,20-11-2017,14:00:00,45.62952,4.7,1.7,2017-11-20T14:00:00Z
Leeds,2017,20-11-2017,15:00:00,36.66504,3.9,4.5,2017-11-20T15:00:00Z
Leeds,2017,20-11-2017,16:00:00,49.59976,6.8,3.1,2017-11-20T16:00:00Z
Leeds,2017,20-11-2017,17:00:00,57.19062,7.2,6.1,2017-11-20T17:00:00Z
Leeds,2017,20-11-2017,18:00:00,45.73176,5.5,5.5,2017-11-20T18:00:00Z
Leeds,2017,20-11-2017,19:00:00,43.79099,6,3.9,2017-11-20T19:00:00Z
Leeds,2017,20-11-2017,20:00:00,56.23864,6.3,5.8,2017-11-20T20:00:00Z
Leeds,2017,20-11-2017,21:00:00,48.2656,10.7,6.7,2017-11-20T21:00:00Z
Leeds,2017,20-11-2017,22:00:00,37.99106,9.4,7.2,2017-11-20T22:00:00Z
Leeds,2017,20-11-2017,23:00:00,45.00874,11.2,8,2017-11-20T23:00:00Z
Leeds,2017,21-11-2017,00:00:00,35.30131,9.4,5.9,2017-11-21T00:00:00Z
Leeds,2017,21-11-2017,01:00:00,27.85369,8.2,4.8,2017-11-21T01:00:00Z
Leeds,2017,21-11-2017,02:00:00,30.00471,7.3,5.3,2017-11-21T02:00:00Z
Leeds,2017,21-11-2017,03:00:00,31.06657,6.8,6,2017-11-21T03:00:00Z
Leeds,2017,21-11-2017,04:00:00,35.03952,6.5,6.7,2017-11-21T04:00:00Z
Leeds,2017,21-11-2017,05:00:00,44.25328,6.5,8.3,2017-11-21T05:00:00Z
Leeds,2017,21-11-2017,06:00:00,44.42835,7.2,1.9,2017-11-21T06:00:00Z
Leeds,2017,21-11-2017,07:00:00,46.16044,3.2,2.1,2017-11-21T07:00:00Z
Leeds,2017,21-11-2017,08:00:00,57.10162,6.5,3,2017-11-21T08:00:00Z
Leeds,2017,21-11-2017,09:00:00,54.63769,11.3,6.1,2017-11-21T09:00:00Z
Leeds,2017,21-11-2017,10:00:00,50.50684,11.1,10.6,2017-11-21T10:00:00Z
Leeds,2017,21-11-2017,11:00:00,43.09494,16.6,11.4,2017-11-21T11:00:00Z
Leeds,2017,21-11-2017,12:00:00,43.97421,10.2,9.4,2017-11-21T12:00:00Z
Leeds,2017,21-11-2017,13:00:00,37.89057,10.1,8.1,2017-11-21T13:00:00Z
Leeds,2017,21-11-2017,14:00:00,40.93643,12.9,4.8,2017-11-21T14:00:00Z
Leeds,2017,21-11-2017,15:00:00,51.3952,15,9.1,2017-11-21T15:00:00Z
Leeds,2017,21-11-2017,16:00:00,54.4596,10.7,6.9,2017-11-21T16:00:00Z
Leeds,2017,21-11-2017,17:00:00,53.17907,10,4.7,2017-11-21T17:00:00Z
Leeds,2017,21-11-2017,18:00:00,46.65194,5.2,3.1,2017-11-21T18:00:00Z
Leeds,2017,21-11-2017,19:00:00,28.93284,5.7,6.6,2017-11-21T19:00:00Z
Leeds,2017,21-11-2017,20:00:00,22.90897,9.1,11.6,2017-11-21T20:00:00Z
Leeds,2017,21-11-2017,21:00:00,22.90934,10.2,6.7,2017-11-21T21:00:00Z
Leeds,2017,21-11-2017,22:00:00,17.61326,4.8,5.5,2017-11-21T22:00:00Z
Leeds,2017,21-11-2017,23:00:00,14.81949,5.3,7.8,2017-11-21T23:00:00Z
Leeds,2017,22-11-2017,00:00:00,12.71574,6.5,9.1,2017-11-22T00:00:00Z
Leeds,2017,22-11-2017,01:00:00,9.82584,7.5,7.9,2017-11-22T01:00:00Z
Leeds,2017,22-11-2017,02:00:00,7.30802,3.9,4.6,2017-11-22T02:00:00Z
Leeds,2017,22-11-2017,03:00:00,7.0599,2.5,3.7,2017-11-22T03:00:00Z
Leeds,2017,22-11-2017,04:00:00,15.29331,1.3,0.1,2017-11-22T04:00:00Z
Leeds,2017,22-11-2017,05:00:00,32.02706,1.7,3.4,2017-11-22T05:00:00Z
Leeds,2017,22-11-2017,06:00:00,18.40977,4.5,3.5,2017-11-22T06:00:00Z
Leeds,2017,22-11-2017,07:00:00,29.68056,6.9,8.8,2017-11-22T07:00:00Z
Leeds,2017,22-11-2017,08:00:00,38.72847,10.6,5.4,2017-11-22T08:00:00Z
Leeds,2017,22-11-2017,09:00:00,29.0761,17,10.9,2017-11-22T09:00:00Z
Leeds,2017,22-11-2017,10:00:00,24.49706,9.5,8.4,2017-11-22T10:00:00Z
Leeds,2017,22-11-2017,11:00:00,23.50046,14.3,11.2,2017-11-22T11:00:00Z
Leeds,2017,22-11-2017,12:00:00,19.65055,17.5,10.2,2017-11-22T12:00:00Z
Leeds,2017,22-11-2017,13:00:00,27.64587,21.5,12.9,2017-11-22T13:00:00Z
Leeds,2017,22-11-2017,14:00:00,30.80435,19.4,11.4,2017-11-22T14:00:00Z
Leeds,2017,22-11-2017,15:00:00,25.34677,17.7,9.8,2017-11-22T15:00:00Z
Leeds,2017,22-11-2017,16:00:00,30.61759,19.7,13.3,2017-11-22T16:00:00Z
Leeds,2017,22-11-2017,17:00:00,32.79881,14.1,5.5,2017-11-22T17:00:00Z
Leeds,2017,22-11-2017,18:00:00,29.18772,9.5,8.7,2017-11-22T18:00:00Z
Leeds,2017,22-11-2017,19:00:00,20.56879,13,10,2017-11-22T19:00:00Z
Leeds,2017,22-11-2017,20:00:00,15.36559,9.9,7.4,2017-11-22T20:00:00Z
Leeds,2017,22-11-2017,21:00:00,14.93447,9.1,7,2017-11-22T21:00:00Z
Leeds,2017,22-11-2017,22:00:00,13.44234,7.7,7.8,2017-11-22T22:00:00Z
Leeds,2017,22-11-2017,23:00:00,8.17743,3.3,3,2017-11-22T23:00:00Z
Leeds,2017,23-11-2017,00:00:00,6.10323,3.8,-1.1,2017-11-23T00:00:00Z
Leeds,2017,23-11-2017,01:00:00,10.47252,2.6,5.1,2017-11-23T01:00:00Z
Leeds,2017,23-11-2017,02:00:00,11.93755,2.8,4.8,2017-11-23T02:00:00Z
Leeds,2017,23-11-2017,03:00:00,10.20833,4.1,3.6,2017-11-23T03:00:00Z
Leeds,2017,23-11-2017,04:00:00,26.79699,0.6,-1.4,2017-11-23T04:00:00Z
Leeds,2017,23-11-2017,05:00:00,26.66898,1.2,1.6,2017-11-23T05:00:00Z
Leeds,2017,23-11-2017,06:00:00,29.41428,5.1,3.6,2017-11-23T06:00:00Z
Leeds,2017,23-11-2017,07:00:00,41.86773,5.4,3.6,2017-11-23T07:00:00Z
Leeds,2017,23-11-2017,08:00:00,61.16971,9.2,5,2017-11-23T08:00:00Z
Leeds,2017,23-11-2017,09:00:00,49.40246,14.6,6.3,2017-11-23T09:00:00Z
Leeds,2017,23-11-2017,10:00:00,36.88841,15.2,4.2,2017-11-23T10:00:00Z
Leeds,2017,23-11-2017,11:00:00,30.81651,12.4,6.3,2017-11-23T11:00:00Z
Leeds,2017,23-11-2017,12:00:00,29.37881,13.8,7.2,2017-11-23T12:00:00Z
Leeds,2017,23-11-2017,13:00:00,36.86067,9.6,7.5,2017-11-23T13:00:00Z
Leeds,2017,23-11-2017,14:00:00,42.49681,6.2,3.5,2017-11-23T14:00:00Z
Leeds,2017,23-11-2017,15:00:00,38.45978,7.2,5,2017-11-23T15:00:00Z
Leeds,2017,23-11-2017,16:00:00,47.56884,7.9,2.7,2017-11-23T16:00:00Z
Leeds,2017,23-11-2017,17:00:00,49.14643,8.7,8.1,2017-11-23T17:00:00Z
Leeds,2017,23-11-2017,18:00:00,52.85322,9.6,5.9,2017-11-23T18:00:00Z
Leeds,2017,23-11-2017,19:00:00,43.489,10.7,7.5,2017-11-23T19:00:00Z
Leeds,2017,23-11-2017,20:00:00,53.63899,10.9,5.6,2017-11-23T20:00:00Z
Leeds,2017,23-11-2017,21:00:00,50.22179,10.2,5.1,2017-11-23T21:00:00Z
Leeds,2017,23-11-2017,22:00:00,38.76804,7.5,4.7,2017-11-23T22:00:00Z
Leeds,2017,23-11-2017,23:00:00,63.77392,10.9,8,2017-11-23T23:00:00Z
Leeds,2017,24-11-2017,00:00:00,40.47203,9.2,3.7,2017-11-24T00:00:00Z
Leeds,2017,24-11-2017,01:00:00,31.55322,9.7,8.9,2017-11-24T01:00:00Z
Leeds,2017,24-11-2017,02:00:00,27.25004,7.8,4.7,2017-11-24T02:00:00Z
Leeds,2017,24-11-2017,03:00:00,21.68564,6.1,7,2017-11-24T03:00:00Z
Leeds,2017,24-11-2017,04:00:00,25.21003,8.1,4.4,2017-11-24T04:00:00Z
Leeds,2017,24-11-2017,05:00:00,44.049,5.7,3.4,2017-11-24T05:00:00Z
Leeds,2017,24-11-2017,06:00:00,65.15882,11,10.7,2017-11-24T06:00:00Z
Leeds,2017,24-11-2017,07:00:00,90.65265,14.6,11.1,2017-11-24T07:00:00Z
Leeds,2017,24-11-2017,08:00:00,89.82576,17.2,11.3,2017-11-24T08:00:00Z
Leeds,2017,24-11-2017,09:00:00,101.66218,27.4,15.1,2017-11-24T09:00:00Z
Leeds,2017,24-11-2017,10:00:00,72.3848,19.3,9.7,2017-11-24T10:00:00Z
Leeds,2017,24-11-2017,11:00:00,56.25597,20,6.2,2017-11-24T11:00:00Z
Leeds,2017,24-11-2017,12:00:00,54.29878,16.1,6.2,2017-11-24T12:00:00Z
Leeds,2017,24-11-2017,13:00:00,58.73423,16.9,9.5,2017-11-24T13:00:00Z
Leeds,2017,24-11-2017,14:00:00,56.04079,14.1,8.4,2017-11-24T14:00:00Z
Leeds,2017,24-11-2017,15:00:00,54.76776,15.8,4,2017-11-24T15:00:00Z
Leeds,2017,24-11-2017,16:00:00,75.21329,20.1,8.8,2017-11-24T16:00:00Z
Leeds,2017,24-11-2017,17:00:00,54.66617,13.1,3.7,2017-11-24T17:00:00Z
Leeds,2017,24-11-2017,18:00:00,72.17861,5.1,5.2,2017-11-24T18:00:00Z
Leeds,2017,24-11-2017,19:00:00,70.37296,9,10.2,2017-11-24T19:00:00Z
Leeds,2017,24-11-2017,20:00:00,48.203360000000004,6.5,4.3,2017-11-24T20:00:00Z
Leeds,2017,24-11-2017,21:00:00,53.87598,8.2,7.1,2017-11-24T21:00:00Z
Leeds,2017,24-11-2017,22:00:00,50.14916,9.1,8.1,2017-11-24T22:00:00Z
Leeds,2017,24-11-2017,23:00:00,55.42925,9,7.4,2017-11-24T23:00:00Z
Leeds,2017,25-11-2017,00:00:00,67.66055,15.6,12.3,2017-11-25T00:00:00Z
Leeds,2017,25-11-2017,01:00:00,55.76723,11.7,10.7,2017-11-25T01:00:00Z
Leeds,2017,25-11-2017,02:00:00,49.02728,14.2,12,2017-11-25T02:00:00Z
Leeds,2017,25-11-2017,03:00:00,38.2689,8.6,6.8,2017-11-25T03:00:00Z
Leeds,2017,25-11-2017,04:00:00,33.89192,8.5,5.2,2017-11-25T04:00:00Z
Leeds,2017,25-11-2017,05:00:00,39.8468,11,8.1,2017-11-25T05:00:00Z
Leeds,2017,25-11-2017,06:00:00,32.85382,5.6,3.3,2017-11-25T06:00:00Z
Leeds,2017,25-11-2017,07:00:00,37.98114,3.3,1.2,2017-11-25T07:00:00Z
Leeds,2017,25-11-2017,08:00:00,41.89306,4.6,3.6,2017-11-25T08:00:00Z
Leeds,2017,25-11-2017,09:00:00,52.73678,7.6,5,2017-11-25T09:00:00Z
Leeds,2017,25-11-2017,10:00:00,48.0335,4.9,4.9,2017-11-25T10:00:00Z
Leeds,2017,25-11-2017,11:00:00,46.99011,9.4,3.8,2017-11-25T11:00:00Z
Leeds,2017,25-11-2017,12:00:00,49.89652,4.2,6.6,2017-11-25T12:00:00Z
Leeds,2017,25-11-2017,13:00:00,39.26085,6.7,1.6,2017-11-25T13:00:00Z
Leeds,2017,25-11-2017,14:00:00,52.98072,5.4,3,2017-11-25T14:00:00Z
Leeds,2017,25-11-2017,15:00:00,44.60813,8.3,5.9,2017-11-25T15:00:00Z
Leeds,2017,25-11-2017,16:00:00,43.9251,8.7,5.8,2017-11-25T16:00:00Z
Leeds,2017,25-11-2017,17:00:00,54.25928,7,6.2,2017-11-25T17:00:00Z
Leeds,2017,25-11-2017,18:00:00,42.94952,8.7,4.4,2017-11-25T18:00:00Z
Leeds,2017,25-11-2017,19:00:00,27.563110000000002,8.1,3.3,2017-11-25T19:00:00Z
Leeds,2017,25-11-2017,20:00:00,34.72362,6.8,5.8,2017-11-25T20:00:00Z
Leeds,2017,25-11-2017,21:00:00,47.38025,7.5,4.3,2017-11-25T21:00:00Z
Leeds,2017,25-11-2017,22:00:00,43.42383,6.4,1.9,2017-11-25T22:00:00Z
Leeds,2017,25-11-2017,23:00:00,46.5072,8.9,7.7,2017-11-25T23:00:00Z
Leeds,2017,26-11-2017,00:00:00,36.5274,8.9,3.6,2017-11-26T00:00:00Z
Leeds,2017,26-11-2017,01:00:00,19.74252,7.7,2.9,2017-11-26T01:00:00Z
Leeds,2017,26-11-2017,02:00:00,36.96124,5.4,3.4,2017-11-26T02:00:00Z
Leeds,2017,26-11-2017,03:00:00,14.68848,9.2,5.7,2017-11-26T03:00:00Z
Leeds,2017,26-11-2017,04:00:00,23.5019,6,1.6,2017-11-26T04:00:00Z
Leeds,2017,26-11-2017,05:00:00,21.71,5,2.9,2017-11-26T05:00:00Z
Leeds,2017,26-11-2017,06:00:00,37.39498,5.7,2.5,2017-11-26T06:00:00Z
Leeds,2017,26-11-2017,07:00:00,41.41958,7.5,3.2,2017-11-26T07:00:00Z
Leeds,2017,26-11-2017,08:00:00,35.59359,6.2,2.3,2017-11-26T08:00:00Z
Leeds,2017,26-11-2017,09:00:00,39.18173,6.8,3.2,2017-11-26T09:00:00Z
Leeds,2017,26-11-2017,10:00:00,37.88743,6.5,3.4,2017-11-26T10:00:00Z
Leeds,2017,26-11-2017,11:00:00,43.01665,4.9,3.8,2017-11-26T11:00:00Z
Leeds,2017,26-11-2017,12:00:00,47.63782,8.5,3.7,2017-11-26T12:00:00Z
Leeds,2017,26-11-2017,13:00:00,55.04207,10.3,3.6,2017-11-26T13:00:00Z
Leeds,2017,26-11-2017,14:00:00,53.42457,7.3,4.1,2017-11-26T14:00:00Z
Leeds,2017,26-11-2017,15:00:00,44.78138,5.5,3.1,2017-11-26T15:00:00Z
Leeds,2017,26-11-2017,16:00:00,69.21831,9.4,8.4,2017-11-26T16:00:00Z
Leeds,2017,26-11-2017,17:00:00,72.25655,14.1,13.7,2017-11-26T17:00:00Z
Leeds,2017,26-11-2017,18:00:00,59.09031,11.8,7.8,2017-11-26T18:00:00Z
Leeds,2017,26-11-2017,19:00:00,49.85236,12.7,7.1,2017-11-26T19:00:00Z
Leeds,2017,26-11-2017,20:00:00,49.58257,11.6,10.4,2017-11-26T20:00:00Z
Leeds,2017,26-11-2017,21:00:00,47.24029,14.6,12.9,2017-11-26T21:00:00Z
Leeds,2017,26-11-2017,22:00:00,22.99706,4.8,6.3,2017-11-26T22:00:00Z
Leeds,2017,26-11-2017,23:00:00,14.36383,3.8,1.3,2017-11-26T23:00:00Z
Leeds,2017,27-11-2017,00:00:00,10.01682,2.6,4.9,2017-11-27T00:00:00Z
Leeds,2017,27-11-2017,01:00:00,8.37471,1.4,-1.2,2017-11-27T01:00:00Z
Leeds,2017,27-11-2017,02:00:00,20.87746,4.4,2.3,2017-11-27T02:00:00Z
Leeds,2017,27-11-2017,03:00:00,31.78116,11.6,4.7,2017-11-27T03:00:00Z
Leeds,2017,27-11-2017,04:00:00,23.03336,7.2,4.7,2017-11-27T04:00:00Z
Leeds,2017,27-11-2017,05:00:00,41.51951,4.3,2.4,2017-11-27T05:00:00Z
Leeds,2017,27-11-2017,06:00:00,46.41274,8.2,5,2017-11-27T06:00:00Z
Leeds,2017,27-11-2017,07:00:00,55.54686,10.5,7.2,2017-11-27T07:00:00Z
Leeds,2017,27-11-2017,08:00:00,66.45696,11.5,6.6,2017-11-27T08:00:00Z
Leeds,2017,27-11-2017,09:00:00,67.89319,11,6.5,2017-11-27T09:00:00Z
Leeds,2017,27-11-2017,10:00:00,63.88007,18.4,7.1,2017-11-27T10:00:00Z
Leeds,2017,27-11-2017,11:00:00,48.95246,16.1,8.5,2017-11-27T11:00:00Z
Leeds,2017,27-11-2017,12:00:00,50.98964,10.8,4.9,2017-11-27T12:00:00Z
Leeds,2017,27-11-2017,13:00:00,49.20787,31.1,8.3,2017-11-27T13:00:00Z
Leeds,2017,27-11-2017,14:00:00,49.63465,18.4,3.8,2017-11-27T14:00:00Z
Leeds,2017,27-11-2017,15:00:00,55.91865,8.5,5.3,2017-11-27T15:00:00Z
Leeds,2017,27-11-2017,16:00:00,39.64089,9.8,1.8,2017-11-27T16:00:00Z
Leeds,2017,27-11-2017,17:00:00,50.30465,6.7,5.5,2017-11-27T17:00:00Z
Leeds,2017,27-11-2017,18:00:00,38.82217,5.1,4.4,2017-11-27T18:00:00Z
Leeds,2017,27-11-2017,19:00:00,54.54506,5.7,0.8,2017-11-27T19:00:00Z
Leeds,2017,27-11-2017,20:00:00,41.77898,11,3.6,2017-11-27T20:00:00Z
Leeds,2017,27-11-2017,21:00:00,38.69548,11,4.8,2017-11-27T21:00:00Z
Leeds,2017,27-11-2017,22:00:00,25.01352,11.6,6.6,2017-11-27T22:00:00Z
Leeds,2017,27-11-2017,23:00:00,21.49763,7.5,4.6,2017-11-27T23:00:00Z
Leeds,2017,28-11-2017,00:00:00,16.81647,5.5,3.5,2017-11-28T00:00:00Z
Leeds,2017,28-11-2017,01:00:00,15.17744,5.7,4.9,2017-11-28T01:00:00Z
Leeds,2017,28-11-2017,02:00:00,15.99412,3.1,2.3,2017-11-28T02:00:00Z
Leeds,2017,28-11-2017,03:00:00,15.3174,3.3,4.4,2017-11-28T03:00:00Z
Leeds,2017,28-11-2017,04:00:00,13.10524,3.2,2.7,2017-11-28T04:00:00Z
Leeds,2017,28-11-2017,05:00:00,18.45933,3.3,0.6,2017-11-28T05:00:00Z
Leeds,2017,28-11-2017,06:00:00,32.08067,2.6,3.8,2017-11-28T06:00:00Z
Leeds,2017,28-11-2017,07:00:00,56.14269,3.7,5.8,2017-11-28T07:00:00Z
Leeds,2017,28-11-2017,08:00:00,60.65095,6.2,4.1,2017-11-28T08:00:00Z
Leeds,2017,28-11-2017,09:00:00,49.52744,16.4,4.8,2017-11-28T09:00:00Z
Leeds,2017,28-11-2017,10:00:00,46.66165,10.1,3.3,2017-11-28T10:00:00Z
Leeds,2017,28-11-2017,11:00:00,33.70991,8.3,5,2017-11-28T11:00:00Z
Leeds,2017,28-11-2017,12:00:00,36.7858,18.9,4.7,2017-11-28T12:00:00Z
Leeds,2017,28-11-2017,13:00:00,33.33117,7.5,5.3,2017-11-28T13:00:00Z
Leeds,2017,28-11-2017,14:00:00,33.63644,6.8,6.1,2017-11-28T14:00:00Z
Leeds,2017,28-11-2017,15:00:00,33.70475,7.7,3.5,2017-11-28T15:00:00Z
Leeds,2017,28-11-2017,16:00:00,43.13629,7.4,5.7,2017-11-28T16:00:00Z
Leeds,2017,28-11-2017,17:00:00,43.91943,9.4,5.5,2017-11-28T17:00:00Z
Leeds,2017,28-11-2017,18:00:00,34.98305,10.4,6.4,2017-11-28T18:00:00Z
Leeds,2017,28-11-2017,19:00:00,26.48279,7.5,3.5,2017-11-28T19:00:00Z
Leeds,2017,28-11-2017,20:00:00,22.5972,6,4.6,2017-11-28T20:00:00Z
Leeds,2017,28-11-2017,21:00:00,13.11343,5.3,0.2,2017-11-28T21:00:00Z
Leeds,2017,28-11-2017,22:00:00,13.54454,8.1,4.7,2017-11-28T22:00:00Z
Leeds,2017,28-11-2017,23:00:00,8.18453,6.3,2.7,2017-11-28T23:00:00Z
Leeds,2017,29-11-2017,00:00:00,8.76984,3.4,0,2017-11-29T00:00:00Z
Leeds,2017,29-11-2017,01:00:00,4.58756,3.8,1.8,2017-11-29T01:00:00Z
Leeds,2017,29-11-2017,02:00:00,4.9161,4.4,3.8,2017-11-29T02:00:00Z
Leeds,2017,29-11-2017,03:00:00,4.11705,2.4,0.4,2017-11-29T03:00:00Z
Leeds,2017,29-11-2017,04:00:00,4.66988,5.2,2.2,2017-11-29T04:00:00Z
Leeds,2017,29-11-2017,05:00:00,9.89582,4.1,1.8,2017-11-29T05:00:00Z
Leeds,2017,29-11-2017,06:00:00,23.98157,2.6,4.5,2017-11-29T06:00:00Z
Leeds,2017,29-11-2017,07:00:00,37.14883,3.7,0.6,2017-11-29T07:00:00Z
Leeds,2017,29-11-2017,08:00:00,43.06645,4.1,1.2,2017-11-29T08:00:00Z
Leeds,2017,29-11-2017,09:00:00,42.46178,4,3.1,2017-11-29T09:00:00Z
Leeds,2017,29-11-2017,10:00:00,36.11665,3.9,1.8,2017-11-29T10:00:00Z
Leeds,2017,29-11-2017,11:00:00,36.67227,1.9,0.2,2017-11-29T11:00:00Z
Leeds,2017,29-11-2017,12:00:00,35.86895,3.7,4,2017-11-29T12:00:00Z
Leeds,2017,29-11-2017,13:00:00,32.9172,4.2,5.2,2017-11-29T13:00:00Z
Leeds,2017,29-11-2017,14:00:00,34.75682,5.4,4.3,2017-11-29T14:00:00Z
Leeds,2017,29-11-2017,15:00:00,45.34153,9.4,7,2017-11-29T15:00:00Z
Leeds,2017,29-11-2017,16:00:00,50.08738,12,7.7,2017-11-29T16:00:00Z
Leeds,2017,29-11-2017,17:00:00,63.87211,13.3,6.5,2017-11-29T17:00:00Z
Leeds,2017,29-11-2017,18:00:00,52.40032,16.1,7.5,2017-11-29T18:00:00Z
Leeds,2017,29-11-2017,19:00:00,47.66727,16.3,5.7,2017-11-29T19:00:00Z
Leeds,2017,29-11-2017,20:00:00,45.87346,14.1,6,2017-11-29T20:00:00Z
Leeds,2017,29-11-2017,21:00:00,32.45777,14.1,3.9,2017-11-29T21:00:00Z
Leeds,2017,29-11-2017,22:00:00,25.76007,8.7,4,2017-11-29T22:00:00Z
Leeds,2017,29-11-2017,23:00:00,20.59216,7.6,0,2017-11-29T23:00:00Z
Leeds,2017,30-11-2017,00:00:00,15.88299,5.6,3.9,2017-11-30T00:00:00Z
Leeds,2017,30-11-2017,01:00:00,11.29386,5.1,2.6,2017-11-30T01:00:00Z
Leeds,2017,30-11-2017,02:00:00,18.78454,4.1,1.3,2017-11-30T02:00:00Z
Leeds,2017,30-11-2017,03:00:00,20.20261,3.3,2.7,2017-11-30T03:00:00Z
Leeds,2017,30-11-2017,04:00:00,12.40025,3.2,4.2,2017-11-30T04:00:00Z
Leeds,2017,30-11-2017,05:00:00,13.44459,3.5,2.8,2017-11-30T05:00:00Z
Leeds,2017,30-11-2017,06:00:00,32.91968,7,1.2,2017-11-30T06:00:00Z
Leeds,2017,30-11-2017,07:00:00,35.50235,10.5,2.5,2017-11-30T07:00:00Z
Leeds,2017,30-11-2017,08:00:00,38.46603,9.1,2.6,2017-11-30T08:00:00Z
Leeds,2017,30-11-2017,09:00:00,39.87841,9.5,3.6,2017-11-30T09:00:00Z
Leeds,2017,30-11-2017,10:00:00,29.31121,14.7,2.7,2017-11-30T10:00:00Z
Leeds,2017,30-11-2017,11:00:00,32.1886,17,2.5,2017-11-30T11:00:00Z
Leeds,2017,30-11-2017,12:00:00,26.78959,18.3,5.6,2017-11-30T12:00:00Z
Leeds,2017,30-11-2017,13:00:00,28.94175,15.3,4.6,2017-11-30T13:00:00Z
Leeds,2017,30-11-2017,14:00:00,32.43724,12.7,3.9,2017-11-30T14:00:00Z
Leeds,2017,30-11-2017,15:00:00,34.96584,8.1,4.9,2017-11-30T15:00:00Z
Leeds,2017,30-11-2017,16:00:00,38.03651,4.9,5.3,2017-11-30T16:00:00Z
Leeds,2017,30-11-2017,17:00:00,36.92827,6.9,1.5,2017-11-30T17:00:00Z
Leeds,2017,30-11-2017,18:00:00,37.35651,5.2,6.1,2017-11-30T18:00:00Z
Leeds,2017,30-11-2017,19:00:00,24.39493,2,3.5,2017-11-30T19:00:00Z
Leeds,2017,30-11-2017,20:00:00,21.00402,4.3,2.6,2017-11-30T20:00:00Z
Leeds,2017,30-11-2017,21:00:00,13.63502,5.7,0.8,2017-11-30T21:00:00Z
Leeds,2017,30-11-2017,22:00:00,13.94414,3.1,-1.2,2017-11-30T22:00:00Z
Leeds,2017,30-11-2017,23:00:00,18.25372,3.2,3.4,2017-11-30T23:00:00Z
Leeds,2018,01-11-2018,00:00:00,0,13.02836673,4.589286718,2018-11-01T00:00:00Z
Leeds,2018,01-11-2018,01:00:00,0,22.80962546,20.68352387,2018-11-01T01:00:00Z
Leeds,2018,01-11-2018,02:00:00,17.52908443,36.01551603,19.54591611,2018-11-01T02:00:00Z
Leeds,2018,01-11-2018,03:00:00,3.43269311,0,0,2018-11-01T03:00:00Z
Leeds,2018,01-11-2018,04:00:00,1.008491579,0,1.701948554,2018-11-01T04:00:00Z
Leeds,2018,01-11-2018,05:00:00,11.23380049,23.1557153,18.57883924,2018-11-01T05:00:00Z
Leeds,2018,01-11-2018,06:00:00,9.675189534,29.68579299,21.88409495,2018-11-01T06:00:00Z
Leeds,2018,01-11-2018,07:00:00,9.202475693,0,2.873421368,2018-11-01T07:00:00Z
Leeds,2018,01-11-2018,08:00:00,13.48783598,27.86827741,29.49259974,2018-11-01T08:00:00Z
Leeds,2018,01-11-2018,09:00:00,10.22702203,17.69902166,8.135751954,2018-11-01T09:00:00Z
Leeds,2018,01-11-2018,10:00:00,2.045931974,0,0,2018-11-01T10:00:00Z
Leeds,2018,01-11-2018,11:00:00,16.40251813,30.2491037,25.61106844,2018-11-01T11:00:00Z
Leeds,2018,01-11-2018,12:00:00,8.361380703,27.30254036,11.03019645,2018-11-01T12:00:00Z
Leeds,2018,01-11-2018,13:00:00,5.950391592,22.20995803,18.56946846,2018-11-01T13:00:00Z
Leeds,2018,01-11-2018,14:00:00,8.815313808,0,0,2018-11-01T14:00:00Z
Leeds,2018,01-11-2018,15:00:00,11.86308685,25.91003177,19.35075189,2018-11-01T15:00:00Z
Leeds,2018,01-11-2018,16:00:00,9.665167583,0,5.074033303,2018-11-01T16:00:00Z
Leeds,2018,01-11-2018,17:00:00,9.817382388,16.55828316,21.66291379,2018-11-01T17:00:00Z
Leeds,2018,01-11-2018,18:00:00,0,0,4.233408475,2018-11-01T18:00:00Z
Leeds,2018,01-11-2018,19:00:00,4.309368072,19.27097209,28.24437433,2018-11-01T19:00:00Z
Leeds,2018,01-11-2018,20:00:00,0,21.56880889,17.1962299,2018-11-01T20:00:00Z
Leeds,2018,01-11-2018,21:00:00,2.541181967,30.64222921,9.84420467,2018-11-01T21:00:00Z
Leeds,2018,01-11-2018,22:00:00,11.03927859,15.30390714,16.7263372,2018-11-01T22:00:00Z
Leeds,2018,01-11-2018,23:00:00,8.697172002,23.89760255,20.53046516,2018-11-01T23:00:00Z
Leeds,2018,02-11-2018,00:00:00,1.646545643,10.92318169,16.36584644,2018-11-02T00:00:00Z
Leeds,2018,02-11-2018,01:00:00,14.20436203,37.45472559,22.25278944,2018-11-02T01:00:00Z
Leeds,2018,02-11-2018,02:00:00,6.477669739,9.83486402,8.840394787,2018-11-02T02:00:00Z
Leeds,2018,02-11-2018,03:00:00,11.22014742,44.85443981,20.30597331,2018-11-02T03:00:00Z
Leeds,2018,02-11-2018,04:00:00,3.960368624,21.46006879,8.275503334,2018-11-02T04:00:00Z
Leeds,2018,02-11-2018,05:00:00,6.38306716,3.30010363,14.07423407,2018-11-02T05:00:00Z
Leeds,2018,02-11-2018,06:00:00,10.20913143,33.88571873,20.18991646,2018-11-02T06:00:00Z
Leeds,2018,02-11-2018,07:00:00,9.188391253,21.1901586,21.12143092,2018-11-02T07:00:00Z
Leeds,2018,02-11-2018,08:00:00,16.17530608,21.24316418,8.891289706,2018-11-02T08:00:00Z
Leeds,2018,02-11-2018,09:00:00,6.182164441,16.50417068,15.61230238,2018-11-02T09:00:00Z
Leeds,2018,02-11-2018,10:00:00,12.10108582,22.23764809,20.27794936,2018-11-02T10:00:00Z
Leeds,2018,02-11-2018,11:00:00,7.861408503,25.05619878,13.02965164,2018-11-02T11:00:00Z
Leeds,2018,02-11-2018,12:00:00,0,8.695801005,8.617360835,2018-11-02T12:00:00Z
Leeds,2018,02-11-2018,13:00:00,6.156057952,9.165490676,0,2018-11-02T13:00:00Z
Leeds,2018,02-11-2018,14:00:00,3.344518382,55.40948199,20.75278116,2018-11-02T14:00:00Z
Leeds,2018,02-11-2018,15:00:00,10.01310648,22.07620459,20.04028594,2018-11-02T15:00:00Z
Leeds,2018,02-11-2018,16:00:00,6.983918396,16.38313221,10.12236419,2018-11-02T16:00:00Z
Leeds,2018,02-11-2018,17:00:00,10.60384018,13.661811,1.217360968,2018-11-02T17:00:00Z
Leeds,2018,02-11-2018,18:00:00,0.090850407,10.89932972,18.31846588,2018-11-02T18:00:00Z
Leeds,2018,02-11-2018,19:00:00,16.4974664,21.01158954,14.50241601,2018-11-02T19:00:00Z
Leeds,2018,02-11-2018,20:00:00,10.48656237,17.62978523,8.2417942,2018-11-02T20:00:00Z
Leeds,2018,02-11-2018,21:00:00,20.31200421,18.93454808,16.58693745,2018-11-02T21:00:00Z
Leeds,2018,02-11-2018,22:00:00,15.77607548,34.01252185,20.39094434,2018-11-02T22:00:00Z
Leeds,2018,02-11-2018,23:00:00,7.858341197,26.57266832,19.88536904,2018-11-02T23:00:00Z
Leeds,2018,03-11-2018,00:00:00,16.02351551,19.1050567,20.53894319,2018-11-03T00:00:00Z
Leeds,2018,03-11-2018,01:00:00,2.681001162,8.44602412,18.85324033,2018-11-03T01:00:00Z
Leeds,2018,03-11-2018,02:00:00,7.578446328,35.49265975,17.14547302,2018-11-03T02:00:00Z
Leeds,2018,03-11-2018,03:00:00,4.910061609,32.12851756,15.8946498,2018-11-03T03:00:00Z
Leeds,2018,03-11-2018,04:00:00,0.487802308,0,6.416009464,2018-11-03T04:00:00Z
Leeds,2018,03-11-2018,05:00:00,1.498443473,28.67615846,9.671527596,2018-11-03T05:00:00Z
Leeds,2018,03-11-2018,06:00:00,4.436703124,30.64441562,10.05371614,2018-11-03T06:00:00Z
Leeds,2018,03-11-2018,07:00:00,22.12955636,25.40870515,15.73003668,2018-11-03T07:00:00Z
Leeds,2018,03-11-2018,08:00:00,4.69866034,27.8176102,23.62558176,2018-11-03T08:00:00Z
Leeds,2018,03-11-2018,09:00:00,1.559491445,8.079294035,6.214785255,2018-11-03T09:00:00Z
Leeds,2018,03-11-2018,10:00:00,9.540621923,26.02526315,13.54826538,2018-11-03T10:00:00Z
Leeds,2018,03-11-2018,11:00:00,11.51901117,31.74033329,27.71497438,2018-11-03T11:00:00Z
Leeds,2018,03-11-2018,12:00:00,1.03478289,23.89720904,17.44395122,2018-11-03T12:00:00Z
Leeds,2018,03-11-2018,13:00:00,11.68671272,18.12020901,9.166700227,2018-11-03T13:00:00Z
Leeds,2018,03-11-2018,14:00:00,10.3076918,25.0939281,8.738964469,2018-11-03T14:00:00Z
Leeds,2018,03-11-2018,15:00:00,0.758066201,0,4.625461175,2018-11-03T15:00:00Z
Leeds,2018,03-11-2018,16:00:00,12.6324833,21.32670682,14.01779706,2018-11-03T16:00:00Z
Leeds,2018,03-11-2018,17:00:00,23.4014238,30.70300042,25.09706227,2018-11-03T17:00:00Z
Leeds,2018,03-11-2018,18:00:00,3.232621334,20.2955057,13.09767015,2018-11-03T18:00:00Z
Leeds,2018,03-11-2018,19:00:00,9.014864487,13.30062248,20.70211629,2018-11-03T19:00:00Z
Leeds,2018,03-11-2018,20:00:00,13.40755189,9.302588897,14.95623829,2018-11-03T20:00:00Z
Leeds,2018,03-11-2018,21:00:00,15.57090755,44.17675766,30.63577195,2018-11-03T21:00:00Z
Leeds,2018,03-11-2018,22:00:00,10.15124378,9.776628157,3.567353993,2018-11-03T22:00:00Z
Leeds,2018,03-11-2018,23:00:00,8.009091123,39.54966851,18.47192142,2018-11-03T23:00:00Z
Leeds,2018,04-11-2018,00:00:00,10.17024397,24.5160494,17.96884864,2018-11-04T00:00:00Z
Leeds,2018,04-11-2018,01:00:00,8.146214345,11.50425097,13.59155533,2018-11-04T01:00:00Z
Leeds,2018,04-11-2018,02:00:00,0,9.185851497,10.37261345,2018-11-04T02:00:00Z
Leeds,2018,04-11-2018,03:00:00,3.932942615,7.647553941,18.44857785,2018-11-04T03:00:00Z
Leeds,2018,04-11-2018,04:00:00,7.73650972,35.2590512,25.68176443,2018-11-04T04:00:00Z
Leeds,2018,04-11-2018,05:00:00,0,0,0,2018-11-04T05:00:00Z
Leeds,2018,04-11-2018,06:00:00,16.13774297,17.75492673,23.40893652,2018-11-04T06:00:00Z
Leeds,2018,04-11-2018,07:00:00,5.337869391,10.73436583,18.25561949,2018-11-04T07:00:00Z
Leeds,2018,04-11-2018,08:00:00,2.54850447,4.078053089,0.42014368,2018-11-04T08:00:00Z
Leeds,2018,04-11-2018,09:00:00,18.37788727,0,0,2018-11-04T09:00:00Z
Leeds,2018,04-11-2018,10:00:00,25.83233836,56.05321371,35.84946514,2018-11-04T10:00:00Z
Leeds,2018,04-11-2018,11:00:00,0.275048565,16.74363459,15.05509744,2018-11-04T11:00:00Z
Leeds,2018,04-11-2018,12:00:00,2.228489981,3.034576527,0,2018-11-04T12:00:00Z
Leeds,2018,04-11-2018,13:00:00,14.693245,41.61428527,40.18751916,2018-11-04T13:00:00Z
Leeds,2018,04-11-2018,14:00:00,16.96636084,20.31409498,18.97942765,2018-11-04T14:00:00Z
Leeds,2018,04-11-2018,15:00:00,0,0,9.939709852,2018-11-04T15:00:00Z
Leeds,2018,04-11-2018,16:00:00,2.786720515,5.903987444,18.73853115,2018-11-04T16:00:00Z
Leeds,2018,04-11-2018,17:00:00,10.60735107,23.96208049,22.611909699999998,2018-11-04T17:00:00Z
Leeds,2018,04-11-2018,18:00:00,9.985098531,19.23934912,14.15107598,2018-11-04T18:00:00Z
Leeds,2018,04-11-2018,19:00:00,7.001153485,27.05379301,12.44360376,2018-11-04T19:00:00Z
Leeds,2018,04-11-2018,20:00:00,4.552580687,24.54122669,19.95015015,2018-11-04T20:00:00Z
Leeds,2018,04-11-2018,21:00:00,15.71748595,38.41066186,22.72115969,2018-11-04T21:00:00Z
Leeds,2018,04-11-2018,22:00:00,5.001725913,9.156018472,2.687382074,2018-11-04T22:00:00Z
Leeds,2018,04-11-2018,23:00:00,16.46331626,39.29355194,26.29129373,2018-11-04T23:00:00Z
Leeds,2018,05-11-2018,00:00:00,46.86055323,101.1443985,80.57708224,2018-11-05T00:00:00Z
Leeds,2018,05-11-2018,01:00:00,43.76986411,152.1739907,119.5917483,2018-11-05T01:00:00Z
Leeds,2018,05-11-2018,02:00:00,41.11373327,78.63527376,77.46952145,2018-11-05T02:00:00Z
Leeds,2018,05-11-2018,03:00:00,46.85519016,160.4534076,124.3154858,2018-11-05T03:00:00Z
Leeds,2018,05-11-2018,04:00:00,20.15712554,76.26781555,57.88847467,2018-11-05T04:00:00Z
Leeds,2018,05-11-2018,05:00:00,32.84172399,96.15984662,72.58340275,2018-11-05T05:00:00Z
Leeds,2018,05-11-2018,06:00:00,26.75018628,52.35572681,52.10646907,2018-11-05T06:00:00Z
Leeds,2018,05-11-2018,07:00:00,78.41121989,165.324234,129.0772231,2018-11-05T07:00:00Z
Leeds,2018,05-11-2018,08:00:00,48.30402871,112.9884224,86.45774608,2018-11-05T08:00:00Z
Leeds,2018,05-11-2018,09:00:00,45.19677696,127.6031583,104.8185963,2018-11-05T09:00:00Z
Leeds,2018,05-11-2018,10:00:00,49.93751366,134.1416239,116.9377829,2018-11-05T10:00:00Z
Leeds,2018,05-11-2018,11:00:00,68.2247852,139.8296026,121.4984173,2018-11-05T11:00:00Z
Leeds,2018,05-11-2018,12:00:00,50.99357224,101.6188385,64.75292632,2018-11-05T12:00:00Z
Leeds,2018,05-11-2018,13:00:00,43.08806377,93.88101371,68.88332102,2018-11-05T13:00:00Z
Leeds,2018,05-11-2018,14:00:00,52.95683719,159.578499,118.1235706,2018-11-05T14:00:00Z
Leeds,2018,05-11-2018,15:00:00,45.40734193,123.4634512,84.53126491,2018-11-05T15:00:00Z
Leeds,2018,05-11-2018,16:00:00,35.76784541,59.49357872,63.97177532,2018-11-05T16:00:00Z
Leeds,2018,05-11-2018,17:00:00,53.82225568,125.1527112,91.88840388,2018-11-05T17:00:00Z
Leeds,2018,05-11-2018,18:00:00,35.62841425,108.806406,74.44491538,2018-11-05T18:00:00Z
Leeds,2018,05-11-2018,19:00:00,51.47484993,111.9863037,87.5945355,2018-11-05T19:00:00Z
Leeds,2018,05-11-2018,20:00:00,90.77928733,169.9847405,138.9649434,2018-11-05T20:00:00Z
Leeds,2018,05-11-2018,21:00:00,38.7519693,71.53052749,57.615567,2018-11-05T21:00:00Z
Leeds,2018,05-11-2018,22:00:00,25.87939549,77.70945474,67.97561183,2018-11-05T22:00:00Z
Leeds,2018,05-11-2018,23:00:00,40.47556895,97.11720957,79.67849721,2018-11-05T23:00:00Z
Leeds,2018,06-11-2018,00:00:00,15.49026953,45.21490763,40.37655584,2018-11-06T00:00:00Z
Leeds,2018,06-11-2018,01:00:00,10.63445086,21.13630652,13.2019208,2018-11-06T01:00:00Z
Leeds,2018,06-11-2018,02:00:00,7.094993943,34.17166976,12.87733331,2018-11-06T02:00:00Z
Leeds,2018,06-11-2018,03:00:00,9.057617677,43.40728307,19.16027376,2018-11-06T03:00:00Z
Leeds,2018,06-11-2018,04:00:00,10.49024302,24.43058189,19.766631,2018-11-06T04:00:00Z
Leeds,2018,06-11-2018,05:00:00,8.963017615,29.98577409,16.29531791,2018-11-06T05:00:00Z
Leeds,2018,06-11-2018,06:00:00,4.764806351,18.88084016,21.30152138,2018-11-06T06:00:00Z
Leeds,2018,06-11-2018,07:00:00,22.81944759,59.14252256,26.70576688,2018-11-06T07:00:00Z
Leeds,2018,06-11-2018,08:00:00,13.90558406,14.78299655,22.26855748,2018-11-06T08:00:00Z
Leeds,2018,06-11-2018,09:00:00,20.76752768,17.0342216,17.7528403,2018-11-06T09:00:00Z
Leeds,2018,06-11-2018,10:00:00,0,4.696151687,10.94279279,2018-11-06T10:00:00Z
Leeds,2018,06-11-2018,11:00:00,18.66490026,24.76998023,19.01004112,2018-11-06T11:00:00Z
Leeds,2018,06-11-2018,12:00:00,14.4306003,12.09457762,24.77335637,2018-11-06T12:00:00Z
Leeds,2018,06-11-2018,13:00:00,3.035407204,14.44991581,3.19386718,2018-11-06T13:00:00Z
Leeds,2018,06-11-2018,14:00:00,7.897442003,35.24030918,11.17589195,2018-11-06T14:00:00Z
Leeds,2018,06-11-2018,15:00:00,5.85360571,33.07341299,34.14122768,2018-11-06T15:00:00Z
Leeds,2018,06-11-2018,16:00:00,1.792232103,32.85981788,26.04346222,2018-11-06T16:00:00Z
Leeds,2018,06-11-2018,17:00:00,0,0,2.029034645,2018-11-06T17:00:00Z
Leeds,2018,06-11-2018,18:00:00,1.978008812,34.69906979,14.89486175,2018-11-06T18:00:00Z
Leeds,2018,06-11-2018,19:00:00,16.77455192,8.066282193,9.170181602,2018-11-06T19:00:00Z
Leeds,2018,06-11-2018,20:00:00,6.806783877,0,0,2018-11-06T20:00:00Z
Leeds,2018,06-11-2018,21:00:00,6.879918151,32.44118838,17.75677727,2018-11-06T21:00:00Z
Leeds,2018,06-11-2018,22:00:00,0,7.641259905,3.059217201,2018-11-06T22:00:00Z
Leeds,2018,06-11-2018,23:00:00,10.37293743,18.01398694,14.81045496,2018-11-06T23:00:00Z
Leeds,2018,07-11-2018,00:00:00,10.57766808,0.498853028,8.094961086,2018-11-07T00:00:00Z
Leeds,2018,07-11-2018,01:00:00,17.11959292,42.00723349,23.01482887,2018-11-07T01:00:00Z
Leeds,2018,07-11-2018,02:00:00,4.753840073,51.7724551,25.70386971,2018-11-07T02:00:00Z
Leeds,2018,07-11-2018,03:00:00,15.69052711,20.33320744,23.64926955,2018-11-07T03:00:00Z
Leeds,2018,07-11-2018,04:00:00,33.11066336,31.81134553,32.68355655,2018-11-07T04:00:00Z
Leeds,2018,07-11-2018,05:00:00,0,0.495839315,2.375468484,2018-11-07T05:00:00Z
Leeds,2018,07-11-2018,06:00:00,5.188604327,13.95247918,8.369536281,2018-11-07T06:00:00Z
Leeds,2018,07-11-2018,07:00:00,5.52614669,36.91132962,14.27666942,2018-11-07T07:00:00Z
Leeds,2018,07-11-2018,08:00:00,18.41093912,5.850270242,17.60817085,2018-11-07T08:00:00Z
Leeds,2018,07-11-2018,09:00:00,2.022979146,1.193480896,10.12646151,2018-11-07T09:00:00Z
Leeds,2018,07-11-2018,10:00:00,9.245252929,7.848632931,15.01808822,2018-11-07T10:00:00Z
Leeds,2018,07-11-2018,11:00:00,1.902888946,7.263404641,16.6338769,2018-11-07T11:00:00Z
Leeds,2018,07-11-2018,12:00:00,15.44068527,27.78975599,9.240958249,2018-11-07T12:00:00Z
Leeds,2018,07-11-2018,13:00:00,14.04310598,48.47338615,23.3470596,2018-11-07T13:00:00Z
Leeds,2018,07-11-2018,14:00:00,31.20806158,31.12034036,30.60191341,2018-11-07T14:00:00Z
Leeds,2018,07-11-2018,15:00:00,12.56649198,2.044005582,11.6742668,2018-11-07T15:00:00Z
Leeds,2018,07-11-2018,16:00:00,6.697520681,9.817129975,18.12883078,2018-11-07T16:00:00Z
Leeds,2018,07-11-2018,17:00:00,5.774768831,13.84793009,5.303671416,2018-11-07T17:00:00Z
Leeds,2018,07-11-2018,18:00:00,5.489846159,10.35075244,2.632357639,2018-11-07T18:00:00Z
Leeds,2018,07-11-2018,19:00:00,18.48099851,46.05956877,30.62429079,2018-11-07T19:00:00Z
Leeds,2018,07-11-2018,20:00:00,8.91434891,9.348849626,16.16976912,2018-11-07T20:00:00Z
Leeds,2018,07-11-2018,21:00:00,18.81534744,32.72093824,26.06465347,2018-11-07T21:00:00Z
Leeds,2018,07-11-2018,22:00:00,0,26.39541454,15.65801804,2018-11-07T22:00:00Z
Leeds,2018,07-11-2018,23:00:00,8.235177915,13.90060189,10.82765373,2018-11-07T23:00:00Z
Leeds,2018,08-11-2018,00:00:00,17.81867659,19.43073803,13.69789109,2018-11-08T00:00:00Z
Leeds,2018,08-11-2018,01:00:00,4.404597553,0,2.458131506,2018-11-08T01:00:00Z
Leeds,2018,08-11-2018,02:00:00,26.67533138,26.98793082,25.24473891,2018-11-08T02:00:00Z
Leeds,2018,08-11-2018,03:00:00,5.780031088,28.30286525,7.656383568,2018-11-08T03:00:00Z
Leeds,2018,08-11-2018,04:00:00,17.26727273,20.03487173,20.18867867,2018-11-08T04:00:00Z
Leeds,2018,08-11-2018,05:00:00,8.891927587,28.12453545,16.82380827,2018-11-08T05:00:00Z
Leeds,2018,08-11-2018,06:00:00,15.92751591,51.22104438,33.88082821,2018-11-08T06:00:00Z
Leeds,2018,08-11-2018,07:00:00,11.63843947,35.61068041,20.53807005,2018-11-08T07:00:00Z
Leeds,2018,08-11-2018,08:00:00,13.79828073,18.74253497,15.84357071,2018-11-08T08:00:00Z
Leeds,2018,08-11-2018,09:00:00,13.02301861,22.02757482,34.48527232,2018-11-08T09:00:00Z
Leeds,2018,08-11-2018,10:00:00,9.48139926,11.74297088,15.30679261,2018-11-08T10:00:00Z
Leeds,2018,08-11-2018,11:00:00,14.10358295,28.84574811,21.89816682,2018-11-08T11:00:00Z
Leeds,2018,08-11-2018,12:00:00,16.26479828,8.733813594,19.31579123,2018-11-08T12:00:00Z
Leeds,2018,08-11-2018,13:00:00,16.28685369,35.38169487,32.09983799,2018-11-08T13:00:00Z
Leeds,2018,08-11-2018,14:00:00,13.11573954,4.826436523,14.10808198,2018-11-08T14:00:00Z
Leeds,2018,08-11-2018,15:00:00,3.802060855,46.04473568,31.902273,2018-11-08T15:00:00Z
Leeds,2018,08-11-2018,16:00:00,24.04696303,41.06727272,29.34415312,2018-11-08T16:00:00Z
Leeds,2018,08-11-2018,17:00:00,0,19.42065731,0,2018-11-08T17:00:00Z
Leeds,2018,08-11-2018,18:00:00,5.385248883,34.26104096,16.37144786,2018-11-08T18:00:00Z
Leeds,2018,08-11-2018,19:00:00,9.284343759,20.98666856,16.61343635,2018-11-08T19:00:00Z
Leeds,2018,08-11-2018,20:00:00,3.12801731,0,10.25689485,2018-11-08T20:00:00Z
Leeds,2018,08-11-2018,21:00:00,14.58124833,32.63798962,18.37444481,2018-11-08T21:00:00Z
Leeds,2018,08-11-2018,22:00:00,4.773769567,15.65486902,10.15333411,2018-11-08T22:00:00Z
Leeds,2018,08-11-2018,23:00:00,15.71849362,22.76045276,20.03211943,2018-11-08T23:00:00Z
Leeds,2018,09-11-2018,00:00:00,5.726686952,12.82508295,6.501313597,2018-11-09T00:00:00Z
Leeds,2018,09-11-2018,01:00:00,16.84417827,38.27846435,34.39397544,2018-11-09T01:00:00Z
Leeds,2018,09-11-2018,02:00:00,19.69446061,35.91300021,15.90285902,2018-11-09T02:00:00Z
Leeds,2018,09-11-2018,03:00:00,2.028614394,25.15508274,4.225565977,2018-11-09T03:00:00Z
Leeds,2018,09-11-2018,04:00:00,0,0,0,2018-11-09T04:00:00Z
Leeds,2018,09-11-2018,05:00:00,12.19647647,17.78456071,13.48925988,2018-11-09T05:00:00Z
Leeds,2018,09-11-2018,06:00:00,12.03028063,25.5766168,15.5975073,2018-11-09T06:00:00Z
Leeds,2018,09-11-2018,07:00:00,0.569762992,19.51191155,9.27540638,2018-11-09T07:00:00Z
Leeds,2018,09-11-2018,08:00:00,21.10626779,16.81775257,26.93346601,2018-11-09T08:00:00Z
Leeds,2018,09-11-2018,09:00:00,12.86688354,31.42517265,24.76098126,2018-11-09T09:00:00Z
Leeds,2018,09-11-2018,10:00:00,3.185246776,0.22350607,0.334478482,2018-11-09T10:00:00Z
Leeds,2018,09-11-2018,11:00:00,18.58513819,27.31689972,31.26321806,2018-11-09T11:00:00Z
Leeds,2018,09-11-2018,12:00:00,5.722290885,18.81763545,17.06999106,2018-11-09T12:00:00Z
Leeds,2018,09-11-2018,13:00:00,3.760561668,1.428225237,5.802397545,2018-11-09T13:00:00Z
Leeds,2018,09-11-2018,14:00:00,17.99305651,15.00562438,20.20271271,2018-11-09T14:00:00Z
Leeds,2018,09-11-2018,15:00:00,21.24386558,43.50519968,22.5443131,2018-11-09T15:00:00Z
Leeds,2018,09-11-2018,16:00:00,11.61834098,23.92364586,3.328482205,2018-11-09T16:00:00Z
Leeds,2018,09-11-2018,17:00:00,10.54910073,0.710293932,14.82374783,2018-11-09T17:00:00Z
Leeds,2018,09-11-2018,18:00:00,0.48573463,0,12.54885854,2018-11-09T18:00:00Z
Leeds,2018,09-11-2018,19:00:00,1.170908199,15.76321064,6.570421179,2018-11-09T19:00:00Z
Leeds,2018,09-11-2018,20:00:00,5.833099035,12.0108288,12.37500645,2018-11-09T20:00:00Z
Leeds,2018,09-11-2018,21:00:00,21.23213932,39.73503384,23.55573429,2018-11-09T21:00:00Z
Leeds,2018,09-11-2018,22:00:00,0,6.703202779,9.941926842,2018-11-09T22:00:00Z
Leeds,2018,09-11-2018,23:00:00,15.00183662,39.73661684,26.25993174,2018-11-09T23:00:00Z
Leeds,2018,10-11-2018,00:00:00,0,14.19727825,5.015811002,2018-11-10T00:00:00Z
Leeds,2018,10-11-2018,01:00:00,7.266928015,21.09688502,17.12095399,2018-11-10T01:00:00Z
Leeds,2018,10-11-2018,02:00:00,6.179501024,14.91605308,29.54514464,2018-11-10T02:00:00Z
Leeds,2018,10-11-2018,03:00:00,12.91563625,10.15105894,10.92191007,2018-11-10T03:00:00Z
Leeds,2018,10-11-2018,04:00:00,12.64116231,25.89339028,14.40841694,2018-11-10T04:00:00Z
Leeds,2018,10-11-2018,05:00:00,9.872020612,23.22536734,24.33694061,2018-11-10T05:00:00Z
Leeds,2018,10-11-2018,06:00:00,11.26458732,27.66191575,19.85841826,2018-11-10T06:00:00Z
Leeds,2018,10-11-2018,07:00:00,19.49500971,27.4300958,29.81903453,2018-11-10T07:00:00Z
Leeds,2018,10-11-2018,08:00:00,18.13862546,8.923955427,9.940228271,2018-11-10T08:00:00Z
Leeds,2018,10-11-2018,09:00:00,13.95957057,44.28287292,29.15588584,2018-11-10T09:00:00Z
Leeds,2018,10-11-2018,10:00:00,6.032376554,19.51883456,12.13417295,2018-11-10T10:00:00Z
Leeds,2018,10-11-2018,11:00:00,15.49902247,38.04282551,34.5891851,2018-11-10T11:00:00Z
Leeds,2018,10-11-2018,12:00:00,16.65479956,34.90128679,28.75719682,2018-11-10T12:00:00Z
Leeds,2018,10-11-2018,13:00:00,12.87844606,10.45713167,8.683325616,2018-11-10T13:00:00Z
Leeds,2018,10-11-2018,14:00:00,4.293175923,21.85359898,12.59336334,2018-11-10T14:00:00Z
Leeds,2018,10-11-2018,15:00:00,15.55812934,35.49406267,27.38553906,2018-11-10T15:00:00Z
Leeds,2018,10-11-2018,16:00:00,1.1136938,2.077307821,0,2018-11-10T16:00:00Z
Leeds,2018,10-11-2018,17:00:00,0,20.31777833,3.642102179,2018-11-10T17:00:00Z
Leeds,2018,10-11-2018,18:00:00,11.74772929,41.67776238,19.78445987,2018-11-10T18:00:00Z
Leeds,2018,10-11-2018,19:00:00,7.770030211,15.74757252,11.94675693,2018-11-10T19:00:00Z
Leeds,2018,10-11-2018,20:00:00,11.96953186,33.05638943,20.23635895,2018-11-10T20:00:00Z
Leeds,2018,10-11-2018,21:00:00,13.95900094,44.17618501,31.18902161,2018-11-10T21:00:00Z
Leeds,2018,10-11-2018,22:00:00,8.472626582,30.43550298,24.59897623,2018-11-10T22:00:00Z
Leeds,2018,10-11-2018,23:00:00,1.231681354,16.0781931,8.46580793,2018-11-10T23:00:00Z
Leeds,2019,01-11-2019,00:00:00,21.68407509,32.27151167,29.85636579,2019-11-01T00:00:00Z
Leeds,2019,01-11-2019,01:00:00,15.14456965,0,15.3189319,2019-11-01T01:00:00Z
Leeds,2019,01-11-2019,02:00:00,8.25821553,0,4.82478213,2019-11-01T02:00:00Z
Leeds,2019,01-11-2019,03:00:00,1.17660314,24.5200386,17.91310934,2019-11-01T03:00:00Z
Leeds,2019,01-11-2019,04:00:00,0,8.245537366,13.17644673,2019-11-01T04:00:00Z
Leeds,2019,01-11-2019,05:00:00,15.42377461,24.08829576,18.63900041,2019-11-01T05:00:00Z
Leeds,2019,01-11-2019,06:00:00,0,0.413017811,0,2019-11-01T06:00:00Z
Leeds,2019,01-11-2019,07:00:00,14.04281717,33.38798048,19.20531807,2019-11-01T07:00:00Z
Leeds,2019,01-11-2019,08:00:00,20.97708044,43.34154542,34.57803865,2019-11-01T08:00:00Z
Leeds,2019,01-11-2019,09:00:00,15.1188915,24.50762567,19.24634656,2019-11-01T09:00:00Z
Leeds,2019,01-11-2019,10:00:00,9.22905094,12.2127921,12.53116983,2019-11-01T10:00:00Z
Leeds,2019,01-11-2019,11:00:00,15.6838899,33.54933638,21.24051509,2019-11-01T11:00:00Z
Leeds,2019,01-11-2019,12:00:00,0.777031016,8.712409037,0,2019-11-01T12:00:00Z
Leeds,2019,01-11-2019,13:00:00,13.36787957,12.77561488,14.02381731,2019-11-01T13:00:00Z
Leeds,2019,01-11-2019,14:00:00,2.743362716,0,2.432956891,2019-11-01T14:00:00Z
Leeds,2019,01-11-2019,15:00:00,8.499778751,17.26256277,3.932147236,2019-11-01T15:00:00Z
Leeds,2019,01-11-2019,16:00:00,7.069560353,8.398738295,4.729460015,2019-11-01T16:00:00Z
Leeds,2019,01-11-2019,17:00:00,5.529370124,6.721057612,0,2019-11-01T17:00:00Z
Leeds,2019,01-11-2019,18:00:00,12.49023756,27.70483297,24.56204816,2019-11-01T18:00:00Z
Leeds,2019,01-11-2019,19:00:00,15.60609096,14.74737172,14.31731612,2019-11-01T19:00:00Z
Leeds,2019,01-11-2019,20:00:00,7.164970925,13.96061605,16.65297328,2019-11-01T20:00:00Z
Leeds,2019,01-11-2019,21:00:00,15.70992543,27.07478879,27.59331721,2019-11-01T21:00:00Z
Leeds,2019,01-11-2019,22:00:00,0,0,6.367466364,2019-11-01T22:00:00Z
Leeds,2019,01-11-2019,23:00:00,0,0,0,2019-11-01T23:00:00Z
Leeds,2019,02-11-2019,00:00:00,6.145219444,11.17960979,8.935960169,2019-11-02T00:00:00Z
Leeds,2019,02-11-2019,01:00:00,11.18592322,28.50532231,21.89055667,2019-11-02T01:00:00Z
Leeds,2019,02-11-2019,02:00:00,4.981777505,26.46178607,15.62653432,2019-11-02T02:00:00Z
Leeds,2019,02-11-2019,03:00:00,9.865250053,20.29838841,16.64548568,2019-11-02T03:00:00Z
Leeds,2019,02-11-2019,04:00:00,9.939204867,17.48531658,12.71346707,2019-11-02T04:00:00Z
Leeds,2019,02-11-2019,05:00:00,12.14907917,17.83796684,15.85818359,2019-11-02T05:00:00Z
Leeds,2019,02-11-2019,06:00:00,12.8103082,28.26253331,16.0974624,2019-11-02T06:00:00Z
Leeds,2019,02-11-2019,07:00:00,14.15665366,19.12640522,20.72138352,2019-11-02T07:00:00Z
Leeds,2019,02-11-2019,08:00:00,8.24894835,43.5132415,26.72298355,2019-11-02T08:00:00Z
Leeds,2019,02-11-2019,09:00:00,16.30574434,39.93476086,33.94673228,2019-11-02T09:00:00Z
Leeds,2019,02-11-2019,10:00:00,11.13725764,31.69386895,22.93883025,2019-11-02T10:00:00Z
Leeds,2019,02-11-2019,11:00:00,19.12962585,18.61491604,19.36600661,2019-11-02T11:00:00Z
Leeds,2019,02-11-2019,12:00:00,13.28465701,18.55579686,15.86636578,2019-11-02T12:00:00Z
Leeds,2019,02-11-2019,13:00:00,2.330445473,23.04413038,14.81278515,2019-11-02T13:00:00Z
Leeds,2019,02-11-2019,14:00:00,9.001369643,46.47170869,15.9803798,2019-11-02T14:00:00Z
Leeds,2019,02-11-2019,15:00:00,3.477686078,20.93167167,14.64618323,2019-11-02T15:00:00Z
Leeds,2019,02-11-2019,16:00:00,9.358046562,13.29426073,10.99738469,2019-11-02T16:00:00Z
Leeds,2019,02-11-2019,17:00:00,9.586670638,24.86907054,22.10647932,2019-11-02T17:00:00Z
Leeds,2019,02-11-2019,18:00:00,7.297151642,17.72470731,23.36034414,2019-11-02T18:00:00Z
Leeds,2019,02-11-2019,19:00:00,0,0,1.366059073,2019-11-02T19:00:00Z
Leeds,2019,02-11-2019,20:00:00,19.61635498,43.45178702,18.93004665,2019-11-02T20:00:00Z
Leeds,2019,02-11-2019,21:00:00,10.96685015,40.90338348,17.9580616,2019-11-02T21:00:00Z
Leeds,2019,02-11-2019,22:00:00,3.204383966,11.07065438,11.84452512,2019-11-02T22:00:00Z
Leeds,2019,02-11-2019,23:00:00,0,0,5.14566019,2019-11-02T23:00:00Z
Leeds,2019,03-11-2019,00:00:00,8.522515091,18.15994365,13.02959298,2019-11-03T00:00:00Z
Leeds,2019,03-11-2019,01:00:00,10.98514411,8.480382702,6.497231151,2019-11-03T01:00:00Z
Leeds,2019,03-11-2019,02:00:00,3.484307957,11.57956272,7.623345687,2019-11-03T02:00:00Z
Leeds,2019,03-11-2019,03:00:00,7.652351524,27.09788411,16.43308675,2019-11-03T03:00:00Z
Leeds,2019,03-11-2019,04:00:00,7.616498566,26.63462197,18.23657345,2019-11-03T04:00:00Z
Leeds,2019,03-11-2019,05:00:00,16.49827925,11.64405068,16.6457763,2019-11-03T05:00:00Z
Leeds,2019,03-11-2019,06:00:00,6.632884858,34.90809917,10.95134982,2019-11-03T06:00:00Z
Leeds,2019,03-11-2019,07:00:00,12.19460678,21.41579726,23.03402954,2019-11-03T07:00:00Z
Leeds,2019,03-11-2019,08:00:00,15.26757347,20.85530894,15.07229441,2019-11-03T08:00:00Z
Leeds,2019,03-11-2019,09:00:00,4.736108554,12.73596671,10.6229782,2019-11-03T09:00:00Z
Leeds,2019,03-11-2019,10:00:00,7.695620627,32.96980771,23.86119306,2019-11-03T10:00:00Z
Leeds,2019,03-11-2019,11:00:00,9.70500579,21.34084942,11.13819858,2019-11-03T11:00:00Z
Leeds,2019,03-11-2019,12:00:00,10.05692969,37.59925392,21.9646234,2019-11-03T12:00:00Z
Leeds,2019,03-11-2019,13:00:00,9.951241072,37.79910474,29.91712793,2019-11-03T13:00:00Z
Leeds,2019,03-11-2019,14:00:00,7.787888943,25.83918672,10.92574345,2019-11-03T14:00:00Z
Leeds,2019,03-11-2019,15:00:00,7.36408526,10.72794222,14.48598904,2019-11-03T15:00:00Z
Leeds,2019,03-11-2019,16:00:00,4.153835976,29.48162692,20.90739992,2019-11-03T16:00:00Z
Leeds,2019,03-11-2019,17:00:00,9.12460588,17.23523936,13.67119202,2019-11-03T17:00:00Z
Leeds,2019,03-11-2019,18:00:00,4.725751746,19.56170022,7.709375497,2019-11-03T18:00:00Z
Leeds,2019,03-11-2019,19:00:00,1.659304316,7.757833234,10.01432241,2019-11-03T19:00:00Z
Leeds,2019,03-11-2019,20:00:00,0,17.08341638,0,2019-11-03T20:00:00Z
Leeds,2019,03-11-2019,21:00:00,0,0,0,2019-11-03T21:00:00Z
Leeds,2019,03-11-2019,22:00:00,2.314529952,0,7.269312485,2019-11-03T22:00:00Z
Leeds,2019,03-11-2019,23:00:00,4.369533319,24.30530106,15.11194684,2019-11-03T23:00:00Z
Leeds,2019,04-11-2019,00:00:00,14.78925822,40.9697416,29.2096562,2019-11-04T00:00:00Z
Leeds,2019,04-11-2019,01:00:00,14.20473232,0,12.91023244,2019-11-04T01:00:00Z
Leeds,2019,04-11-2019,02:00:00,26.54359412,10.76833503,25.56564812,2019-11-04T02:00:00Z
Leeds,2019,04-11-2019,03:00:00,3.003345154,21.25830886,15.40718726,2019-11-04T03:00:00Z
Leeds,2019,04-11-2019,04:00:00,9.925428446,40.58631992,26.24846861,2019-11-04T04:00:00Z
Leeds,2019,04-11-2019,05:00:00,20.00494285,36.41458858,27.55239368,2019-11-04T05:00:00Z
Leeds,2019,04-11-2019,06:00:00,6.447413657,42.9449484,26.67709281,2019-11-04T06:00:00Z
Leeds,2019,04-11-2019,07:00:00,10.4089716,8.245606343,9.963053449,2019-11-04T07:00:00Z
Leeds,2019,04-11-2019,08:00:00,12.95549494,31.881203,19.18282838,2019-11-04T08:00:00Z
Leeds,2019,04-11-2019,09:00:00,7.21549272,1.845902074,12.35642541,2019-11-04T09:00:00Z
Leeds,2019,04-11-2019,10:00:00,0.337241011,25.34981746,9.594516526,2019-11-04T10:00:00Z
Leeds,2019,04-11-2019,11:00:00,12.54219772,26.94029964,20.50862016,2019-11-04T11:00:00Z
Leeds,2019,04-11-2019,12:00:00,4.864241402,20.14013947,16.01255542,2019-11-04T12:00:00Z
Leeds,2019,04-11-2019,13:00:00,0,0,0,2019-11-04T13:00:00Z
Leeds,2019,04-11-2019,14:00:00,11.11615937,41.50188783,27.53579691,2019-11-04T14:00:00Z
Leeds,2019,04-11-2019,15:00:00,0.784950022,39.37070063,17.9942382,2019-11-04T15:00:00Z
Leeds,2019,04-11-2019,16:00:00,0.777195464,15.1536033,13.22587885,2019-11-04T16:00:00Z
Leeds,2019,04-11-2019,17:00:00,4.133664881,40.84788539,28.81789052,2019-11-04T17:00:00Z
Leeds,2019,04-11-2019,18:00:00,7.382917802,12.20441689,5.645939479,2019-11-04T18:00:00Z
Leeds,2019,04-11-2019,19:00:00,10.59076061,25.26892063,25.98372568,2019-11-04T19:00:00Z
Leeds,2019,04-11-2019,20:00:00,1.561516674,10.34312982,8.01358217,2019-11-04T20:00:00Z
Leeds,2019,04-11-2019,21:00:00,6.176181761,23.5397718,15.160271,2019-11-04T21:00:00Z
Leeds,2019,04-11-2019,22:00:00,15.4427784,35.35438756,21.76687114,2019-11-04T22:00:00Z
Leeds,2019,04-11-2019,23:00:00,15.7139266,34.08805638,33.66222484,2019-11-04T23:00:00Z
Leeds,2019,05-11-2019,00:00:00,30.81977013,83.58081323,56.42949034,2019-11-05T00:00:00Z
Leeds,2019,05-11-2019,01:00:00,49.96478945,68.89474657,67.41913155,2019-11-05T01:00:00Z
Leeds,2019,05-11-2019,02:00:00,56.7292699,123.017234,105.8618008,2019-11-05T02:00:00Z
Leeds,2019,05-11-2019,03:00:00,59.37324532,125.2440786,94.45814013,2019-11-05T03:00:00Z
Leeds,2019,05-11-2019,04:00:00,43.53130383,101.3701387,76.4494364,2019-11-05T04:00:00Z
Leeds,2019,05-11-2019,05:00:00,49.59517321,125.7671934,105.0272349,2019-11-05T05:00:00Z
Leeds,2019,05-11-2019,06:00:00,60.18387934,96.69975195,81.71661844,2019-11-05T06:00:00Z
Leeds,2019,05-11-2019,07:00:00,19.4383102,63.74341925,45.1762993,2019-11-05T07:00:00Z
Leeds,2019,05-11-2019,08:00:00,72.52515503,132.2370556,102.9322964,2019-11-05T08:00:00Z
Leeds,2019,05-11-2019,09:00:00,45.72754037,120.6207423,105.2547243,2019-11-05T09:00:00Z
Leeds,2019,05-11-2019,10:00:00,46.22130287,89.86547787,65.91027424,2019-11-05T10:00:00Z
Leeds,2019,05-11-2019,11:00:00,62.65374446,124.705631,93.94053227,2019-11-05T11:00:00Z
Leeds,2019,05-11-2019,12:00:00,12.39797641,43.99055511,35.13246383,2019-11-05T12:00:00Z
Leeds,2019,05-11-2019,13:00:00,77.6119081,170.3610133,146.2850953,2019-11-05T13:00:00Z
Leeds,2019,05-11-2019,14:00:00,27.03516362,96.90295223,67.11201381,2019-11-05T14:00:00Z
Leeds,2019,05-11-2019,15:00:00,45.34709106,110.380981,84.94049463,2019-11-05T15:00:00Z
Leeds,2019,05-11-2019,16:00:00,18.02246288,51.26440676,50.62048088,2019-11-05T16:00:00Z
Leeds,2019,05-11-2019,17:00:00,55.84164407,117.7204743,78.81842213,2019-11-05T17:00:00Z
Leeds,2019,05-11-2019,18:00:00,43.69054174,119.155411,87.27322871,2019-11-05T18:00:00Z
Leeds,2019,05-11-2019,19:00:00,66.34716647,152.8447009,107.2032559,2019-11-05T19:00:00Z
Leeds,2019,05-11-2019,20:00:00,84.32443662,189.8339902,148.474921,2019-11-05T20:00:00Z
Leeds,2019,05-11-2019,21:00:00,39.98481752,88.35824842,73.45475094,2019-11-05T21:00:00Z
Leeds,2019,05-11-2019,22:00:00,39.53149704,91.3352984,68.0043185,2019-11-05T22:00:00Z
Leeds,2019,05-11-2019,23:00:00,14.32768078,56.21093161,47.58587057,2019-11-05T23:00:00Z
Leeds,2019,06-11-2019,00:00:00,19.58279005,18.43402369,21.99322655,2019-11-06T00:00:00Z
Leeds,2019,06-11-2019,01:00:00,9.335991564,26.82975457,16.41227348,2019-11-06T01:00:00Z
Leeds,2019,06-11-2019,02:00:00,2.397502702,0,7.272664112,2019-11-06T02:00:00Z
Leeds,2019,06-11-2019,03:00:00,14.71726738,23.17551569,31.46444949,2019-11-06T03:00:00Z
Leeds,2019,06-11-2019,04:00:00,0,21.65451926,14.39770189,2019-11-06T04:00:00Z
Leeds,2019,06-11-2019,05:00:00,0,0,0,2019-11-06T05:00:00Z
Leeds,2019,06-11-2019,06:00:00,13.84281391,9.211103637,13.3724798,2019-11-06T06:00:00Z
Leeds,2019,06-11-2019,07:00:00,12.20444105,37.27739882,16.69309886,2019-11-06T07:00:00Z
Leeds,2019,06-11-2019,08:00:00,13.84542729,17.71944044,24.21793199,2019-11-06T08:00:00Z
Leeds,2019,06-11-2019,09:00:00,9.094739269,11.06357614,16.32614285,2019-11-06T09:00:00Z
Leeds,2019,06-11-2019,10:00:00,8.705682867,15.78182134,9.240250682,2019-11-06T10:00:00Z
Leeds,2019,06-11-2019,11:00:00,1.571427607,11.2109388,12.21955752,2019-11-06T11:00:00Z
Leeds,2019,06-11-2019,12:00:00,0.991704154,1.451023797,0,2019-11-06T12:00:00Z
Leeds,2019,06-11-2019,13:00:00,5.2240639,12.08280801,5.222347498,2019-11-06T13:00:00Z
Leeds,2019,06-11-2019,14:00:00,12.0670488,30.33238636,20.78568343,2019-11-06T14:00:00Z
Leeds,2019,06-11-2019,15:00:00,20.32600046,8.234296118,15.18547554,2019-11-06T15:00:00Z
Leeds,2019,06-11-2019,16:00:00,3.350129621,16.64676198,8.044345318,2019-11-06T16:00:00Z
Leeds,2019,06-11-2019,17:00:00,9.797505984,23.25756778,9.3922558,2019-11-06T17:00:00Z
Leeds,2019,06-11-2019,18:00:00,5.953726553,35.53752713,22.18288596,2019-11-06T18:00:00Z
Leeds,2019,06-11-2019,19:00:00,2.390927723,19.23221726,8.584116403,2019-11-06T19:00:00Z
Leeds,2019,06-11-2019,20:00:00,8.427415527,0,18.1938,2019-11-06T20:00:00Z
Leeds,2019,06-11-2019,21:00:00,18.56389333,29.83264307,14.281878559999999,2019-11-06T21:00:00Z
Leeds,2019,06-11-2019,22:00:00,6.21500913,0,6.944103995,2019-11-06T22:00:00Z
Leeds,2019,06-11-2019,23:00:00,0.694468018,7.108958458,7.048757297,2019-11-06T23:00:00Z
Leeds,2019,07-11-2019,00:00:00,0,31.71712636,20.4720468,2019-11-07T00:00:00Z
Leeds,2019,07-11-2019,01:00:00,15.72697896,1.1280302740000001,19.7200064,2019-11-07T01:00:00Z
Leeds,2019,07-11-2019,02:00:00,13.65774619,22.794591,23.72474814,2019-11-07T02:00:00Z
Leeds,2019,07-11-2019,03:00:00,10.85132948,20.31820318,9.797122014,2019-11-07T03:00:00Z
Leeds,2019,07-11-2019,04:00:00,20.98857044,33.15229419,29.79529587,2019-11-07T04:00:00Z
Leeds,2019,07-11-2019,05:00:00,7.154545893,31.07839426,20.44846894,2019-11-07T05:00:00Z
Leeds,2019,07-11-2019,06:00:00,9.41132212,0.108780486,7.203064828,2019-11-07T06:00:00Z
Leeds,2019,07-11-2019,07:00:00,5.792514522,23.90903899,13.95454469,2019-11-07T07:00:00Z
Leeds,2019,07-11-2019,08:00:00,25.58474331,40.40904494,29.02539628,2019-11-07T08:00:00Z
Leeds,2019,07-11-2019,09:00:00,1.549994391,8.213982823,0,2019-11-07T09:00:00Z
Leeds,2019,07-11-2019,10:00:00,4.431816063,0,8.364723475,2019-11-07T10:00:00Z
Leeds,2019,07-11-2019,11:00:00,4.538205888,0.370148316,8.557063492,2019-11-07T11:00:00Z
Leeds,2019,07-11-2019,12:00:00,0,0,1.338701906,2019-11-07T12:00:00Z
Leeds,2019,07-11-2019,13:00:00,10.26623502,54.92350158,17.00978678,2019-11-07T13:00:00Z
Leeds,2019,07-11-2019,14:00:00,5.500753667,14.68735722,10.42786993,2019-11-07T14:00:00Z
Leeds,2019,07-11-2019,15:00:00,3.536579009,13.61679347,18.88631865,2019-11-07T15:00:00Z
Leeds,2019,07-11-2019,16:00:00,10.48611667,17.92116457,17.77936332,2019-11-07T16:00:00Z
Leeds,2019,07-11-2019,17:00:00,10.13709554,25.62700552,15.23411771,2019-11-07T17:00:00Z
Leeds,2019,07-11-2019,18:00:00,16.85549907,24.16469485,21.16601622,2019-11-07T18:00:00Z
Leeds,2019,07-11-2019,19:00:00,1.521349499,26.28824537,6.011507002,2019-11-07T19:00:00Z
Leeds,2019,07-11-2019,20:00:00,5.692314303,0.073077004,0,2019-11-07T20:00:00Z
Leeds,2019,07-11-2019,21:00:00,31.24108116,41.64003277,24.40702652,2019-11-07T21:00:00Z
Leeds,2019,07-11-2019,22:00:00,22.43160846,42.78386247,29.010441,2019-11-07T22:00:00Z
Leeds,2019,07-11-2019,23:00:00,25.82310444,47.35826117,30.50810117,2019-11-07T23:00:00Z
Leeds,2019,08-11-2019,00:00:00,3.635776723,36.73609871,17.99169148,2019-11-08T00:00:00Z
Leeds,2019,08-11-2019,01:00:00,24.06465928,40.06085913,20.18716631,2019-11-08T01:00:00Z
Leeds,2019,08-11-2019,02:00:00,16.34081788,34.18832607,22.1976954,2019-11-08T02:00:00Z
Leeds,2019,08-11-2019,03:00:00,0.836928248,10.88297271,8.493597518,2019-11-08T03:00:00Z
Leeds,2019,08-11-2019,04:00:00,0.227270415,30.9340434,20.0351868,2019-11-08T04:00:00Z
Leeds,2019,08-11-2019,05:00:00,0,5.050429634,8.794031616,2019-11-08T05:00:00Z
Leeds,2019,08-11-2019,06:00:00,11.0322127,28.19637297,9.101285735,2019-11-08T06:00:00Z
Leeds,2019,08-11-2019,07:00:00,8.819886979,24.07650755,8.89590047,2019-11-08T07:00:00Z
Leeds,2019,08-11-2019,08:00:00,0.795210026,13.32094349,12.58886209,2019-11-08T08:00:00Z
Leeds,2019,08-11-2019,09:00:00,0.393495818,0,0,2019-11-08T09:00:00Z
Leeds,2019,08-11-2019,10:00:00,15.46732373,12.59851429,26.02687749,2019-11-08T10:00:00Z
Leeds,2019,08-11-2019,11:00:00,8.554386377,16.07647048,22.15510195,2019-11-08T11:00:00Z
Leeds,2019,08-11-2019,12:00:00,0,0,0,2019-11-08T12:00:00Z
Leeds,2019,08-11-2019,13:00:00,4.007708556,6.587919111,4.279551173,2019-11-08T13:00:00Z
Leeds,2019,08-11-2019,14:00:00,5.419546489,5.581343129,21.06091684,2019-11-08T14:00:00Z
Leeds,2019,08-11-2019,15:00:00,6.355622366,21.63058727,15.82230677,2019-11-08T15:00:00Z
Leeds,2019,08-11-2019,16:00:00,11.0291243,7.243203473,12.28647511,2019-11-08T16:00:00Z
Leeds,2019,08-11-2019,17:00:00,10.78249279,23.21836616,14.39770387,2019-11-08T17:00:00Z
Leeds,2019,08-11-2019,18:00:00,5.183449591,26.12876563,9.787266839,2019-11-08T18:00:00Z
Leeds,2019,08-11-2019,19:00:00,7.885292016,18.15001918,5.053688168,2019-11-08T19:00:00Z
Leeds,2019,08-11-2019,20:00:00,9.642545794,40.56206907,19.69163116,2019-11-08T20:00:00Z
Leeds,2019,08-11-2019,21:00:00,1.551991408,1.220414886,0,2019-11-08T21:00:00Z
Leeds,2019,08-11-2019,22:00:00,15.42574662,12.71538662,12.43642759,2019-11-08T22:00:00Z
Leeds,2019,08-11-2019,23:00:00,0.969232653,20.34408972,7.258106783,2019-11-08T23:00:00Z
Leeds,2019,09-11-2019,00:00:00,13.90431478,34.08517348,22.19723822,2019-11-09T00:00:00Z
Leeds,2019,09-11-2019,01:00:00,0,0,0,2019-11-09T01:00:00Z
Leeds,2019,09-11-2019,02:00:00,20.99092243,16.39259169,27.57782473,2019-11-09T02:00:00Z
Leeds,2019,09-11-2019,03:00:00,4.043618915,35.30979548,19.35422886,2019-11-09T03:00:00Z
Leeds,2019,09-11-2019,04:00:00,6.775168644,21.60765766,16.5267299,2019-11-09T04:00:00Z
Leeds,2019,09-11-2019,05:00:00,12.48936497,27.78793596,22.28021485,2019-11-09T05:00:00Z
Leeds,2019,09-11-2019,06:00:00,0,0,0,2019-11-09T06:00:00Z
Leeds,2019,09-11-2019,07:00:00,25.02441858,42.05902357,24.88164751,2019-11-09T07:00:00Z
Leeds,2019,09-11-2019,08:00:00,6.472145058,9.67413569,10.47040681,2019-11-09T08:00:00Z
Leeds,2019,09-11-2019,09:00:00,13.11281374,39.09024483,25.14293783,2019-11-09T09:00:00Z
Leeds,2019,09-11-2019,10:00:00,15.65217193,25.39732849,30.88664899,2019-11-09T10:00:00Z
Leeds,2019,09-11-2019,11:00:00,4.289784507,12.57874407,16.3441107,2019-11-09T11:00:00Z
Leeds,2019,09-11-2019,12:00:00,16.08644526,27.04969913,23.19588863,2019-11-09T12:00:00Z
Leeds,2019,09-11-2019,13:00:00,0,0,8.451858941,2019-11-09T13:00:00Z
Leeds,2019,09-11-2019,14:00:00,10.73567895,49.85971335,33.37535875,2019-11-09T14:00:00Z
Leeds,2019,09-11-2019,15:00:00,1.48351659,27.09421163,4.670489919,2019-11-09T15:00:00Z
Leeds,2019,09-11-2019,16:00:00,11.36638374,8.400502475,17.50703961,2019-11-09T16:00:00Z
Leeds,2019,09-11-2019,17:00:00,4.135012521,0.955692445,12.50884637,2019-11-09T17:00:00Z
Leeds,2019,09-11-2019,18:00:00,3.834911117,0,11.36426038,2019-11-09T18:00:00Z
Leeds,2019,09-11-2019,19:00:00,0,12.77440166,3.491582284,2019-11-09T19:00:00Z
Leeds,2019,09-11-2019,20:00:00,1.619972158,28.91447186,9.500758912,2019-11-09T20:00:00Z
Leeds,2019,09-11-2019,21:00:00,7.813371236,15.04027367,18.18480032,2019-11-09T21:00:00Z
Leeds,2019,09-11-2019,22:00:00,4.666830403,0,2.53355275,2019-11-09T22:00:00Z
Leeds,2019,09-11-2019,23:00:00,5.392107862,0,13.3654957,2019-11-09T23:00:00Z
Leeds,2019,10-11-2019,00:00:00,10.25728647,6.521472166,1.67917059,2019-11-10T00:00:00Z
Leeds,2019,10-11-2019,01:00:00,4.911257643,31.62978985,18.46539001,2019-11-10T01:00:00Z
Leeds,2019,10-11-2019,02:00:00,14.22859712,18.53753764,17.65133415,2019-11-10T02:00:00Z
Leeds,2019,10-11-2019,03:00:00,1.454454716,8.011369572,2.682425812,2019-11-10T03:00:00Z
Leeds,2019,10-11-2019,04:00:00,11.0461668,38.16691901,26.6478999,2019-11-10T04:00:00Z
Leeds,2019,10-11-2019,05:00:00,5.929476575,18.19805787,21.07943,2019-11-10T05:00:00Z
Leeds,2019,10-11-2019,06:00:00,7.216673055,19.61083444,19.52349071,2019-11-10T06:00:00Z
Leeds,2019,10-11-2019,07:00:00,7.741883044,14.22921523,15.67469606,2019-11-10T07:00:00Z
Leeds,2019,10-11-2019,08:00:00,6.651481992,21.59946634,16.53134106,2019-11-10T08:00:00Z
Leeds,2019,10-11-2019,09:00:00,16.16505132,47.87402603,32.92063768,2019-11-10T09:00:00Z
Leeds,2019,10-11-2019,10:00:00,6.830286098,12.41850735,5.084593686,2019-11-10T10:00:00Z
Leeds,2019,10-11-2019,11:00:00,13.10040514,29.01749957,19.25179166,2019-11-10T11:00:00Z
Leeds,2019,10-11-2019,12:00:00,7.334723798,23.14554623,14.59643001,2019-11-10T12:00:00Z
Leeds,2019,10-11-2019,13:00:00,19.09697908,47.4955974,26.62933394,2019-11-10T13:00:00Z
Leeds,2019,10-11-2019,14:00:00,22.23798423,54.37612378,41.52641617,2019-11-10T14:00:00Z
Leeds,2019,10-11-2019,15:00:00,9.741483177,21.60724792,14.56659735,2019-11-10T15:00:00Z
Leeds,2019,10-11-2019,16:00:00,23.87664803,10.91195662,5.198303761,2019-11-10T16:00:00Z
Leeds,2019,10-11-2019,17:00:00,13.85911853,28.63921678,30.98153334,2019-11-10T17:00:00Z
Leeds,2019,10-11-2019,18:00:00,14.36051965,24.74983165,27.1403817,2019-11-10T18:00:00Z
Leeds,2019,10-11-2019,19:00:00,11.03535303,18.22774915,9.053062779,2019-11-10T19:00:00Z
Leeds,2019,10-11-2019,20:00:00,35.1368706,85.26555441,51.53798376,2019-11-10T20:00:00Z
Leeds,2019,10-11-2019,21:00:00,18.96778362,17.18046897,13.95399217,2019-11-10T21:00:00Z
Leeds,2019,10-11-2019,22:00:00,0,12.10223621,15.07249551,2019-11-10T22:00:00Z
Leeds,2019,10-11-2019,23:00:00,14.29561656,20.55933017,13.8209422,2019-11-10T23:00:00Z
Leeds,2020,01-11-2020,00:00:00,9.235540494,16.84392214,3.275536472,2020-11-01T00:00:00Z
Leeds,2020,01-11-2020,01:00:00,0,15.49803753,6.818834462,2020-11-01T01:00:00Z
Leeds,2020,01-11-2020,02:00:00,3.370828549,21.99611743,10.07565183,2020-11-01T02:00:00Z
Leeds,2020,01-11-2020,03:00:00,6.257607815,17.64280724,13.63589673,2020-11-01T03:00:00Z
Leeds,2020,01-11-2020,04:00:00,6.392862658,23.01222427,12.30949408,2020-11-01T04:00:00Z
Leeds,2020,01-11-2020,05:00:00,10.84078137,12.06813235,2.266817722,2020-11-01T05:00:00Z
Leeds,2020,01-11-2020,06:00:00,14.72913082,33.64460855,23.8711595,2020-11-01T06:00:00Z
Leeds,2020,01-11-2020,07:00:00,18.11202314,25.92902912,21.31249915,2020-11-01T07:00:00Z
Leeds,2020,01-11-2020,08:00:00,3.697532335,11.58858261,12.63399314,2020-11-01T08:00:00Z
Leeds,2020,01-11-2020,09:00:00,13.88313851,14.74666576,14.40291275,2020-11-01T09:00:00Z
Leeds,2020,01-11-2020,10:00:00,11.14633047,37.2221324,16.84897045,2020-11-01T10:00:00Z
Leeds,2020,01-11-2020,11:00:00,15.36865586,14.77789451,17.21505971,2020-11-01T11:00:00Z
Leeds,2020,01-11-2020,12:00:00,1.070353048,8.243889731,6.119319388,2020-11-01T12:00:00Z
Leeds,2020,01-11-2020,13:00:00,19.7551017,31.65752292,20.85316454,2020-11-01T13:00:00Z
Leeds,2020,01-11-2020,14:00:00,14.79747072,26.16436204,14.51856664,2020-11-01T14:00:00Z
Leeds,2020,01-11-2020,15:00:00,0,5.755781723,10.02436401,2020-11-01T15:00:00Z
Leeds,2020,01-11-2020,16:00:00,15.29175511,17.24646287,18.24298272,2020-11-01T16:00:00Z
Leeds,2020,01-11-2020,17:00:00,6.371409461,11.38376682,11.62337415,2020-11-01T17:00:00Z
Leeds,2020,01-11-2020,18:00:00,20.84031431,33.76545025,32.71916962,2020-11-01T18:00:00Z
Leeds,2020,01-11-2020,19:00:00,16.83870836,45.64876751,31.4415665,2020-11-01T19:00:00Z
Leeds,2020,01-11-2020,20:00:00,10.68956896,45.11097248,23.09871082,2020-11-01T20:00:00Z
Leeds,2020,01-11-2020,21:00:00,22.22831475,33.79789465,15.46297764,2020-11-01T21:00:00Z
Leeds,2020,01-11-2020,22:00:00,7.594822307,13.84476881,4.007740569,2020-11-01T22:00:00Z
Leeds,2020,01-11-2020,23:00:00,6.718707957,5.97062209,3.582171054,2020-11-01T23:00:00Z
Leeds,2020,02-11-2020,00:00:00,0,5.842993257,-2.473262789,2020-11-02T00:00:00Z
Leeds,2020,02-11-2020,01:00:00,7.855961856,38.01326539,10.55680558,2020-11-02T01:00:00Z
Leeds,2020,02-11-2020,02:00:00,5.975360112,8.116885784,5.495420099,2020-11-02T02:00:00Z
Leeds,2020,02-11-2020,03:00:00,9.993479224,40.54771475,26.70558455,2020-11-02T03:00:00Z
Leeds,2020,02-11-2020,04:00:00,10.49525123,17.53207628,18.05558846,2020-11-02T04:00:00Z
Leeds,2020,02-11-2020,05:00:00,18.58318151,44.17308225,31.83334118,2020-11-02T05:00:00Z
Leeds,2020,02-11-2020,06:00:00,9.077185211,16.31103616,14.09069614,2020-11-02T06:00:00Z
Leeds,2020,02-11-2020,07:00:00,0.556734629,30.08676631,9.707690306,2020-11-02T07:00:00Z
Leeds,2020,02-11-2020,08:00:00,10.25956122,20.76272287,16.27239492,2020-11-02T08:00:00Z
Leeds,2020,02-11-2020,09:00:00,11.83147837,30.33688873,23.30756829,2020-11-02T09:00:00Z
Leeds,2020,02-11-2020,10:00:00,5.607804542,19.22071668,14.62352487,2020-11-02T10:00:00Z
Leeds,2020,02-11-2020,11:00:00,4.978687336,21.11476481,15.21105025,2020-11-02T11:00:00Z
Leeds,2020,02-11-2020,12:00:00,17.16881214,22.94637531,18.48410112,2020-11-02T12:00:00Z
Leeds,2020,02-11-2020,13:00:00,11.67786423,12.20641672,8.047930134,2020-11-02T13:00:00Z
Leeds,2020,02-11-2020,14:00:00,9.756995133,14.90504945,20.31653992,2020-11-02T14:00:00Z
Leeds,2020,02-11-2020,15:00:00,24.8290249,43.16741246,26.47769965,2020-11-02T15:00:00Z
Leeds,2020,02-11-2020,16:00:00,21.76416648,31.20896281,35.66473004,2020-11-02T16:00:00Z
Leeds,2020,02-11-2020,17:00:00,5.602243092,10.37130365,18.96996272,2020-11-02T17:00:00Z
Leeds,2020,02-11-2020,18:00:00,1.38162667,20.67684135,9.801509879,2020-11-02T18:00:00Z
Leeds,2020,02-11-2020,19:00:00,0.718613423,2.572485088,13.54205349,2020-11-02T19:00:00Z
Leeds,2020,02-11-2020,20:00:00,9.05600948,23.8329959,16.85687236,2020-11-02T20:00:00Z
Leeds,2020,02-11-2020,21:00:00,12.77632893,30.04671372,21.235912,2020-11-02T21:00:00Z
Leeds,2020,02-11-2020,22:00:00,0.885059344,15.17807198,7.418484605,2020-11-02T22:00:00Z
Leeds,2020,02-11-2020,23:00:00,2.072964602,12.65326267,12.82946545,2020-11-02T23:00:00Z
Leeds,2020,03-11-2020,00:00:00,7.328011264,45.11734761,33.7451376,2020-11-03T00:00:00Z
Leeds,2020,03-11-2020,01:00:00,16.83116954,33.5170322,19.20130593,2020-11-03T01:00:00Z
Leeds,2020,03-11-2020,02:00:00,1.374755398,-17.93586768,-5.618038664,2020-11-03T02:00:00Z
Leeds,2020,03-11-2020,03:00:00,10.06055327,33.75667023,27.34395534,2020-11-03T03:00:00Z
Leeds,2020,03-11-2020,04:00:00,10.36854127,11.98260442,14.52909915,2020-11-03T04:00:00Z
Leeds,2020,03-11-2020,05:00:00,10.56381906,34.72371799,22.04375375,2020-11-03T05:00:00Z
Leeds,2020,03-11-2020,06:00:00,14.16369637,28.80013871,20.70816285,2020-11-03T06:00:00Z
Leeds,2020,03-11-2020,07:00:00,9.720215469,35.39419952,18.51687565,2020-11-03T07:00:00Z
Leeds,2020,03-11-2020,08:00:00,12.58201822,35.90814096,27.5978024,2020-11-03T08:00:00Z
Leeds,2020,03-11-2020,09:00:00,15.74865824,27.4121806,16.6671377,2020-11-03T09:00:00Z
Leeds,2020,03-11-2020,10:00:00,9.150722267,33.93072073,11.38757494,2020-11-03T10:00:00Z
Leeds,2020,03-11-2020,11:00:00,13.00540515,36.64385237,17.05130615,2020-11-03T11:00:00Z
Leeds,2020,03-11-2020,12:00:00,5.950297627,8.113263734,7.195548704,2020-11-03T12:00:00Z
Leeds,2020,03-11-2020,13:00:00,0.451035547,14.14681192,4.911673765,2020-11-03T13:00:00Z
Leeds,2020,03-11-2020,14:00:00,0,2.986806007,4.710875669,2020-11-03T14:00:00Z
Leeds,2020,03-11-2020,15:00:00,11.24345867,-1.8309058,10.57673055,2020-11-03T15:00:00Z
Leeds,2020,03-11-2020,16:00:00,0,-21.93595215,-7.425347874,2020-11-03T16:00:00Z
Leeds,2020,03-11-2020,17:00:00,5.469093428,1.508711284,13.52062681,2020-11-03T17:00:00Z
Leeds,2020,03-11-2020,18:00:00,2.519113988,-9.753526502,1.422088069,2020-11-03T18:00:00Z
Leeds,2020,03-11-2020,19:00:00,3.966801749,1.16401666,10.55895636,2020-11-03T19:00:00Z
Leeds,2020,03-11-2020,20:00:00,28.62089692,31.22976245,27.71107116,2020-11-03T20:00:00Z
Leeds,2020,03-11-2020,21:00:00,5.439787782,31.63188911,25.30562985,2020-11-03T21:00:00Z
Leeds,2020,03-11-2020,22:00:00,4.77616835,28.67323777,14.5105999,2020-11-03T22:00:00Z
Leeds,2020,03-11-2020,23:00:00,17.08693677,2.726007741,31.27292752,2020-11-03T23:00:00Z
Leeds,2020,04-11-2020,00:00:00,0,39.46473149,13.64731607,2020-11-04T00:00:00Z
Leeds,2020,04-11-2020,01:00:00,9.328215495,13.60662064,12.02622764,2020-11-04T01:00:00Z
Leeds,2020,04-11-2020,02:00:00,19.08625988,35.28615735,32.39009956,2020-11-04T02:00:00Z
Leeds,2020,04-11-2020,03:00:00,8.678065164,-9.149351652,10.53577105,2020-11-04T03:00:00Z
Leeds,2020,04-11-2020,04:00:00,8.580374671,8.373027979,7.080657006,2020-11-04T04:00:00Z
Leeds,2020,04-11-2020,05:00:00,4.540821926,32.49996504,16.30743245,2020-11-04T05:00:00Z
Leeds,2020,04-11-2020,06:00:00,21.62031594,33.13848403,21.99869465,2020-11-04T06:00:00Z
Leeds,2020,04-11-2020,07:00:00,0,-12.74535738,-9.100646184,2020-11-04T07:00:00Z
Leeds,2020,04-11-2020,08:00:00,7.945839066,15.31244497,18.1693268,2020-11-04T08:00:00Z
Leeds,2020,04-11-2020,09:00:00,6.766182676,18.01252362,15.71555962,2020-11-04T09:00:00Z
Leeds,2020,04-11-2020,10:00:00,6.081425196,34.20107747,24.45338895,2020-11-04T10:00:00Z
Leeds,2020,04-11-2020,11:00:00,7.954584766,13.49479876,7.63152644,2020-11-04T11:00:00Z
Leeds,2020,04-11-2020,12:00:00,5.234956542,16.99885893,14.36047251,2020-11-04T12:00:00Z
Leeds,2020,04-11-2020,13:00:00,11.12485416,25.60315812,14.24411341,2020-11-04T13:00:00Z
Leeds,2020,04-11-2020,14:00:00,12.09234371,-3.610068472,11.91611544,2020-11-04T14:00:00Z
Leeds,2020,04-11-2020,15:00:00,1.547271881,31.84658683,8.708323635,2020-11-04T15:00:00Z
Leeds,2020,04-11-2020,16:00:00,10.81115997,16.65355041,15.54328934,2020-11-04T16:00:00Z
Leeds,2020,04-11-2020,17:00:00,16.44947766,19.78520116,15.10900419,2020-11-04T17:00:00Z
Leeds,2020,04-11-2020,18:00:00,0.408919992,33.04576733,13.84235918,2020-11-04T18:00:00Z
Leeds,2020,04-11-2020,19:00:00,7.989039474,-5.243764561,0.354776283,2020-11-04T19:00:00Z
Leeds,2020,04-11-2020,20:00:00,10.62661511,48.40196908,25.31431208,2020-11-04T20:00:00Z
Leeds,2020,04-11-2020,21:00:00,0,19.02989901,5.519674436,2020-11-04T21:00:00Z
Leeds,2020,04-11-2020,22:00:00,0,16.21391769,8.914411928,2020-11-04T22:00:00Z
Leeds,2020,04-11-2020,23:00:00,8.124019199,33.37405813,12.53380635,2020-11-04T23:00:00Z
Leeds,2020,05-11-2020,00:00:00,74.50200006,160.495488,127.773913,2020-11-05T00:00:00Z
Leeds,2020,05-11-2020,01:00:00,37.85276824,103.401632,81.62097368,2020-11-05T01:00:00Z
Leeds,2020,05-11-2020,02:00:00,38.0471458,64.4250993,48.69124512,2020-11-05T02:00:00Z
Leeds,2020,05-11-2020,03:00:00,31.45494419,56.37799453,52.95978906,2020-11-05T03:00:00Z
Leeds,2020,05-11-2020,04:00:00,45.92807851,135.4099994,105.2661234,2020-11-05T04:00:00Z
Leeds,2020,05-11-2020,05:00:00,51.29299419,106.481802,88.02297479,2020-11-05T05:00:00Z
Leeds,2020,05-11-2020,06:00:00,35.16578054,150.3884788,95.56816507,2020-11-05T06:00:00Z
Leeds,2020,05-11-2020,07:00:00,74.58622241,166.601711,117.39554,2020-11-05T07:00:00Z
Leeds,2020,05-11-2020,08:00:00,54.13655629,136.1525378,93.91504207,2020-11-05T08:00:00Z
Leeds,2020,05-11-2020,09:00:00,33.3747259,65.66601536,51.86812919,2020-11-05T09:00:00Z
Leeds,2020,05-11-2020,10:00:00,68.70222048,186.4338262,142.0517315,2020-11-05T10:00:00Z
Leeds,2020,05-11-2020,11:00:00,37.38606673,105.2853052,81.77148801,2020-11-05T11:00:00Z
Leeds,2020,05-11-2020,12:00:00,18.01022117,68.09552597,56.00543011,2020-11-05T12:00:00Z
Leeds,2020,05-11-2020,13:00:00,44.50505805,120.1831422,103.8568133,2020-11-05T13:00:00Z
Leeds,2020,05-11-2020,14:00:00,98.14578426,196.7907009,137.4887926,2020-11-05T14:00:00Z
Leeds,2020,05-11-2020,15:00:00,32.49354606,125.9060445,81.94145672,2020-11-05T15:00:00Z
Leeds,2020,05-11-2020,16:00:00,72.86783643,153.4854241,126.4861998,2020-11-05T16:00:00Z
Leeds,2020,05-11-2020,17:00:00,79.08176734,158.5930401,131.2978132,2020-11-05T17:00:00Z
Leeds,2020,05-11-2020,18:00:00,48.63794814,119.8537555,91.55739418,2020-11-05T18:00:00Z
Leeds,2020,05-11-2020,19:00:00,29.68979422,100.8420947,69.04756866,2020-11-05T19:00:00Z
Leeds,2020,05-11-2020,20:00:00,29.1201388,96.87965072,55.74784844,2020-11-05T20:00:00Z
Leeds,2020,05-11-2020,21:00:00,38.27042341,64.46425784,62.76633073,2020-11-05T21:00:00Z
Leeds,2020,05-11-2020,22:00:00,26.26061506,109.7441611,78.13051785,2020-11-05T22:00:00Z
Leeds,2020,05-11-2020,23:00:00,80.09805848,176.4803556,133.82606379999999,2020-11-05T23:00:00Z
Leeds,2020,06-11-2020,00:00:00,2.955857557,12.14759129,11.80117973,2020-11-06T00:00:00Z
Leeds,2020,06-11-2020,01:00:00,10.58509208,20.99873467,10.70433971,2020-11-06T01:00:00Z
Leeds,2020,06-11-2020,02:00:00,0,0.677644881,10.03738417,2020-11-06T02:00:00Z
Leeds,2020,06-11-2020,03:00:00,0,-11.7579697,-0.092591804,2020-11-06T03:00:00Z
Leeds,2020,06-11-2020,04:00:00,13.96895907,49.04453662,26.61883577,2020-11-06T04:00:00Z
Leeds,2020,06-11-2020,05:00:00,2.705236263,22.10456324,11.57885633,2020-11-06T05:00:00Z
Leeds,2020,06-11-2020,06:00:00,15.97234245,15.72031061,16.34244332,2020-11-06T06:00:00Z
Leeds,2020,06-11-2020,07:00:00,0,22.33173461,2.174515399,2020-11-06T07:00:00Z
Leeds,2020,06-11-2020,08:00:00,3.54028838,5.841628576,12.01215988,2020-11-06T08:00:00Z
Leeds,2020,06-11-2020,09:00:00,0.475720038,4.696745664,3.430378199,2020-11-06T09:00:00Z
Leeds,2020,06-11-2020,10:00:00,3.804738332,46.32339903,20.98630186,2020-11-06T10:00:00Z
Leeds,2020,06-11-2020,11:00:00,2.777176843,20.09388117,21.99099547,2020-11-06T11:00:00Z
Leeds,2020,06-11-2020,12:00:00,0,24.01860966,11.00312098,2020-11-06T12:00:00Z
Leeds,2020,06-11-2020,13:00:00,1.533574694,-0.807816938,5.08150258,2020-11-06T13:00:00Z
Leeds,2020,06-11-2020,14:00:00,10.25781927,33.79040606,20.75979161,2020-11-06T14:00:00Z
Leeds,2020,06-11-2020,15:00:00,6.792408862,-1.016644884,4.66843791,2020-11-06T15:00:00Z
Leeds,2020,06-11-2020,16:00:00,9.194379223,11.32116093,8.465859514,2020-11-06T16:00:00Z
Leeds,2020,06-11-2020,17:00:00,10.62697373,16.7987503,10.03790309,2020-11-06T17:00:00Z
Leeds,2020,06-11-2020,18:00:00,6.416896192,25.76853928,8.175874352,2020-11-06T18:00:00Z
Leeds,2020,06-11-2020,19:00:00,0.77796418,13.49400581,7.645597969,2020-11-06T19:00:00Z
Leeds,2020,06-11-2020,20:00:00,18.23348671,23.05359188,20.33456126,2020-11-06T20:00:00Z
Leeds,2020,06-11-2020,21:00:00,13.58515504,6.551525562,13.17846729,2020-11-06T21:00:00Z
Leeds,2020,06-11-2020,22:00:00,7.017363723,11.03684111,13.25763309,2020-11-06T22:00:00Z
Leeds,2020,06-11-2020,23:00:00,17.61313139,32.37571592,27.72066128,2020-11-06T23:00:00Z
Leeds,2020,07-11-2020,00:00:00,22.75758678,13.87767699,18.41926806,2020-11-07T00:00:00Z
Leeds,2020,07-11-2020,01:00:00,11.06214049,10.71000931,17.19002104,2020-11-07T01:00:00Z
Leeds,2020,07-11-2020,02:00:00,11.25553365,26.93612192,20.64766482,2020-11-07T02:00:00Z
Leeds,2020,07-11-2020,03:00:00,3.899293154,16.93305244,11.7465812,2020-11-07T03:00:00Z
Leeds,2020,07-11-2020,04:00:00,14.80578746,38.99626764,26.87181293,2020-11-07T04:00:00Z
Leeds,2020,07-11-2020,05:00:00,0,28.44096549,16.4794057,2020-11-07T05:00:00Z
Leeds,2020,07-11-2020,06:00:00,15.26897312,36.49411562,34.05270212,2020-11-07T06:00:00Z
Leeds,2020,07-11-2020,07:00:00,15.5532895,45.98934027,32.717454,2020-11-07T07:00:00Z
Leeds,2020,07-11-2020,08:00:00,0,-20.35475321,1.926205652,2020-11-07T08:00:00Z
Leeds,2020,07-11-2020,09:00:00,7.636435788,35.47153802,24.83866238,2020-11-07T09:00:00Z
Leeds,2020,07-11-2020,10:00:00,10.30772141,10.91029856,14.16771236,2020-11-07T10:00:00Z
Leeds,2020,07-11-2020,11:00:00,1.47576737,4.927924242,14.1876558,2020-11-07T11:00:00Z
Leeds,2020,07-11-2020,12:00:00,3.298507293,-4.045668906,-2.675473623,2020-11-07T12:00:00Z
Leeds,2020,07-11-2020,13:00:00,6.959200573,5.758270365,5.235000654,2020-11-07T13:00:00Z
Leeds,2020,07-11-2020,14:00:00,4.231572492,-6.697605598,-5.614361384,2020-11-07T14:00:00Z
Leeds,2020,07-11-2020,15:00:00,0,22.70216302,11.92344767,2020-11-07T15:00:00Z
Leeds,2020,07-11-2020,16:00:00,6.947777837,0.316875365,7.296652069,2020-11-07T16:00:00Z
Leeds,2020,07-11-2020,17:00:00,1.656247755,-1.972781456,6.116837982,2020-11-07T17:00:00Z
Leeds,2020,07-11-2020,18:00:00,5.89878603,7.188644443,4.919389746,2020-11-07T18:00:00Z
Leeds,2020,07-11-2020,19:00:00,4.825850622,29.21299915,15.06408435,2020-11-07T19:00:00Z
Leeds,2020,07-11-2020,20:00:00,17.04625846,27.64725475,15.4626103,2020-11-07T20:00:00Z
Leeds,2020,07-11-2020,21:00:00,4.26562403,27.37951666,5.168389467,2020-11-07T21:00:00Z
Leeds,2020,07-11-2020,22:00:00,4.01557233,8.307204333,16.11434992,2020-11-07T22:00:00Z
Leeds,2020,07-11-2020,23:00:00,2.457785393,-2.832397621,18.69579888,2020-11-07T23:00:00Z
Leeds,2020,08-11-2020,00:00:00,7.513820427,23.45335116,9.525965723,2020-11-08T00:00:00Z
Leeds,2020,08-11-2020,01:00:00,7.783363426,9.988992339,16.67869986,2020-11-08T01:00:00Z
Leeds,2020,08-11-2020,02:00:00,0,23.14572174,7.766322392,2020-11-08T02:00:00Z
Leeds,2020,08-11-2020,03:00:00,13.75182117,32.00413514,14.23505172,2020-11-08T03:00:00Z
Leeds,2020,08-11-2020,04:00:00,5.769590996,30.52715308,14.79987306,2020-11-08T04:00:00Z
Leeds,2020,08-11-2020,05:00:00,6.011106245,17.78631277,15.69729016,2020-11-08T05:00:00Z
Leeds,2020,08-11-2020,06:00:00,4.566093698,31.5707353,18.7406764,2020-11-08T06:00:00Z
Leeds,2020,08-11-2020,07:00:00,15.46147285,40.37705029,24.16485881,2020-11-08T07:00:00Z
Leeds,2020,08-11-2020,08:00:00,1.667822731,10.8479026,15.48581604,2020-11-08T08:00:00Z
Leeds,2020,08-11-2020,09:00:00,12.00200083,28.45284178,23.51071554,2020-11-08T09:00:00Z
Leeds,2020,08-11-2020,10:00:00,9.113873841,19.59659081,11.81683565,2020-11-08T10:00:00Z
Leeds,2020,08-11-2020,11:00:00,11.3934057,2.522273945,12.35549541,2020-11-08T11:00:00Z
Leeds,2020,08-11-2020,12:00:00,14.43892343,33.12900407,21.41129997,2020-11-08T12:00:00Z
Leeds,2020,08-11-2020,13:00:00,13.68533153,23.18102941,10.32108172,2020-11-08T13:00:00Z
Leeds,2020,08-11-2020,14:00:00,11.96607376,19.3618321,7.461716394,2020-11-08T14:00:00Z
Leeds,2020,08-11-2020,15:00:00,6.216951083,1.20415483,-2.060909942,2020-11-08T15:00:00Z
Leeds,2020,08-11-2020,16:00:00,24.69704898,53.63391116,33.18286382,2020-11-08T16:00:00Z
Leeds,2020,08-11-2020,17:00:00,0,1.74105135,4.179587432,2020-11-08T17:00:00Z
Leeds,2020,08-11-2020,18:00:00,10.86422291,19.71047938,21.0397095,2020-11-08T18:00:00Z
Leeds,2020,08-11-2020,19:00:00,14.05022437,20.64991022,21.4090788,2020-11-08T19:00:00Z
Leeds,2020,08-11-2020,20:00:00,14.81659038,30.53931761,18.72119945,2020-11-08T20:00:00Z
Leeds,2020,08-11-2020,21:00:00,12.76065645,17.76269302,22.6800922,2020-11-08T21:00:00Z
Leeds,2020,08-11-2020,22:00:00,12.62825885,-2.463654115,12.11469929,2020-11-08T22:00:00Z
Leeds,2020,08-11-2020,23:00:00,11.40365669,24.79414488,26.21503874,2020-11-08T23:00:00Z
Leeds,2020,09-11-2020,00:00:00,18.29677545,32.84994249,14.7209778,2020-11-09T00:00:00Z
Leeds,2020,09-11-2020,01:00:00,10.56642624,27.93960186,25.75653861,2020-11-09T01:00:00Z
Leeds,2020,09-11-2020,02:00:00,0,-7.574777848,-0.116810099,2020-11-09T02:00:00Z
Leeds,2020,09-11-2020,03:00:00,18.23061886,21.40682041,19.59543898,2020-11-09T03:00:00Z
Leeds,2020,09-11-2020,04:00:00,16.86592614,23.47318197,19.23245283,2020-11-09T04:00:00Z
Leeds,2020,09-11-2020,05:00:00,6.690367448,9.860216893,6.905274177,2020-11-09T05:00:00Z
Leeds,2020,09-11-2020,06:00:00,1.519837543,-14.0638504,-6.628937523,2020-11-09T06:00:00Z
Leeds,2020,09-11-2020,07:00:00,4.92808621,17.59092059,16.39672476,2020-11-09T07:00:00Z
Leeds,2020,09-11-2020,08:00:00,5.362675045,13.30615614,14.34093705,2020-11-09T08:00:00Z
Leeds,2020,09-11-2020,09:00:00,3.450335053,-0.988467467,9.854912052,2020-11-09T09:00:00Z
Leeds,2020,09-11-2020,10:00:00,12.56125388,19.11097992,21.24062717,2020-11-09T10:00:00Z
Leeds,2020,09-11-2020,11:00:00,11.04523533,11.27659732,5.867053455,2020-11-09T11:00:00Z
Leeds,2020,09-11-2020,12:00:00,16.74476088,28.38647884,19.95977941,2020-11-09T12:00:00Z
Leeds,2020,09-11-2020,13:00:00,4.530976229,30.78767574,16.94168659,2020-11-09T13:00:00Z
Leeds,2020,09-11-2020,14:00:00,10.30198066,24.23570482,16.01655626,2020-11-09T14:00:00Z
Leeds,2020,09-11-2020,15:00:00,0,4.309016129,4.922749234,2020-11-09T15:00:00Z
Leeds,2020,09-11-2020,16:00:00,3.942062186,4.777302045,11.02348465,2020-11-09T16:00:00Z
Leeds,2020,09-11-2020,17:00:00,10.82971102,40.38214548,20.87914579,2020-11-09T17:00:00Z
Leeds,2020,09-11-2020,18:00:00,0.691883603,2.48393948,9.814337007,2020-11-09T18:00:00Z
Leeds,2020,09-11-2020,19:00:00,2.761164985,21.69498841,17.89006913,2020-11-09T19:00:00Z
Leeds,2020,09-11-2020,20:00:00,8.681505264,28.08663333,14.50671713,2020-11-09T20:00:00Z
Leeds,2020,09-11-2020,21:00:00,3.471821209,-6.36658353,-7.170882423,2020-11-09T21:00:00Z
Leeds,2020,09-11-2020,22:00:00,4.982993327,7.522809669,10.69311882,2020-11-09T22:00:00Z
Leeds,2020,09-11-2020,23:00:00,16.99074874,44.44669587,27.95423468,2020-11-09T23:00:00Z
Leeds,2020,10-11-2020,00:00:00,11.91033721,14.89664553,20.19695922,2020-11-10T00:00:00Z
Leeds,2020,10-11-2020,01:00:00,4.106421958,54.00962676,26.23188802,2020-11-10T01:00:00Z
Leeds,2020,10-11-2020,02:00:00,17.27889499,36.63082643,20.93403815,2020-11-10T02:00:00Z
Leeds,2020,10-11-2020,03:00:00,9.322916497,10.68168893,7.901851601,2020-11-10T03:00:00Z
Leeds,2020,10-11-2020,04:00:00,12.69556047,12.25320936,17.88499629,2020-11-10T04:00:00Z
Leeds,2020,10-11-2020,05:00:00,12.34263802,67.89498178,31.03678725,2020-11-10T05:00:00Z
Leeds,2020,10-11-2020,06:00:00,11.04019322,-19.16202509,-0.947506575,2020-11-10T06:00:00Z
Leeds,2020,10-11-2020,07:00:00,2.099175496,5.93728518,5.9300532,2020-11-10T07:00:00Z
Leeds,2020,10-11-2020,08:00:00,13.74281266,8.129186314,19.80221971,2020-11-10T08:00:00Z
Leeds,2020,10-11-2020,09:00:00,4.153641551,32.66741198,17.92504322,2020-11-10T09:00:00Z
Leeds,2020,10-11-2020,10:00:00,8.677633453,19.7269245,9.642805669,2020-11-10T10:00:00Z
Leeds,2020,10-11-2020,11:00:00,8.984030444,7.033794407,16.97385627,2020-11-10T11:00:00Z
Leeds,2020,10-11-2020,12:00:00,0,16.8568958,14.84812554,2020-11-10T12:00:00Z
Leeds,2020,10-11-2020,13:00:00,5.683117005,35.84287876,18.09883563,2020-11-10T13:00:00Z
Leeds,2020,10-11-2020,14:00:00,4.489518343,-0.227736235,11.66773685,2020-11-10T14:00:00Z
Leeds,2020,10-11-2020,15:00:00,9.405898733,41.91830042,20.66827385,2020-11-10T15:00:00Z
Leeds,2020,10-11-2020,16:00:00,8.736302298,8.680246071,-0.726535771,2020-11-10T16:00:00Z
Leeds,2020,10-11-2020,17:00:00,12.71405772,25.83431787,19.2734162,2020-11-10T17:00:00Z
Leeds,2020,10-11-2020,18:00:00,7.024821585,17.6893621,23.98528454,2020-11-10T18:00:00Z
Leeds,2020,10-11-2020,19:00:00,8.524126313,26.91652335,14.74932126,2020-11-10T19:00:00Z
Leeds,2020,10-11-2020,20:00:00,2.561699182,8.743627649,2.373029346,2020-11-10T20:00:00Z
Leeds,2020,10-11-2020,21:00:00,30.95454237,43.5467239,32.33879592,2020-11-10T21:00:00Z
Leeds,2020,10-11-2020,22:00:00,16.19170821,22.20111137,16.89465191,2020-11-10T22:00:00Z
Leeds,2020,10-11-2020,23:00:00,9.964123975,13.3965527,14.209127,2020-11-10T23:00:00Z
Leeds,2021,01-11-2021,00:00:00,4.022765144,13.46500266,3.273156962,2021-11-01T00:00:00Z
Leeds,2021,01-11-2021,01:00:00,2.289938637,25.618874,21.86838604,2021-11-01T01:00:00Z
Leeds,2021,01-11-2021,02:00:00,15.01778739,36.67953267,21.15607984,2021-11-01T02:00:00Z
Leeds,2021,01-11-2021,03:00:00,1.371730132,-11.41367899,1.72128264,2021-11-01T03:00:00Z
Leeds,2021,01-11-2021,04:00:00,0,-6.895339378,-0.385432913,2021-11-01T04:00:00Z
Leeds,2021,01-11-2021,05:00:00,9.352713195,21.62026033,19.69342988,2021-11-01T05:00:00Z
Leeds,2021,01-11-2021,06:00:00,9.159597616,31.82792308,20.77109549,2021-11-01T06:00:00Z
Leeds,2021,01-11-2021,07:00:00,8.706025121,-11.69069771,-0.570873812,2021-11-01T07:00:00Z
Leeds,2021,01-11-2021,08:00:00,8.733741833,28.3703654,28.86793865,2021-11-01T08:00:00Z
Leeds,2021,01-11-2021,09:00:00,6.403388957,14.69460118,10.98095828,2021-11-01T09:00:00Z
Leeds,2021,01-11-2021,10:00:00,0,0.556794656,0.519256322,2021-11-01T10:00:00Z
Leeds,2021,01-11-2021,11:00:00,15.43663249,28.37585369,23.55698641,2021-11-01T11:00:00Z
Leeds,2021,01-11-2021,12:00:00,6.487527636,28.96746544,16.77406341,2021-11-01T12:00:00Z
Leeds,2021,01-11-2021,13:00:00,7.542871456,16.64627338,17.23402214,2021-11-01T13:00:00Z
Leeds,2021,01-11-2021,14:00:00,7.866349931,-15.08916741,-0.645450619,2021-11-01T14:00:00Z
Leeds,2021,01-11-2021,15:00:00,9.987059497,30.9310724,20.68702042,2021-11-01T15:00:00Z
Leeds,2021,01-11-2021,16:00:00,6.395408227,-9.026553682,1.158347005,2021-11-01T16:00:00Z
Leeds,2021,01-11-2021,17:00:00,11.88226402,18.69606451,15.61658834,2021-11-01T17:00:00Z
Leeds,2021,01-11-2021,18:00:00,1.687724938,-2.853599196,4.19668012,2021-11-01T18:00:00Z
Leeds,2021,01-11-2021,19:00:00,9.435085435,19.74936432,24.67179351,2021-11-01T19:00:00Z
Leeds,2021,01-11-2021,20:00:00,1.494132076,19.32544548,14.43338576,2021-11-01T20:00:00Z
Leeds,2021,01-11-2021,21:00:00,5.072540211,29.29336036,8.725668389,2021-11-01T21:00:00Z
Leeds,2021,01-11-2021,22:00:00,14.35685417,15.66416932,18.93567234,2021-11-01T22:00:00Z
Leeds,2021,01-11-2021,23:00:00,7.44775283,24.63813053,22.23890853,2021-11-01T23:00:00Z
Leeds,2021,02-11-2021,00:00:00,5.286857098,9.84676691,12.49674696,2021-11-02T00:00:00Z
Leeds,2021,02-11-2021,01:00:00,12.65864595,38.1395994,22.99225237,2021-11-02T01:00:00Z
Leeds,2021,02-11-2021,02:00:00,5.948432831,15.92152649,11.69387207,2021-11-02T02:00:00Z
Leeds,2021,02-11-2021,03:00:00,12.80674772,44.20139911,20.75455529,2021-11-02T03:00:00Z
Leeds,2021,02-11-2021,04:00:00,2.420820279,21.41064986,7.85496011,2021-11-02T04:00:00Z
Leeds,2021,02-11-2021,05:00:00,1.878207477,7.495649241,11.33159773,2021-11-02T05:00:00Z
Leeds,2021,02-11-2021,06:00:00,11.61004618,32.18514281,20.23568968,2021-11-02T06:00:00Z
Leeds,2021,02-11-2021,07:00:00,11.06088528,21.94640739,21.10527954,2021-11-02T07:00:00Z
Leeds,2021,02-11-2021,08:00:00,7.238623045,18.75329059,9.419679835,2021-11-02T08:00:00Z
Leeds,2021,02-11-2021,09:00:00,8.974272911,19.05506198,14.31879254,2021-11-02T09:00:00Z
Leeds,2021,02-11-2021,10:00:00,11.15773998,15.88822217,15.3901768,2021-11-02T10:00:00Z
Leeds,2021,02-11-2021,11:00:00,5.991678258,26.49404027,15.63112872,2021-11-02T11:00:00Z
Leeds,2021,02-11-2021,12:00:00,0,12.95220777,9.400224024,2021-11-02T12:00:00Z
Leeds,2021,02-11-2021,13:00:00,0,10.52409827,-1.257735513,2021-11-02T13:00:00Z
Leeds,2021,02-11-2021,14:00:00,6.332800135,56.2436623,22.75455721,2021-11-02T14:00:00Z
Leeds,2021,02-11-2021,15:00:00,16.54925006,24.88336285,18.17281597,2021-11-02T15:00:00Z
Leeds,2021,02-11-2021,16:00:00,7.700834805,15.30299862,10.88435365,2021-11-02T16:00:00Z
Leeds,2021,02-11-2021,17:00:00,7.127565775,8.60194131,3.930386077,2021-11-02T17:00:00Z
Leeds,2021,02-11-2021,18:00:00,3.130687185,10.21524884,12.60852134,2021-11-02T18:00:00Z
Leeds,2021,02-11-2021,19:00:00,12.7468729,20.68252755,14.14478035,2021-11-02T19:00:00Z
Leeds,2021,02-11-2021,20:00:00,8.613946215,24.2686325,7.583584551,2021-11-02T20:00:00Z
Leeds,2021,02-11-2021,21:00:00,14.4298263,15.11098956,16.62900633,2021-11-02T21:00:00Z
Leeds,2021,02-11-2021,22:00:00,15.23126449,36.03365412,19.78482949,2021-11-02T22:00:00Z
Leeds,2021,02-11-2021,23:00:00,12.69629076,30.9806044,20.46418978,2021-11-02T23:00:00Z
Leeds,2021,03-11-2021,00:00:00,14.45003075,25.5611322,23.77706294,2021-11-03T00:00:00Z
Leeds,2021,03-11-2021,01:00:00,3.013427672,13.98264535,18.59181554,2021-11-03T01:00:00Z
Leeds,2021,03-11-2021,02:00:00,7.93384031,28.88066935,24.9690988,2021-11-03T02:00:00Z
Leeds,2021,03-11-2021,03:00:00,9.624251121,25.89928966,13.21195331,2021-11-03T03:00:00Z
Leeds,2021,03-11-2021,04:00:00,0,-0.336467095,3.810243602,2021-11-03T04:00:00Z
Leeds,2021,03-11-2021,05:00:00,0,33.76798196,12.16561789,2021-11-03T05:00:00Z
Leeds,2021,03-11-2021,06:00:00,2.388039027,32.13983912,12.50862296,2021-11-03T06:00:00Z
Leeds,2021,03-11-2021,07:00:00,18.39714504,30.63454536,15.96169416,2021-11-03T07:00:00Z
Leeds,2021,03-11-2021,08:00:00,9.271327748,23.16462987,19.74164526,2021-11-03T08:00:00Z
Leeds,2021,03-11-2021,09:00:00,0,9.68846691,9.61358686,2021-11-03T09:00:00Z
Leeds,2021,03-11-2021,10:00:00,8.068016506,28.99544053,14.01878585,2021-11-03T10:00:00Z
Leeds,2021,03-11-2021,11:00:00,7.274457747,27.63840158,24.35198359,2021-11-03T11:00:00Z
Leeds,2021,03-11-2021,12:00:00,5.518727169,21.6795226,13.28147095,2021-11-03T12:00:00Z
Leeds,2021,03-11-2021,13:00:00,12.47761866,17.57502239,9.56328035,2021-11-03T13:00:00Z
Leeds,2021,03-11-2021,14:00:00,10.40173811,23.80908694,8.049724449,2021-11-03T14:00:00Z
Leeds,2021,03-11-2021,15:00:00,5.266564842,-5.300558397,4.459497101,2021-11-03T15:00:00Z
Leeds,2021,03-11-2021,16:00:00,15.9424132,23.10727997,16.84065105,2021-11-03T16:00:00Z
Leeds,2021,03-11-2021,17:00:00,27.21888481,29.77014306,25.96600559,2021-11-03T17:00:00Z
Leeds,2021,03-11-2021,18:00:00,2.918166941,19.70825532,13.95197261,2021-11-03T18:00:00Z
Leeds,2021,03-11-2021,19:00:00,6.042614968,15.92173982,16.88550098,2021-11-03T19:00:00Z
Leeds,2021,03-11-2021,20:00:00,13.46675149,8.664213217,13.41246544,2021-11-03T20:00:00Z
Leeds,2021,03-11-2021,21:00:00,11.55250825,41.38015093,27.87773583,2021-11-03T21:00:00Z
Leeds,2021,03-11-2021,22:00:00,11.91690977,7.217932446,8.31374491,2021-11-03T22:00:00Z
Leeds,2021,03-11-2021,23:00:00,6.311512062,33.39841377,18.55394777,2021-11-03T23:00:00Z
Leeds,2021,04-11-2021,00:00:00,4.030740502,20.74033198,16.01127394,2021-11-04T00:00:00Z
Leeds,2021,04-11-2021,01:00:00,5.921273523,8.834919949,11.60148951,2021-11-04T01:00:00Z
Leeds,2021,04-11-2021,02:00:00,2.674048746,7.08288691,10.397771,2021-11-04T02:00:00Z
Leeds,2021,04-11-2021,03:00:00,5.858821789,6.863923582,15.71219706,2021-11-04T03:00:00Z
Leeds,2021,04-11-2021,04:00:00,9.621575478,36.70973374,26.21493036,2021-11-04T04:00:00Z
Leeds,2021,04-11-2021,05:00:00,0,-8.521151333,-1.343370469,2021-11-04T05:00:00Z
Leeds,2021,04-11-2021,06:00:00,13.2473483,17.66829437,25.68944145,2021-11-04T06:00:00Z
Leeds,2021,04-11-2021,07:00:00,8.324047589,8.547298208,16.89109678,2021-11-04T07:00:00Z
Leeds,2021,04-11-2021,08:00:00,6.433572053,6.01887749,2.602911128,2021-11-04T08:00:00Z
Leeds,2021,04-11-2021,09:00:00,13.35881113,-6.78450214,-0.917990643,2021-11-04T09:00:00Z
Leeds,2021,04-11-2021,10:00:00,25.00937001,51.52841919,34.41704582,2021-11-04T10:00:00Z
Leeds,2021,04-11-2021,11:00:00,2.478660699,14.15322277,10.94629032,2021-11-04T11:00:00Z
Leeds,2021,04-11-2021,12:00:00,0,0.317106062,-6.05975639,2021-11-04T12:00:00Z
Leeds,2021,04-11-2021,13:00:00,14.84320162,41.32243337,32.90069372,2021-11-04T13:00:00Z
Leeds,2021,04-11-2021,14:00:00,20.37118302,22.09615159,17.2302912,2021-11-04T14:00:00Z
Leeds,2021,04-11-2021,15:00:00,0,-10.01953402,9.102788234,2021-11-04T15:00:00Z
Leeds,2021,04-11-2021,16:00:00,6.852722909,6.021404602,13.49850047,2021-11-04T16:00:00Z
Leeds,2021,04-11-2021,17:00:00,5.80931863,23.89904019,22.60079471,2021-11-04T17:00:00Z
Leeds,2021,04-11-2021,18:00:00,7.856758378,19.56423596,13.74895613,2021-11-04T18:00:00Z
Leeds,2021,04-11-2021,19:00:00,5.538062294,30.50572874,11.92037149,2021-11-04T19:00:00Z
Leeds,2021,04-11-2021,20:00:00,6.607481395,29.08778256,17.32622928,2021-11-04T20:00:00Z
Leeds,2021,04-11-2021,21:00:00,15.12938046,36.03019831,27.00805406,2021-11-04T21:00:00Z
Leeds,2021,04-11-2021,22:00:00,6.222328075,8.580299921,7.197037407,2021-11-04T22:00:00Z
Leeds,2021,04-11-2021,23:00:00,16.11643295,37.63333934,25.5592853,2021-11-04T23:00:00Z
Leeds,2021,05-11-2021,00:00:00,44.30929287,100.7697979,81.78459496,2021-11-05T00:00:00Z
Leeds,2021,05-11-2021,01:00:00,45.71034663,155.3637159,117.025148,2021-11-05T01:00:00Z
Leeds,2021,05-11-2021,02:00:00,44.82539511,80.7068411,78.00666296,2021-11-05T02:00:00Z
Leeds,2021,05-11-2021,03:00:00,42.3365385,159.8895495,122.4954344,2021-11-05T03:00:00Z
Leeds,2021,05-11-2021,04:00:00,20.24546461,76.2585162,54.49179632,2021-11-05T04:00:00Z
Leeds,2021,05-11-2021,05:00:00,32.53176745,90.42178463,70.85993227,2021-11-05T05:00:00Z
Leeds,2021,05-11-2021,06:00:00,18.95087844,52.72801168,47.76332276,2021-11-05T06:00:00Z
Leeds,2021,05-11-2021,07:00:00,80.50699418,166.2654337,126.7487323,2021-11-05T07:00:00Z
Leeds,2021,05-11-2021,08:00:00,46.5206605,116.6733224,91.13194274,2021-11-05T08:00:00Z
Leeds,2021,05-11-2021,09:00:00,46.82769832,131.0838306,109.6390274,2021-11-05T09:00:00Z
Leeds,2021,05-11-2021,10:00:00,50.49722036,135.5800129,120.7065709,2021-11-05T10:00:00Z
Leeds,2021,05-11-2021,11:00:00,70.25688323,136.8867652,121.8780462,2021-11-05T11:00:00Z
Leeds,2021,05-11-2021,12:00:00,48.39952676,95.10187236,76.13156573,2021-11-05T12:00:00Z
Leeds,2021,05-11-2021,13:00:00,42.26053498,95.92730534,69.4915636,2021-11-05T13:00:00Z
Leeds,2021,05-11-2021,14:00:00,52.59723317,159.8280468,124.9773268,2021-11-05T14:00:00Z
Leeds,2021,05-11-2021,15:00:00,45.53032882,122.1013969,81.14117406,2021-11-05T15:00:00Z
Leeds,2021,05-11-2021,16:00:00,36.43866245,61.98588268,64.24613052,2021-11-05T16:00:00Z
Leeds,2021,05-11-2021,17:00:00,50.90521209,124.4292097,92.61371505,2021-11-05T17:00:00Z
Leeds,2021,05-11-2021,18:00:00,39.28185375,109.3073326,73.37277106,2021-11-05T18:00:00Z
Leeds,2021,05-11-2021,19:00:00,53.65270663,117.7166093,85.4687923,2021-11-05T19:00:00Z
Leeds,2021,05-11-2021,20:00:00,87.37830609,171.0505582,132.8072136,2021-11-05T20:00:00Z
Leeds,2021,05-11-2021,21:00:00,35.87921505,67.01531737,57.57251829,2021-11-05T21:00:00Z
Leeds,2021,05-11-2021,22:00:00,27.51805815,73.06144573,69.68710395,2021-11-05T22:00:00Z
Leeds,2021,05-11-2021,23:00:00,40.78956304,95.72965491,76.12220054,2021-11-05T23:00:00Z
Leeds,2021,06-11-2021,00:00:00,20.62289417,46.89808732,35.25252288,2021-11-06T00:00:00Z
Leeds,2021,06-11-2021,01:00:00,10.26469109,20.79836233,14.01361095,2021-11-06T01:00:00Z
Leeds,2021,06-11-2021,02:00:00,10.46487522,34.60245806,16.61825269,2021-11-06T02:00:00Z
Leeds,2021,06-11-2021,03:00:00,12.80139078,35.5623238,21.54469333,2021-11-06T03:00:00Z
Leeds,2021,06-11-2021,04:00:00,12.04286263,20.21168695,15.57037829,2021-11-06T04:00:00Z
Leeds,2021,06-11-2021,05:00:00,12.25264048,29.45580155,16.82408369,2021-11-06T05:00:00Z
Leeds,2021,06-11-2021,06:00:00,5.45858485,20.29430011,21.60681015,2021-11-06T06:00:00Z
Leeds,2021,06-11-2021,07:00:00,23.36517383,53.72594142,31.1549814,2021-11-06T07:00:00Z
Leeds,2021,06-11-2021,08:00:00,10.4149299,18.06698725,16.45391226,2021-11-06T08:00:00Z
Leeds,2021,06-11-2021,09:00:00,17.51247708,16.78547869,21.38107543,2021-11-06T09:00:00Z
Leeds,2021,06-11-2021,10:00:00,0,-2.62608264,7.618716151,2021-11-06T10:00:00Z
Leeds,2021,06-11-2021,11:00:00,11.15192615,22.31763387,24.14963275,2021-11-06T11:00:00Z
Leeds,2021,06-11-2021,12:00:00,11.83515738,13.05276033,24.02141455,2021-11-06T12:00:00Z
Leeds,2021,06-11-2021,13:00:00,0,18.16120217,1.068939268,2021-11-06T13:00:00Z
Leeds,2021,06-11-2021,14:00:00,6.645960715,30.90829414,14.66717206,2021-11-06T14:00:00Z
Leeds,2021,06-11-2021,15:00:00,8.995557554,34.7308727,32.02561268,2021-11-06T15:00:00Z
Leeds,2021,06-11-2021,16:00:00,8.152712548,35.79207166,20.19200284,2021-11-06T16:00:00Z
Leeds,2021,06-11-2021,17:00:00,0,-6.36334182,1.957858443,2021-11-06T17:00:00Z
Leeds,2021,06-11-2021,18:00:00,6.377798986,31.78470407,17.44318563,2021-11-06T18:00:00Z
Leeds,2021,06-11-2021,19:00:00,9.095347934,6.025479103,11.39431269,2021-11-06T19:00:00Z
Leeds,2021,06-11-2021,20:00:00,5.28632865,-11.61110063,0.691153338,2021-11-06T20:00:00Z
Leeds,2021,06-11-2021,21:00:00,9.525108298,27.89921759,16.63193439,2021-11-06T21:00:00Z
Leeds,2021,06-11-2021,22:00:00,0,8.655661233,1.992798666,2021-11-06T22:00:00Z
Leeds,2021,06-11-2021,23:00:00,13.54611692,19.87341151,17.98459953,2021-11-06T23:00:00Z
Leeds,2021,07-11-2021,00:00:00,14.62034011,3.519064475,9.193304209,2021-11-07T00:00:00Z
Leeds,2021,07-11-2021,01:00:00,15.49337537,41.97898619,26.50593428,2021-11-07T01:00:00Z
Leeds,2021,07-11-2021,02:00:00,5.704379737,50.55358185,25.20512065,2021-11-07T02:00:00Z
Leeds,2021,07-11-2021,03:00:00,18.29857493,22.66552658,21.54394812,2021-11-07T03:00:00Z
Leeds,2021,07-11-2021,04:00:00,28.49671137,38.6689917,31.64656153,2021-11-07T04:00:00Z
Leeds,2021,07-11-2021,05:00:00,0,2.748157565,1.421085405,2021-11-07T05:00:00Z
Leeds,2021,07-11-2021,06:00:00,4.300142469,14.12274514,12.42434477,2021-11-07T06:00:00Z
Leeds,2021,07-11-2021,07:00:00,8.73760813,36.73101036,14.59083857,2021-11-07T07:00:00Z
Leeds,2021,07-11-2021,08:00:00,17.77821591,8.600901939,15.44766654,2021-11-07T08:00:00Z
Leeds,2021,07-11-2021,09:00:00,3.775275312,0.955449564,13.10386276,2021-11-07T09:00:00Z
Leeds,2021,07-11-2021,10:00:00,6.069162748,5.584874524,12.12918137,2021-11-07T10:00:00Z
Leeds,2021,07-11-2021,11:00:00,0,11.05583981,10.4356938,2021-11-07T11:00:00Z
Leeds,2021,07-11-2021,12:00:00,18.15463879,24.46887727,17.3820391,2021-11-07T12:00:00Z
Leeds,2021,07-11-2021,13:00:00,16.6553358,44.55853536,26.85505485,2021-11-07T13:00:00Z
Leeds,2021,07-11-2021,14:00:00,27.91176725,27.73414493,26.55234304,2021-11-07T14:00:00Z
Leeds,2021,07-11-2021,15:00:00,11.03736274,-0.118351215,12.46031613,2021-11-07T15:00:00Z
Leeds,2021,07-11-2021,16:00:00,7.386458138,12.602227450000001,15.44001063,2021-11-07T16:00:00Z
Leeds,2021,07-11-2021,17:00:00,5.374974456,12.57751875,5.936997942,2021-11-07T17:00:00Z
Leeds,2021,07-11-2021,18:00:00,6.048153179,8.762458209,6.694318666,2021-11-07T18:00:00Z
Leeds,2021,07-11-2021,19:00:00,13.9427557,43.16108853,27.69520384,2021-11-07T19:00:00Z
Leeds,2021,07-11-2021,20:00:00,12.50495363,6.199993168,15.00476779,2021-11-07T20:00:00Z
Leeds,2021,07-11-2021,21:00:00,17.89138875,35.01328113,27.17237716,2021-11-07T21:00:00Z
Leeds,2021,07-11-2021,22:00:00,3.123719295,24.53488704,17.8125857,2021-11-07T22:00:00Z
Leeds,2021,07-11-2021,23:00:00,3.861479733,19.36443085,14.34408178,2021-11-07T23:00:00Z
Leeds,2021,08-11-2021,00:00:00,14.53382026,15.31693663,16.48351273,2021-11-08T00:00:00Z
Leeds,2021,08-11-2021,01:00:00,6.768288455,-11.54366944,4.121301006,2021-11-08T01:00:00Z
Leeds,2021,08-11-2021,02:00:00,22.8106403,27.44663283,26.46491399,2021-11-08T02:00:00Z
Leeds,2021,08-11-2021,03:00:00,5.93896271,29.93673474,7.391375429,2021-11-08T03:00:00Z
Leeds,2021,08-11-2021,04:00:00,13.4535743,21.63599034,21.30612515,2021-11-08T04:00:00Z
Leeds,2021,08-11-2021,05:00:00,10.41837624,30.67508607,20.96376421,2021-11-08T05:00:00Z
Leeds,2021,08-11-2021,06:00:00,19.15593572,50.4894147,32.78599986,2021-11-08T06:00:00Z
Leeds,2021,08-11-2021,07:00:00,15.90843496,34.58642591,17.9090251,2021-11-08T07:00:00Z
Leeds,2021,08-11-2021,08:00:00,14.67225296,21.60850337,16.47073807,2021-11-08T08:00:00Z
Leeds,2021,08-11-2021,09:00:00,15.12209877,25.10998441,30.51349554,2021-11-08T09:00:00Z
Leeds,2021,08-11-2021,10:00:00,6.355787983,8.974600559,15.77542305,2021-11-08T10:00:00Z
Leeds,2021,08-11-2021,11:00:00,11.52517274,30.75922155,21.01149773,2021-11-08T11:00:00Z
Leeds,2021,08-11-2021,12:00:00,12.29024443,12.14163403,16.88393399,2021-11-08T12:00:00Z
Leeds,2021,08-11-2021,13:00:00,13.06242331,32.55672182,26.12738629,2021-11-08T13:00:00Z
Leeds,2021,08-11-2021,14:00:00,12.40433726,8.125622269,13.98529743,2021-11-08T14:00:00Z
Leeds,2021,08-11-2021,15:00:00,2.921441534,51.42381564,23.63812549,2021-11-08T15:00:00Z
Leeds,2021,08-11-2021,16:00:00,17.0013744,46.35138251,29.87568831,2021-11-08T16:00:00Z
Leeds,2021,08-11-2021,17:00:00,0,17.26327417,-3.177545632,2021-11-08T17:00:00Z
Leeds,2021,08-11-2021,18:00:00,5.559350894,34.99474118,20.88111348,2021-11-08T18:00:00Z
Leeds,2021,08-11-2021,19:00:00,8.18425114,25.6054068,12.91911862,2021-11-08T19:00:00Z
Leeds,2021,08-11-2021,20:00:00,5.246414786,-3.105938093,5.742031524,2021-11-08T20:00:00Z
Leeds,2021,08-11-2021,21:00:00,11.48242113,36.68544196,18.14078176,2021-11-08T21:00:00Z
Leeds,2021,08-11-2021,22:00:00,0,13.95726217,7.830612392,2021-11-08T22:00:00Z
Leeds,2021,08-11-2021,23:00:00,10.77529198,22.68903359,19.58023267,2021-11-08T23:00:00Z
Leeds,2021,09-11-2021,00:00:00,3.470665543,10.06211337,8.023907316,2021-11-09T00:00:00Z
Leeds,2021,09-11-2021,01:00:00,18.47515052,35.52547569,35.2369838,2021-11-09T01:00:00Z
Leeds,2021,09-11-2021,02:00:00,16.38537046,37.83128319,19.99826295,2021-11-09T02:00:00Z
Leeds,2021,09-11-2021,03:00:00,3.277905835,23.70743306,5.41992553,2021-11-09T03:00:00Z
Leeds,2021,09-11-2021,04:00:00,0,-4.108705617,-3.954343176,2021-11-09T04:00:00Z
Leeds,2021,09-11-2021,05:00:00,4.048568473,17.82003228,13.36345325,2021-11-09T05:00:00Z
Leeds,2021,09-11-2021,06:00:00,13.61446758,23.4282619,16.27197589,2021-11-09T06:00:00Z
Leeds,2021,09-11-2021,07:00:00,1.276514975,23.78693603,11.002793,2021-11-09T07:00:00Z
Leeds,2021,09-11-2021,08:00:00,20.16004831,19.97747401,25.72208226,2021-11-09T08:00:00Z
Leeds,2021,09-11-2021,09:00:00,18.86425512,33.91795766,25.24263136,2021-11-09T09:00:00Z
Leeds,2021,09-11-2021,10:00:00,2.318003981,0.054892872,4.031668656,2021-11-09T10:00:00Z
Leeds,2021,09-11-2021,11:00:00,15.14356998,30.00256114,25.87822062,2021-11-09T11:00:00Z
Leeds,2021,09-11-2021,12:00:00,11.86231755,20.73733669,18.35172623,2021-11-09T12:00:00Z
Leeds,2021,09-11-2021,13:00:00,0,1.212377397,3.327496152,2021-11-09T13:00:00Z
Leeds,2021,09-11-2021,14:00:00,16.11024275,11.64586387,15.03656954,2021-11-09T14:00:00Z
Leeds,2021,09-11-2021,15:00:00,21.28598477,41.74157581,24.71494144,2021-11-09T15:00:00Z
Leeds,2021,09-11-2021,16:00:00,6.86390402,21.97133382,4.975619007,2021-11-09T16:00:00Z
Leeds,2021,09-11-2021,17:00:00,9.006527315,1.945996236,14.69155833,2021-11-09T17:00:00Z
Leeds,2021,09-11-2021,18:00:00,2.088128989,-3.409799956,10.69678666,2021-11-09T18:00:00Z
Leeds,2021,09-11-2021,19:00:00,1.849738386,7.764389265,2.922674848,2021-11-09T19:00:00Z
Leeds,2021,09-11-2021,20:00:00,3.29710243,11.66482714,11.99739582,2021-11-09T20:00:00Z
Leeds,2021,09-11-2021,21:00:00,26.15220529,41.58778251,22.50800247,2021-11-09T21:00:00Z
Leeds,2021,09-11-2021,22:00:00,1.183320251,2.380211004,9.253632914,2021-11-09T22:00:00Z
Leeds,2021,09-11-2021,23:00:00,17.19042872,36.6426041,28.21194734,2021-11-09T23:00:00Z
Leeds,2021,10-11-2021,00:00:00,1.620990346,15.80199314,3.702663696,2021-11-10T00:00:00Z
Leeds,2021,10-11-2021,01:00:00,5.771091448,22.17063274,20.17696845,2021-11-10T01:00:00Z
Leeds,2021,10-11-2021,02:00:00,6.733698866,16.50298821,26.92801953,2021-11-10T02:00:00Z
Leeds,2021,10-11-2021,03:00:00,11.855302,5.387470155,5.536106459,2021-11-10T03:00:00Z
Leeds,2021,10-11-2021,04:00:00,14.96895027,26.64324297,11.44311405,2021-11-10T04:00:00Z
Leeds,2021,10-11-2021,05:00:00,9.985936774,19.99406166,25.17969941,2021-11-10T05:00:00Z
Leeds,2021,10-11-2021,06:00:00,17.11133681,26.33783264,21.06417139,2021-11-10T06:00:00Z
Leeds,2021,10-11-2021,07:00:00,19.4830793,23.42676225,28.27620715,2021-11-10T07:00:00Z
Leeds,2021,10-11-2021,08:00:00,20.01051693,8.559625347,13.26959966,2021-11-10T08:00:00Z
Leeds,2021,10-11-2021,09:00:00,15.68097634,43.81166564,30.3515851,2021-11-10T09:00:00Z
Leeds,2021,10-11-2021,10:00:00,7.169917048,22.15043212,13.94299638,2021-11-10T10:00:00Z
Leeds,2021,10-11-2021,11:00:00,17.15427797,39.11980629,33.04745679,2021-11-10T11:00:00Z
Leeds,2021,10-11-2021,12:00:00,15.18290908,34.92358403,25.97371232,2021-11-10T12:00:00Z
Leeds,2021,10-11-2021,13:00:00,7.61659389,12.38739629,10.55743054,2021-11-10T13:00:00Z
Leeds,2021,10-11-2021,14:00:00,4.870506938,21.0645017,16.66194312,2021-11-10T14:00:00Z
Leeds,2021,10-11-2021,15:00:00,14.97740367,40.21245653,29.41796998,2021-11-10T15:00:00Z
Leeds,2021,10-11-2021,16:00:00,0,1.286779914,3.378395524,2021-11-10T16:00:00Z
Leeds,2021,10-11-2021,17:00:00,0,18.28190044,5.31943647,2021-11-10T17:00:00Z
Leeds,2021,10-11-2021,18:00:00,6.879879842,39.21932557,19.80754626,2021-11-10T18:00:00Z
Leeds,2021,10-11-2021,19:00:00,5.105748262,15.83854061,12.38129747,2021-11-10T19:00:00Z
Leeds,2021,10-11-2021,20:00:00,15.84405979,36.51438323,26.79230657,2021-11-10T20:00:00Z
Leeds,2021,10-11-2021,21:00:00,13.00148702,43.66900711,32.83361949,2021-11-10T21:00:00Z
Leeds,2021,10-11-2021,22:00:00,4.721090031,28.46639763,20.09620249,2021-11-10T22:00:00Z
Leeds,2021,10-11-2021,23:00:00,0,16.31094771,8.189889521,2021-11-10T23:00:00Z
Leeds,2022,01-11-2022,00:00:00,19.69286403,35.26658234,28.40480868,2022-11-01T00:00:00Z
Leeds,2022,01-11-2022,01:00:00,15.71537975,-0.359182538,15.90871779,2022-11-01T01:00:00Z
Leeds,2022,01-11-2022,02:00:00,7.800771824,3.633771449,4.296975262,2022-11-01T02:00:00Z
Leeds,2022,01-11-2022,03:00:00,0.503389554,21.80566921,19.15967536,2022-11-01T03:00:00Z
Leeds,2022,01-11-2022,04:00:00,0,5.142762114,9.345995899,2022-11-01T04:00:00Z
Leeds,2022,01-11-2022,05:00:00,16.3144375,23.85079869,18.73230384,2022-11-01T05:00:00Z
Leeds,2022,01-11-2022,06:00:00,1.193492737,4.153327365,-1.657941911,2022-11-01T06:00:00Z
Leeds,2022,01-11-2022,07:00:00,11.74839272,33.98468402,14.93223384,2022-11-01T07:00:00Z
Leeds,2022,01-11-2022,08:00:00,20.26524407,44.37800582,31.2869664,2022-11-01T08:00:00Z
Leeds,2022,01-11-2022,09:00:00,11.65580047,24.78752285,17.77150618,2022-11-01T09:00:00Z
Leeds,2022,01-11-2022,10:00:00,7.121702786,12.70477254,12.98185825,2022-11-01T10:00:00Z
Leeds,2022,01-11-2022,11:00:00,7.837661685,33.82726941,23.12895725,2022-11-01T11:00:00Z
Leeds,2022,01-11-2022,12:00:00,0,5.29302629,0.452442881,2022-11-01T12:00:00Z
Leeds,2022,01-11-2022,13:00:00,7.934282624,17.4488724,12.72377886,2022-11-01T13:00:00Z
Leeds,2022,01-11-2022,14:00:00,6.262223198,-20.30706272,6.649535232,2022-11-01T14:00:00Z
Leeds,2022,01-11-2022,15:00:00,4.904379001,16.52113163,8.446893037,2022-11-01T15:00:00Z
Leeds,2022,01-11-2022,16:00:00,0.409785425,9.431569755,5.615176178,2022-11-01T16:00:00Z
Leeds,2022,01-11-2022,17:00:00,4.114771759,4.97407897,-3.941563996,2022-11-01T17:00:00Z
Leeds,2022,01-11-2022,18:00:00,12.25478616,34.15342789,23.26578351,2022-11-01T18:00:00Z
Leeds,2022,01-11-2022,19:00:00,14.65799889,12.71515637,15.43464411,2022-11-01T19:00:00Z
Leeds,2022,01-11-2022,20:00:00,10.69108046,16.772041689999998,17.13209655,2022-11-01T20:00:00Z
Leeds,2022,01-11-2022,21:00:00,15.57725638,27.30044748,28.41854556,2022-11-01T21:00:00Z
Leeds,2022,01-11-2022,22:00:00,3.0533049,-1.963384066,4.085940548,2022-11-01T22:00:00Z
Leeds,2022,01-11-2022,23:00:00,0,-13.60599292,0.731340266,2022-11-01T23:00:00Z
Leeds,2022,02-11-2022,00:00:00,2.772155013,6.422770039,6.121173728,2022-11-02T00:00:00Z
Leeds,2022,02-11-2022,01:00:00,16.57339547,29.05898072,19.14790218,2022-11-02T01:00:00Z
Leeds,2022,02-11-2022,02:00:00,5.342259752,25.30404908,16.60832683,2022-11-02T02:00:00Z
Leeds,2022,02-11-2022,03:00:00,12.55582718,17.59295922,15.25932325,2022-11-02T03:00:00Z
Leeds,2022,02-11-2022,04:00:00,10.14179487,18.35751801,13.68852149,2022-11-02T04:00:00Z
Leeds,2022,02-11-2022,05:00:00,9.669741004,15.88265876,18.07357783,2022-11-02T05:00:00Z
Leeds,2022,02-11-2022,06:00:00,12.12050559,26.53625873,15.88360551,2022-11-02T06:00:00Z
Leeds,2022,02-11-2022,07:00:00,7.629218383,19.4660219,19.66283079,2022-11-02T07:00:00Z
Leeds,2022,02-11-2022,08:00:00,7.439258388,43.7039059,27.9903779,2022-11-02T08:00:00Z
Leeds,2022,02-11-2022,09:00:00,15.59910097,42.77180059,36.0421379,2022-11-02T09:00:00Z
Leeds,2022,02-11-2022,10:00:00,15.61168873,32.43840789,18.01330543,2022-11-02T10:00:00Z
Leeds,2022,02-11-2022,11:00:00,17.01128995,18.79551602,19.56565105,2022-11-02T11:00:00Z
Leeds,2022,02-11-2022,12:00:00,14.64925219,21.12155854,17.4072276,2022-11-02T12:00:00Z
Leeds,2022,02-11-2022,13:00:00,3.005801986,22.87125039,16.39771615,2022-11-02T13:00:00Z
Leeds,2022,02-11-2022,14:00:00,12.8961082,42.98086304,16.79953064,2022-11-02T14:00:00Z
Leeds,2022,02-11-2022,15:00:00,6.478678332,19.27490945,14.1257414,2022-11-02T15:00:00Z
Leeds,2022,02-11-2022,16:00:00,9.056597732,13.89656341,11.54785749,2022-11-02T16:00:00Z
Leeds,2022,02-11-2022,17:00:00,10.10185354,28.94998435,23.22756211,2022-11-02T17:00:00Z
Leeds,2022,02-11-2022,18:00:00,3.702173517,21.72535173,23.25097031,2022-11-02T18:00:00Z
Leeds,2022,02-11-2022,19:00:00,0,-21.500273580000002,0.393204019,2022-11-02T19:00:00Z
Leeds,2022,02-11-2022,20:00:00,16.01164639,46.34121021,21.45038688,2022-11-02T20:00:00Z
Leeds,2022,02-11-2022,21:00:00,11.89312691,39.77447703,23.18318908,2022-11-02T21:00:00Z
Leeds,2022,02-11-2022,22:00:00,8.638583052,14.97283486,8.766369825,2022-11-02T22:00:00Z
Leeds,2022,02-11-2022,23:00:00,0,-12.78465602,4.18747747,2022-11-02T23:00:00Z
Leeds,2022,03-11-2022,00:00:00,8.774219254,22.91874289,15.9806368,2022-11-03T00:00:00Z
Leeds,2022,03-11-2022,01:00:00,5.074340249,9.549970475,5.189431368,2022-11-03T01:00:00Z
Leeds,2022,03-11-2022,02:00:00,4.084515328,13.66390948,9.727458098,2022-11-03T02:00:00Z
Leeds,2022,03-11-2022,03:00:00,5.753036108,24.40990864,18.84544917,2022-11-03T03:00:00Z
Leeds,2022,03-11-2022,04:00:00,7.853510412,28.21224815,20.02659493,2022-11-03T04:00:00Z
Leeds,2022,03-11-2022,05:00:00,14.8486945,12.1603265,12.88837098,2022-11-03T05:00:00Z
Leeds,2022,03-11-2022,06:00:00,8.529241788,31.55467884,12.70240194,2022-11-03T06:00:00Z
Leeds,2022,03-11-2022,07:00:00,11.43058461,20.97989167,20.60617936,2022-11-03T07:00:00Z
Leeds,2022,03-11-2022,08:00:00,16.15854198,17.87533955,16.0796237,2022-11-03T08:00:00Z
Leeds,2022,03-11-2022,09:00:00,7.031947007,8.456572656,12.00987608,2022-11-03T09:00:00Z
Leeds,2022,03-11-2022,10:00:00,5.443958978,30.44814833,20.360218,2022-11-03T10:00:00Z
Leeds,2022,03-11-2022,11:00:00,13.67512938,22.33453991,16.28243641,2022-11-03T11:00:00Z
Leeds,2022,03-11-2022,12:00:00,13.8097931,31.10046936,26.47121182,2022-11-03T12:00:00Z
Leeds,2022,03-11-2022,13:00:00,6.224036882,39.79743014,23.14254704,2022-11-03T13:00:00Z
Leeds,2022,03-11-2022,14:00:00,10.59098994,25.66744665,11.02122488,2022-11-03T14:00:00Z
Leeds,2022,03-11-2022,15:00:00,13.62652167,14.27023919,15.36325423,2022-11-03T15:00:00Z
Leeds,2022,03-11-2022,16:00:00,4.232242728,26.72020256,18.35228968,2022-11-03T16:00:00Z
Leeds,2022,03-11-2022,17:00:00,9.500772997,12.51228877,15.89758849,2022-11-03T17:00:00Z
Leeds,2022,03-11-2022,18:00:00,3.482586664,16.58939802,5.61388496,2022-11-03T18:00:00Z
Leeds,2022,03-11-2022,19:00:00,4.816516797,9.599461933,8.122013736,2022-11-03T19:00:00Z
Leeds,2022,03-11-2022,20:00:00,1.975526878,9.851029426,1.528393656,2022-11-03T20:00:00Z
Leeds,2022,03-11-2022,21:00:00,1.074111865,2.531553725,-0.279752668,2022-11-03T21:00:00Z
Leeds,2022,03-11-2022,22:00:00,10.42360691,-8.272908502,5.461388495,2022-11-03T22:00:00Z
Leeds,2022,03-11-2022,23:00:00,0,15.33705978,17.79034458,2022-11-03T23:00:00Z
Leeds,2022,04-11-2022,00:00:00,18.11705535,42.69845434,27.46890871,2022-11-04T00:00:00Z
Leeds,2022,04-11-2022,01:00:00,11.32023242,-2.735283563,14.37253616,2022-11-04T01:00:00Z
Leeds,2022,04-11-2022,02:00:00,26.16279951,12.4918824,22.34893488,2022-11-04T02:00:00Z
Leeds,2022,04-11-2022,03:00:00,0,21.24343255,15.1802782,2022-11-04T03:00:00Z
Leeds,2022,04-11-2022,04:00:00,7.897804063,34.00709982,27.7186847,2022-11-04T04:00:00Z
Leeds,2022,04-11-2022,05:00:00,17.9351792,34.8310818,28.08450129,2022-11-04T05:00:00Z
Leeds,2022,04-11-2022,06:00:00,13.95755625,44.89388676,26.86794556,2022-11-04T06:00:00Z
Leeds,2022,04-11-2022,07:00:00,8.183191899,2.480961252,6.541586022,2022-11-04T07:00:00Z
Leeds,2022,04-11-2022,08:00:00,10.53322671,31.10063278,14.99969505,2022-11-04T08:00:00Z
Leeds,2022,04-11-2022,09:00:00,8.137016829,3.699024208,11.38108595,2022-11-04T09:00:00Z
Leeds,2022,04-11-2022,10:00:00,0.789903467,21.51259935,11.39183399,2022-11-04T10:00:00Z
Leeds,2022,04-11-2022,11:00:00,17.28413166,32.52870614,19.01184858,2022-11-04T11:00:00Z
Leeds,2022,04-11-2022,12:00:00,7.266056332,18.85393712,13.75859675,2022-11-04T12:00:00Z
Leeds,2022,04-11-2022,13:00:00,0,-11.46040172,-5.920057739,2022-11-04T13:00:00Z
Leeds,2022,04-11-2022,14:00:00,11.05746463,41.73285257,28.76841144,2022-11-04T14:00:00Z
Leeds,2022,04-11-2022,15:00:00,1.513324934,38.64873565,14.97105449,2022-11-04T15:00:00Z
Leeds,2022,04-11-2022,16:00:00,0.581878412,19.32710255,10.95714511,2022-11-04T16:00:00Z
Leeds,2022,04-11-2022,17:00:00,3.309050618,43.60236699,26.9541401,2022-11-04T17:00:00Z
Leeds,2022,04-11-2022,18:00:00,9.727947085,7.098473289,6.501756395,2022-11-04T18:00:00Z
Leeds,2022,04-11-2022,19:00:00,13.22658695,25.85913491,22.34115274,2022-11-04T19:00:00Z
Leeds,2022,04-11-2022,20:00:00,0,12.39576639,4.988592952,2022-11-04T20:00:00Z
Leeds,2022,04-11-2022,21:00:00,6.287073499,23.16828657,15.42646812,2022-11-04T21:00:00Z
Leeds,2022,04-11-2022,22:00:00,17.42690656,35.8047648,19.66341333,2022-11-04T22:00:00Z
Leeds,2022,04-11-2022,23:00:00,13.12251519,38.13149958,25.38682414,2022-11-04T23:00:00Z
Leeds,2022,05-11-2022,00:00:00,31.70838476,77.5654337,58.09569008,2022-11-05T00:00:00Z
Leeds,2022,05-11-2022,01:00:00,47.84686535,74.73102894,71.48759915,2022-11-05T01:00:00Z
Leeds,2022,05-11-2022,02:00:00,54.85938204,123.7523199,107.6837465,2022-11-05T02:00:00Z
Leeds,2022,05-11-2022,03:00:00,59.52013779,126.2901739,93.26371158,2022-11-05T03:00:00Z
Leeds,2022,05-11-2022,04:00:00,48.50254562,103.8138102,79.61751965,2022-11-05T04:00:00Z
Leeds,2022,05-11-2022,05:00:00,53.68389402,122.963396,102.0399312,2022-11-05T05:00:00Z
Leeds,2022,05-11-2022,06:00:00,56.10808272,95.28711387,77.66835282,2022-11-05T06:00:00Z
Leeds,2022,05-11-2022,07:00:00,17.15448594,63.44294213,45.61954455,2022-11-05T07:00:00Z
Leeds,2022,05-11-2022,08:00:00,72.10375637,131.5860936,99.60044006,2022-11-05T08:00:00Z
Leeds,2022,05-11-2022,09:00:00,44.98399393,124.0999024,110.5081367,2022-11-05T09:00:00Z
Leeds,2022,05-11-2022,10:00:00,47.69545595,85.57138445,68.55259269,2022-11-05T10:00:00Z
Leeds,2022,05-11-2022,11:00:00,65.09943311,120.7098567,98.11023914,2022-11-05T11:00:00Z
Leeds,2022,05-11-2022,12:00:00,14.3726691,40.91476724,36.37005186,2022-11-05T12:00:00Z
Leeds,2022,05-11-2022,13:00:00,81.61069076,168.8511357,142.4782273,2022-11-05T13:00:00Z
Leeds,2022,05-11-2022,14:00:00,30.62515409,94.93667007,68.44899648,2022-11-05T14:00:00Z
Leeds,2022,05-11-2022,15:00:00,47.77799879,103.6065315,83.51601777,2022-11-05T15:00:00Z
Leeds,2022,05-11-2022,16:00:00,21.29053445,55.54239907,52.40685217,2022-11-05T16:00:00Z
Leeds,2022,05-11-2022,17:00:00,56.31320133,117.1744016,81.69529697,2022-11-05T17:00:00Z
Leeds,2022,05-11-2022,18:00:00,44.46761794,118.0728093,85.9023757,2022-11-05T18:00:00Z
Leeds,2022,05-11-2022,19:00:00,71.88913721,157.59715979999999,109.2665298,2022-11-05T19:00:00Z
Leeds,2022,05-11-2022,20:00:00,85.90976888,181.6375794,152.3190585,2022-11-05T20:00:00Z
Leeds,2022,05-11-2022,21:00:00,43.96842789,89.85487904,75.01698943,2022-11-05T21:00:00Z
Leeds,2022,05-11-2022,22:00:00,45.80165349,90.36647499,70.39444293,2022-11-05T22:00:00Z
Leeds,2022,05-11-2022,23:00:00,13.43814244,54.94478613,48.53346148,2022-11-05T23:00:00Z
Leeds,2022,06-11-2022,00:00:00,21.14113489,21.98961955,23.83609544,2022-11-06T00:00:00Z
Leeds,2022,06-11-2022,01:00:00,12.61652883,30.47427252,17.26251555,2022-11-06T01:00:00Z
Leeds,2022,06-11-2022,02:00:00,1.04637216,-4.0322271,5.505745903,2022-11-06T02:00:00Z
Leeds,2022,06-11-2022,03:00:00,12.4506464,27.26311861,31.09560039,2022-11-06T03:00:00Z
Leeds,2022,06-11-2022,04:00:00,0,22.05320563,12.97658406,2022-11-06T04:00:00Z
Leeds,2022,06-11-2022,05:00:00,0,-15.95756778,2.201808425,2022-11-06T05:00:00Z
Leeds,2022,06-11-2022,06:00:00,14.7358886,15.01041802,12.47900942,2022-11-06T06:00:00Z
Leeds,2022,06-11-2022,07:00:00,7.258737656,38.48403701,23.30329363,2022-11-06T07:00:00Z
Leeds,2022,06-11-2022,08:00:00,16.41362357,21.38223253,21.06660383,2022-11-06T08:00:00Z
Leeds,2022,06-11-2022,09:00:00,13.38313832,15.95327726,17.94436235,2022-11-06T09:00:00Z
Leeds,2022,06-11-2022,10:00:00,4.875969839,18.66374905,10.98970663,2022-11-06T10:00:00Z
Leeds,2022,06-11-2022,11:00:00,2.456212911,9.619477637,13.20405739,2022-11-06T11:00:00Z
Leeds,2022,06-11-2022,12:00:00,0,4.700507569,-10.39313351,2022-11-06T12:00:00Z
Leeds,2022,06-11-2022,13:00:00,2.745253489,8.980308884,9.430235658,2022-11-06T13:00:00Z
Leeds,2022,06-11-2022,14:00:00,5.87016737,32.51722875,22.90107451,2022-11-06T14:00:00Z
Leeds,2022,06-11-2022,15:00:00,16.23134651,11.6735075,16.46027834,2022-11-06T15:00:00Z
Leeds,2022,06-11-2022,16:00:00,9.172255062,16.95733296,7.472955417,2022-11-06T16:00:00Z
Leeds,2022,06-11-2022,17:00:00,10.14358317,25.97608438,11.42739775,2022-11-06T17:00:00Z
Leeds,2022,06-11-2022,18:00:00,4.679546896,36.65989658,23.71650416,2022-11-06T18:00:00Z
Leeds,2022,06-11-2022,19:00:00,3.741859686,20.68697705,11.53828557,2022-11-06T19:00:00Z
Leeds,2022,06-11-2022,20:00:00,13.44349707,-6.952993341,17.19058778,2022-11-06T20:00:00Z
Leeds,2022,06-11-2022,21:00:00,20.55209087,28.5728941,18.49391468,2022-11-06T21:00:00Z
Leeds,2022,06-11-2022,22:00:00,10.57545088,-0.124920113,3.443037839,2022-11-06T22:00:00Z
Leeds,2022,06-11-2022,23:00:00,0.998219609,8.715992673,12.38307502,2022-11-06T23:00:00Z
Leeds,2022,07-11-2022,00:00:00,2.4363711,29.27926944,21.69161416,2022-11-07T00:00:00Z
Leeds,2022,07-11-2022,01:00:00,16.0142744,5.439815545,19.16483261,2022-11-07T01:00:00Z
Leeds,2022,07-11-2022,02:00:00,13.40304114,26.00174719,20.94268396,2022-11-07T02:00:00Z
Leeds,2022,07-11-2022,03:00:00,10.70638477,23.84299029,13.29548215,2022-11-07T03:00:00Z
Leeds,2022,07-11-2022,04:00:00,17.91435904,31.2440586,28.1853276,2022-11-07T04:00:00Z
Leeds,2022,07-11-2022,05:00:00,7.606644127,31.25238691,18.12189678,2022-11-07T05:00:00Z
Leeds,2022,07-11-2022,06:00:00,3.708858779,2.053039555,9.571890199,2022-11-07T06:00:00Z
Leeds,2022,07-11-2022,07:00:00,8.620832839,27.69208996,15.87677205,2022-11-07T07:00:00Z
Leeds,2022,07-11-2022,08:00:00,24.932873,38.09589344,26.0710956,2022-11-07T08:00:00Z
Leeds,2022,07-11-2022,09:00:00,3.455232765,7.365696269,2.161707325,2022-11-07T09:00:00Z
Leeds,2022,07-11-2022,10:00:00,4.663885838,-2.965104378,13.63610172,2022-11-07T10:00:00Z
Leeds,2022,07-11-2022,11:00:00,0.201818565,5.908668291,13.12096257,2022-11-07T11:00:00Z
Leeds,2022,07-11-2022,12:00:00,1.27449297,-24.52023803,0.237919659,2022-11-07T12:00:00Z
Leeds,2022,07-11-2022,13:00:00,8.031043355,57.08266288,18.39814961,2022-11-07T13:00:00Z
Leeds,2022,07-11-2022,14:00:00,2.741328886,15.66716299,10.26768164,2022-11-07T14:00:00Z
Leeds,2022,07-11-2022,15:00:00,4.750111978,17.04838097,15.20651645,2022-11-07T15:00:00Z
Leeds,2022,07-11-2022,16:00:00,16.04529047,16.93740462,18.5694973,2022-11-07T16:00:00Z
Leeds,2022,07-11-2022,17:00:00,11.75097697,27.84911982,17.75239033,2022-11-07T17:00:00Z
Leeds,2022,07-11-2022,18:00:00,13.28224433,26.9614789,20.50433718,2022-11-07T18:00:00Z
Leeds,2022,07-11-2022,19:00:00,7.154780227,25.10233039,8.79586529,2022-11-07T19:00:00Z
Leeds,2022,07-11-2022,20:00:00,10.41727721,7.076836293,4.987224948,2022-11-07T20:00:00Z
Leeds,2022,07-11-2022,21:00:00,26.12542416,39.95901602,25.66036147,2022-11-07T21:00:00Z
Leeds,2022,07-11-2022,22:00:00,20.56383777,35.85591242,27.98602508,2022-11-07T22:00:00Z
Leeds,2022,07-11-2022,23:00:00,23.97482655,46.69862411,33.54133361,2022-11-07T23:00:00Z
Leeds,2022,08-11-2022,00:00:00,4.526818192,31.51928924,16.13522784,2022-11-08T00:00:00Z
Leeds,2022,08-11-2022,01:00:00,24.36179762,42.57146,22.05969482,2022-11-08T01:00:00Z
Leeds,2022,08-11-2022,02:00:00,16.32834818,36.08571001,24.48595885,2022-11-08T02:00:00Z
Leeds,2022,08-11-2022,03:00:00,2.564085615,9.226975906,7.082563189,2022-11-08T03:00:00Z
Leeds,2022,08-11-2022,04:00:00,8.031368145,35.80396696,26.0015923,2022-11-08T04:00:00Z
Leeds,2022,08-11-2022,05:00:00,1.463261458,4.073530023,5.765343471,2022-11-08T05:00:00Z
Leeds,2022,08-11-2022,06:00:00,4.753118399,27.72918433,8.138800279,2022-11-08T06:00:00Z
Leeds,2022,08-11-2022,07:00:00,8.85680274,25.84169953,11.34964686,2022-11-08T07:00:00Z
Leeds,2022,08-11-2022,08:00:00,3.936138816,10.11274139,8.045628149,2022-11-08T08:00:00Z
Leeds,2022,08-11-2022,09:00:00,0,0.06033187,-1.239993412,2022-11-08T09:00:00Z
Leeds,2022,08-11-2022,10:00:00,14.71327527,12.02036631,23.29267303,2022-11-08T10:00:00Z
Leeds,2022,08-11-2022,11:00:00,7.220885295,16.53409744,22.10930328,2022-11-08T11:00:00Z
Leeds,2022,08-11-2022,12:00:00,0,-8.692071677,-8.789321348,2022-11-08T12:00:00Z
Leeds,2022,08-11-2022,13:00:00,5.702039717,8.295951028,6.346841823,2022-11-08T13:00:00Z
Leeds,2022,08-11-2022,14:00:00,5.164922282,-1.751770543,18.16116823,2022-11-08T14:00:00Z
Leeds,2022,08-11-2022,15:00:00,7.648024922,26.02190195,16.32752451,2022-11-08T15:00:00Z
Leeds,2022,08-11-2022,16:00:00,6.849540391,6.18886089,12.80402461,2022-11-08T16:00:00Z
Leeds,2022,08-11-2022,17:00:00,11.23353917,20.67641038,16.86315437,2022-11-08T17:00:00Z
Leeds,2022,08-11-2022,18:00:00,3.815086847,20.97544129,9.300146657,2022-11-08T18:00:00Z
Leeds,2022,08-11-2022,19:00:00,2.037301133,13.91664284,8.10794307,2022-11-08T19:00:00Z
Leeds,2022,08-11-2022,20:00:00,8.038709453,36.85470117,18.3383789,2022-11-08T20:00:00Z
Leeds,2022,08-11-2022,21:00:00,0,2.754571319,-4.35604182,2022-11-08T21:00:00Z
Leeds,2022,08-11-2022,22:00:00,14.065045,11.4309214,14.80884872,2022-11-08T22:00:00Z
Leeds,2022,08-11-2022,23:00:00,6.927270501,19.30037608,7.678526849,2022-11-08T23:00:00Z
Leeds,2022,09-11-2022,00:00:00,14.45512399,37.74899461,20.87461255,2022-11-09T00:00:00Z
Leeds,2022,09-11-2022,01:00:00,2.029577586,-8.220066368,-5.022415589,2022-11-09T01:00:00Z
Leeds,2022,09-11-2022,02:00:00,20.65790844,24.54256062,26.04071999,2022-11-09T02:00:00Z
Leeds,2022,09-11-2022,03:00:00,6.643904519,34.05445606,19.54482103,2022-11-09T03:00:00Z
Leeds,2022,09-11-2022,04:00:00,8.785423334,16.53643275,16.17354345,2022-11-09T04:00:00Z
Leeds,2022,09-11-2022,05:00:00,8.636071984,23.32621078,22.68399333,2022-11-09T05:00:00Z
Leeds,2022,09-11-2022,06:00:00,0,-18.44115283,-2.900724015,2022-11-09T06:00:00Z
Leeds,2022,09-11-2022,07:00:00,21.00351871,40.58527126,22.86880015,2022-11-09T07:00:00Z
Leeds,2022,09-11-2022,08:00:00,2.362039563,7.077678402,10.10632132,2022-11-09T08:00:00Z
Leeds,2022,09-11-2022,09:00:00,6.711003077,41.60361958,22.54535211,2022-11-09T09:00:00Z
Leeds,2022,09-11-2022,10:00:00,16.8567934,26.08794487,35.47124374,2022-11-09T10:00:00Z
Leeds,2022,09-11-2022,11:00:00,0.905018128,15.14725343,10.89728705,2022-11-09T11:00:00Z
Leeds,2022,09-11-2022,12:00:00,13.40930323,29.10424696,22.91612105,2022-11-09T12:00:00Z
Leeds,2022,09-11-2022,13:00:00,0,-6.851131556,-0.027763622,2022-11-09T13:00:00Z
Leeds,2022,09-11-2022,14:00:00,15.79319643,48.93042697,33.09619141,2022-11-09T14:00:00Z
Leeds,2022,09-11-2022,15:00:00,8.06053462,24.44294573,11.315136,2022-11-09T15:00:00Z
Leeds,2022,09-11-2022,16:00:00,8.520958134,10.16202853,16.28497147,2022-11-09T16:00:00Z
Leeds,2022,09-11-2022,17:00:00,8.283888769,0.461964124,11.37590073,2022-11-09T17:00:00Z
Leeds,2022,09-11-2022,18:00:00,2.353186906,-4.06630205,7.479668254,2022-11-09T18:00:00Z
Leeds,2022,09-11-2022,19:00:00,0,13.32440376,2.297049751,2022-11-09T19:00:00Z
Leeds,2022,09-11-2022,20:00:00,2.030692347,29.95401908,12.02185501,2022-11-09T20:00:00Z
Leeds,2022,09-11-2022,21:00:00,10.04850366,13.57201085,16.97813592,2022-11-09T21:00:00Z
Leeds,2022,09-11-2022,22:00:00,2.660523835,-5.005859462,5.458302122,2022-11-09T22:00:00Z
Leeds,2022,09-11-2022,23:00:00,4.757773073,-8.405025938,12.82888315,2022-11-09T23:00:00Z
Leeds,2022,10-11-2022,00:00:00,9.503801765,8.092668334,7.216722763,2022-11-10T00:00:00Z
Leeds,2022,10-11-2022,01:00:00,7.825111186,37.4052106,16.58195338,2022-11-10T01:00:00Z
Leeds,2022,10-11-2022,02:00:00,16.84584322,18.66851683,17.53031132,2022-11-10T02:00:00Z
Leeds,2022,10-11-2022,03:00:00,5.273661428,7.533076333,8.108048797,2022-11-10T03:00:00Z
Leeds,2022,10-11-2022,04:00:00,8.471560612,37.47000014,30.25131231,2022-11-10T04:00:00Z
Leeds,2022,10-11-2022,05:00:00,8.814096546,23.7924042,18.68589517,2022-11-10T05:00:00Z
Leeds,2022,10-11-2022,06:00:00,8.348411838,14.05282222,15.81447354,2022-11-10T06:00:00Z
Leeds,2022,10-11-2022,07:00:00,9.51544157,16.81565216,15.51639759,2022-11-10T07:00:00Z
Leeds,2022,10-11-2022,08:00:00,9.213531489,25.82052436,13.00484509,2022-11-10T08:00:00Z
Leeds,2022,10-11-2022,09:00:00,12.8070749,46.63906074,36.79407852,2022-11-10T09:00:00Z
Leeds,2022,10-11-2022,10:00:00,8.742584172,12.78696263,7.678620658,2022-11-10T10:00:00Z
Leeds,2022,10-11-2022,11:00:00,14.98371609,26.00758994,23.85102097,2022-11-10T11:00:00Z
Leeds,2022,10-11-2022,12:00:00,11.46835176,21.39440203,13.89216187,2022-11-10T12:00:00Z
Leeds,2022,10-11-2022,13:00:00,16.89778934,46.88046551,26.08800818,2022-11-10T13:00:00Z
Leeds,2022,10-11-2022,14:00:00,23.57902092,53.88441367,35.57703034,2022-11-10T14:00:00Z
Leeds,2022,10-11-2022,15:00:00,8.325942652,20.77504365,14.17777449,2022-11-10T15:00:00Z
Leeds,2022,10-11-2022,16:00:00,18.80206294,8.589179881,13.3217842,2022-11-10T16:00:00Z
Leeds,2022,10-11-2022,17:00:00,12.36340041,31.93252697,28.65610099,2022-11-10T17:00:00Z
Leeds,2022,10-11-2022,18:00:00,13.13717358,24.8862375,27.18512517,2022-11-10T18:00:00Z
Leeds,2022,10-11-2022,19:00:00,10.33382315,12.66104267,8.995393763,2022-11-10T19:00:00Z
Leeds,2022,10-11-2022,20:00:00,35.47225162,80.45627846,50.275969,2022-11-10T20:00:00Z
Leeds,2022,10-11-2022,21:00:00,17.50005762,15.51961495,14.43994026,2022-11-10T21:00:00Z
Leeds,2022,10-11-2022,22:00:00,0,9.372222852,10.88880857,2022-11-10T22:00:00Z
Leeds,2022,10-11-2022,23:00:00,10.80828036,16.8890252,11.58846104,2022-11-10T23:00:00Z
Leeds,2023,01-11-2023,00:00:00,7.593155418,19.06192831,11.57625746,2023-11-01T00:00:00Z
Leeds,2023,01-11-2023,01:00:00,22.09451321,33.29924319,32.15252801,2023-11-01T01:00:00Z
Leeds,2023,01-11-2023,02:00:00,7.175891948,21.22033817,22.20473635,2023-11-01T02:00:00Z
Leeds,2023,01-11-2023,03:00:00,11.69399816,15.61280452,19.72346685,2023-11-01T03:00:00Z
Leeds,2023,01-11-2023,04:00:00,5.159995811,17.59806404,15.49694406,2023-11-01T04:00:00Z
Leeds,2023,01-11-2023,05:00:00,18.39832809,49.99023569,28.14549955,2023-11-01T05:00:00Z
Leeds,2023,01-11-2023,06:00:00,4.670934541,33.8158833,23.05860496,2023-11-01T06:00:00Z
Leeds,2023,01-11-2023,07:00:00,35.99314442,42.3586505,39.72659631,2023-11-01T07:00:00Z
Leeds,2023,01-11-2023,08:00:00,12.43759154,10.50033743,13.72025918,2023-11-01T08:00:00Z
Leeds,2023,01-11-2023,09:00:00,1.648514496,-9.294951608,-0.406363279,2023-11-01T09:00:00Z
Leeds,2023,01-11-2023,10:00:00,14.92689219,9.464280673,22.53989335,2023-11-01T10:00:00Z
Leeds,2023,01-11-2023,11:00:00,23.33925348,27.94590328,26.73821425,2023-11-01T11:00:00Z
Leeds,2023,01-11-2023,12:00:00,9.429249758,15.61624971,21.14234847,2023-11-01T12:00:00Z
Leeds,2023,01-11-2023,13:00:00,11.41288311,38.7329361,23.17802459,2023-11-01T13:00:00Z
Leeds,2023,01-11-2023,14:00:00,18.57474067,39.42922402,29.55120435,2023-11-01T14:00:00Z
Leeds,2023,01-11-2023,15:00:00,14.22472679,20.929538,18.49846077,2023-11-01T15:00:00Z
Leeds,2023,01-11-2023,16:00:00,12.49660078,18.61857622,23.12157028,2023-11-01T16:00:00Z
Leeds,2023,01-11-2023,17:00:00,13.7697299,22.29918285,10.75430183,2023-11-01T17:00:00Z
Leeds,2023,01-11-2023,18:00:00,3.885415443,5.383457224,5.993632398,2023-11-01T18:00:00Z
Leeds,2023,01-11-2023,19:00:00,6.606781583,6.67666388,18.55328735,2023-11-01T19:00:00Z
Leeds,2023,01-11-2023,20:00:00,15.05647317,22.28708415,20.89126747,2023-11-01T20:00:00Z
Leeds,2023,01-11-2023,21:00:00,5.561168457,15.34018083,14.07973391,2023-11-01T21:00:00Z
Leeds,2023,01-11-2023,22:00:00,5.437135301,8.594080995,14.00548759,2023-11-01T22:00:00Z
Leeds,2023,01-11-2023,23:00:00,22.27922175,7.392742116,20.09634215,2023-11-01T23:00:00Z
Leeds,2023,02-11-2023,00:00:00,17.96897896,42.85144632,29.26184844,2023-11-02T00:00:00Z
Leeds,2023,02-11-2023,01:00:00,0.01654935,1.642056514,1.851328164,2023-11-02T01:00:00Z
Leeds,2023,02-11-2023,02:00:00,14.70802955,15.31981766,15.93915752,2023-11-02T02:00:00Z
Leeds,2023,02-11-2023,03:00:00,14.93472029,14.327188810000001,23.35686548,2023-11-02T03:00:00Z
Leeds,2023,02-11-2023,04:00:00,4.485302461,9.44858977,13.40512099,2023-11-02T04:00:00Z
Leeds,2023,02-11-2023,05:00:00,0.990903109,11.24399874,7.095754515,2023-11-02T05:00:00Z
Leeds,2023,02-11-2023,06:00:00,14.98356353,21.10721725,19.09309263,2023-11-02T06:00:00Z
Leeds,2023,02-11-2023,07:00:00,4.869905806,24.7810184,11.33024176,2023-11-02T07:00:00Z
Leeds,2023,02-11-2023,08:00:00,7.618363743,41.51361963,14.31888552,2023-11-02T08:00:00Z
Leeds,2023,02-11-2023,09:00:00,4.419463961,22.77815609,7.306927669,2023-11-02T09:00:00Z
Leeds,2023,02-11-2023,10:00:00,7.316275205,32.40881147,15.2909987,2023-11-02T10:00:00Z
Leeds,2023,02-11-2023,11:00:00,12.38320888,16.85406454,19.16192392,2023-11-02T11:00:00Z
Leeds,2023,02-11-2023,12:00:00,16.96896597,34.59716047,21.92789026,2023-11-02T12:00:00Z
Leeds,2023,02-11-2023,13:00:00,13.99472333,30.57692422,22.30582934,2023-11-02T13:00:00Z
Leeds,2023,02-11-2023,14:00:00,21.22399472,37.29585554,33.96734907,2023-11-02T14:00:00Z
Leeds,2023,02-11-2023,15:00:00,15.05426026,25.1053685,28.7879239,2023-11-02T15:00:00Z
Leeds,2023,02-11-2023,16:00:00,11.85361969,8.88963693,8.575170892,2023-11-02T16:00:00Z
Leeds,2023,02-11-2023,17:00:00,15.57261004,20.45924437,21.74298581,2023-11-02T17:00:00Z
Leeds,2023,02-11-2023,18:00:00,6.778916989,37.43396526,11.39131174,2023-11-02T18:00:00Z
Leeds,2023,02-11-2023,19:00:00,0,-10.31927978,-7.159384775,2023-11-02T19:00:00Z
Leeds,2023,02-11-2023,20:00:00,0.213120369,33.23663905,8.857922157,2023-11-02T20:00:00Z
Leeds,2023,02-11-2023,21:00:00,9.192163355,5.700017079,7.365245301,2023-11-02T21:00:00Z
Leeds,2023,02-11-2023,22:00:00,10.09267834,26.33677621,14.65029289,2023-11-02T22:00:00Z
Leeds,2023,02-11-2023,23:00:00,14.00605641,23.87855651,33.43656944,2023-11-02T23:00:00Z
Leeds,2023,03-11-2023,00:00:00,15.79787308,16.77255552,17.30120383,2023-11-03T00:00:00Z
Leeds,2023,03-11-2023,01:00:00,8.915749902,37.07853335,20.45930423,2023-11-03T01:00:00Z
Leeds,2023,03-11-2023,02:00:00,15.66429425,37.82786561,27.20395616,2023-11-03T02:00:00Z
Leeds,2023,03-11-2023,03:00:00,9.021743737,20.43485411,16.64562819,2023-11-03T03:00:00Z
Leeds,2023,03-11-2023,04:00:00,5.603871175,19.82085611,12.38621355,2023-11-03T04:00:00Z
Leeds,2023,03-11-2023,05:00:00,16.37301646,41.56016073,26.56604882,2023-11-03T05:00:00Z
Leeds,2023,03-11-2023,06:00:00,8.536919989,24.54856995,18.1521692,2023-11-03T06:00:00Z
Leeds,2023,03-11-2023,07:00:00,9.256793451,25.76116513,19.78252556,2023-11-03T07:00:00Z
Leeds,2023,03-11-2023,08:00:00,0.263915341,5.470287813,8.124660702,2023-11-03T08:00:00Z
Leeds,2023,03-11-2023,09:00:00,12.19043424,36.01552474,20.29725311,2023-11-03T09:00:00Z
Leeds,2023,03-11-2023,10:00:00,16.34164509,42.78199151,17.71461218,2023-11-03T10:00:00Z
Leeds,2023,03-11-2023,11:00:00,25.40446359,37.41535546,28.42260924,2023-11-03T11:00:00Z
Leeds,2023,03-11-2023,12:00:00,5.172874607,7.456641754,6.906939758,2023-11-03T12:00:00Z
Leeds,2023,03-11-2023,13:00:00,11.67340268,11.12699922,12.89929241,2023-11-03T13:00:00Z
Leeds,2023,03-11-2023,14:00:00,12.8446969,2.050215387,7.201211876,2023-11-03T14:00:00Z
Leeds,2023,03-11-2023,15:00:00,2.619298165,-9.222083539,11.261894,2023-11-03T15:00:00Z
Leeds,2023,03-11-2023,16:00:00,12.771565,11.05847088,22.8642507,2023-11-03T16:00:00Z
Leeds,2023,03-11-2023,17:00:00,7.045466278,18.27309207,9.676422296,2023-11-03T17:00:00Z
Leeds,2023,03-11-2023,18:00:00,8.015794701,13.2877862,16.44552458,2023-11-03T18:00:00Z
Leeds,2023,03-11-2023,19:00:00,26.30388084,19.25874989,22.59773453,2023-11-03T19:00:00Z
Leeds,2023,03-11-2023,20:00:00,18.3741299,14.50393137,24.37174578,2023-11-03T20:00:00Z
Leeds,2023,03-11-2023,21:00:00,8.114734332,26.10496438,17.84310567,2023-11-03T21:00:00Z
Leeds,2023,03-11-2023,22:00:00,17.18652621,31.46217491,16.90004149,2023-11-03T22:00:00Z
Leeds,2023,03-11-2023,23:00:00,11.7272849,28.93927054,13.78625631,2023-11-03T23:00:00Z
Leeds,2023,04-11-2023,00:00:00,10.50856203,5.071053438,10.23240976,2023-11-04T00:00:00Z
Leeds,2023,04-11-2023,01:00:00,5.843117598,-0.85069684,11.7317484,2023-11-04T01:00:00Z
Leeds,2023,04-11-2023,02:00:00,10.4672064,20.31738033,25.16902131,2023-11-04T02:00:00Z
Leeds,2023,04-11-2023,03:00:00,7.88406175,37.43354574,21.33295688,2023-11-04T03:00:00Z
Leeds,2023,04-11-2023,04:00:00,15.44069784,32.28200989,21.0332266,2023-11-04T04:00:00Z
Leeds,2023,04-11-2023,05:00:00,0,29.94812926,11.80814728,2023-11-04T05:00:00Z
Leeds,2023,04-11-2023,06:00:00,12.41389582,4.650527283,10.36778923,2023-11-04T06:00:00Z
Leeds,2023,04-11-2023,07:00:00,6.082614515,31.53584835,23.78579591,2023-11-04T07:00:00Z
Leeds,2023,04-11-2023,08:00:00,13.5053508,10.00359526,16.51893721,2023-11-04T08:00:00Z
Leeds,2023,04-11-2023,09:00:00,15.31855151,10.71922299,15.71781445,2023-11-04T09:00:00Z
Leeds,2023,04-11-2023,10:00:00,12.1160986,23.54114482,7.505048332,2023-11-04T10:00:00Z
Leeds,2023,04-11-2023,11:00:00,9.119485043,26.83335798,26.37898968,2023-11-04T11:00:00Z
Leeds,2023,04-11-2023,12:00:00,10.64028786,37.00738552,26.43459424,2023-11-04T12:00:00Z
Leeds,2023,04-11-2023,13:00:00,8.233448352,34.9139453,25.31099484,2023-11-04T13:00:00Z
Leeds,2023,04-11-2023,14:00:00,9.765265197,47.18202498,28.82530832,2023-11-04T14:00:00Z
Leeds,2023,04-11-2023,15:00:00,8.616695301,4.314247058,7.447067206,2023-11-04T15:00:00Z
Leeds,2023,04-11-2023,16:00:00,12.12214647,21.09118077,26.87256356,2023-11-04T16:00:00Z
Leeds,2023,04-11-2023,17:00:00,21.3261515,38.81679737,27.90642038,2023-11-04T17:00:00Z
Leeds,2023,04-11-2023,18:00:00,0,-7.665878736,-2.066344885,2023-11-04T18:00:00Z
Leeds,2023,04-11-2023,19:00:00,9.094945784,23.70899931,14.64831543,2023-11-04T19:00:00Z
Leeds,2023,04-11-2023,20:00:00,4.477466614,10.86101015,6.529873677,2023-11-04T20:00:00Z
Leeds,2023,04-11-2023,21:00:00,14.84754424,27.87030344,24.75360721,2023-11-04T21:00:00Z
Leeds,2023,04-11-2023,22:00:00,14.10149905,36.58349297,27.88350526,2023-11-04T22:00:00Z
Leeds,2023,04-11-2023,23:00:00,5.22854556,2.263901714,6.772262436,2023-11-04T23:00:00Z
Leeds,2023,05-11-2023,00:00:00,50.92827273,53.71961021,67.54179518,2023-11-05T00:00:00Z
Leeds,2023,05-11-2023,01:00:00,39.35914222,83.8710544,63.35461027,2023-11-05T01:00:00Z
Leeds,2023,05-11-2023,02:00:00,37.27407149,107.3032953,72.96292781,2023-11-05T02:00:00Z
Leeds,2023,05-11-2023,03:00:00,61.71582661,116.1829342,94.04999786,2023-11-05T03:00:00Z
Leeds,2023,05-11-2023,04:00:00,39.66782976,94.73988529,76.84205779,2023-11-05T04:00:00Z
Leeds,2023,05-11-2023,05:00:00,44.408216,102.1239673,77.53395846,2023-11-05T05:00:00Z
Leeds,2023,05-11-2023,06:00:00,53.90113891,141.2445323,102.5772641,2023-11-05T06:00:00Z
Leeds,2023,05-11-2023,07:00:00,35.20969074,56.36317835,52.845435,2023-11-05T07:00:00Z
Leeds,2023,05-11-2023,08:00:00,42.2834547,92.34462597,71.15696108,2023-11-05T08:00:00Z
Leeds,2023,05-11-2023,09:00:00,74.76892309,131.4450456,105.5758456,2023-11-05T09:00:00Z
Leeds,2023,05-11-2023,10:00:00,33.1743489,108.6482173,72.55875703,2023-11-05T10:00:00Z
Leeds,2023,05-11-2023,11:00:00,40.16994331,79.87609888,64.53699985,2023-11-05T11:00:00Z
Leeds,2023,05-11-2023,12:00:00,54.74587626,159.7652716,111.4680475,2023-11-05T12:00:00Z
Leeds,2023,05-11-2023,13:00:00,20.61181779,31.63632983,35.53963689,2023-11-05T13:00:00Z
Leeds,2023,05-11-2023,14:00:00,48.79423299,119.1085913,83.54732065,2023-11-05T14:00:00Z
Leeds,2023,05-11-2023,15:00:00,57.0039295,89.73820932,69.13149581,2023-11-05T15:00:00Z
Leeds,2023,05-11-2023,16:00:00,34.33074359,78.25445019,60.3268011,2023-11-05T16:00:00Z
Leeds,2023,05-11-2023,17:00:00,30.52932719,92.79581257,68.35990725,2023-11-05T17:00:00Z
Leeds,2023,05-11-2023,18:00:00,50.76313063,128.2729226,85.5336636,2023-11-05T18:00:00Z
Leeds,2023,05-11-2023,19:00:00,82.85184959,144.2392978,110.2221978,2023-11-05T19:00:00Z
Leeds,2023,05-11-2023,20:00:00,41.05488083,138.7812814,90.66458849,2023-11-05T20:00:00Z
Leeds,2023,05-11-2023,21:00:00,50.7637793,136.7566653,105.4623137,2023-11-05T21:00:00Z
Leeds,2023,05-11-2023,22:00:00,29.68515249,42.61973137,48.59958447,2023-11-05T22:00:00Z
Leeds,2023,05-11-2023,23:00:00,72.68782983,125.455607,102.6525445,2023-11-05T23:00:00Z
Leeds,2023,06-11-2023,00:00:00,4.580721677,25.06215563,16.31113862,2023-11-06T00:00:00Z
Leeds,2023,06-11-2023,01:00:00,8.705791857,24.05762974,13.61422132,2023-11-06T01:00:00Z
Leeds,2023,06-11-2023,02:00:00,20.23453495,32.84382446,25.93072182,2023-11-06T02:00:00Z
Leeds,2023,06-11-2023,03:00:00,3.800330571,9.270078923,17.34867215,2023-11-06T03:00:00Z
Leeds,2023,06-11-2023,04:00:00,2.62119395,-3.147214258,7.332718473,2023-11-06T04:00:00Z
Leeds,2023,06-11-2023,05:00:00,14.90459965,16.4850679,20.43939474,2023-11-06T05:00:00Z
Leeds,2023,06-11-2023,06:00:00,4.824533667,18.56288674,20.09217704,2023-11-06T06:00:00Z
Leeds,2023,06-11-2023,07:00:00,9.725601024,23.57773402,15.29517844,2023-11-06T07:00:00Z
Leeds,2023,06-11-2023,08:00:00,12.36631414,40.6536689,24.79104825,2023-11-06T08:00:00Z
Leeds,2023,06-11-2023,09:00:00,17.99116469,27.72021919,28.34121904,2023-11-06T09:00:00Z
Leeds,2023,06-11-2023,10:00:00,17.62660231,21.18347878,14.36261778,2023-11-06T10:00:00Z
Leeds,2023,06-11-2023,11:00:00,16.80980342,45.01219854,30.07439651,2023-11-06T11:00:00Z
Leeds,2023,06-11-2023,12:00:00,24.62932784,34.97370679,29.77839004,2023-11-06T12:00:00Z
Leeds,2023,06-11-2023,13:00:00,14.79585949,35.97457824,26.3924374,2023-11-06T13:00:00Z
Leeds,2023,06-11-2023,14:00:00,9.709399839,33.85481157,17.76985534,2023-11-06T14:00:00Z
Leeds,2023,06-11-2023,15:00:00,1.800443272,25.1940019,8.425335307,2023-11-06T15:00:00Z
Leeds,2023,06-11-2023,16:00:00,10.94515392,33.39156933,18.49522099,2023-11-06T16:00:00Z
Leeds,2023,06-11-2023,17:00:00,15.36746622,44.71858684,27.96732664,2023-11-06T17:00:00Z
Leeds,2023,06-11-2023,18:00:00,9.599572933,9.694620115,20.11478263,2023-11-06T18:00:00Z
Leeds,2023,06-11-2023,19:00:00,0,11.2229444,1.452627604,2023-11-06T19:00:00Z
Leeds,2023,06-11-2023,20:00:00,7.861853838,23.05362791,28.94713484,2023-11-06T20:00:00Z
Leeds,2023,06-11-2023,21:00:00,13.67772366,26.62524703,12.22749225,2023-11-06T21:00:00Z
Leeds,2023,06-11-2023,22:00:00,4.775094976,8.007629201,4.390252974,2023-11-06T22:00:00Z
Leeds,2023,06-11-2023,23:00:00,5.948869693,22.79669074,20.22770809,2023-11-06T23:00:00Z
Leeds,2023,07-11-2023,00:00:00,16.4798497,37.36924977,27.56785099,2023-11-07T00:00:00Z
Leeds,2023,07-11-2023,01:00:00,9.635311461,11.43099424,17.10481577,2023-11-07T01:00:00Z
Leeds,2023,07-11-2023,02:00:00,9.268134438,3.250754252,5.243273676,2023-11-07T02:00:00Z
Leeds,2023,07-11-2023,03:00:00,5.458268387,13.34793939,7.250811175,2023-11-07T03:00:00Z
Leeds,2023,07-11-2023,04:00:00,7.750091977,14.80655365,12.10590367,2023-11-07T04:00:00Z
Leeds,2023,07-11-2023,05:00:00,0,-7.258372793,-1.303780499,2023-11-07T05:00:00Z
Leeds,2023,07-11-2023,06:00:00,22.58362131,42.18660608,29.86038292,2023-11-07T06:00:00Z
Leeds,2023,07-11-2023,07:00:00,14.29966821,36.41090878,18.74889674,2023-11-07T07:00:00Z
Leeds,2023,07-11-2023,08:00:00,10.16729952,28.05764988,13.18231312,2023-11-07T08:00:00Z
Leeds,2023,07-11-2023,09:00:00,17.04585003,45.16166102,25.2569571,2023-11-07T09:00:00Z
Leeds,2023,07-11-2023,10:00:00,0,0.568566748,-2.4702826,2023-11-07T10:00:00Z
Leeds,2023,07-11-2023,11:00:00,4.15422654,16.01304034,19.89511841,2023-11-07T11:00:00Z
Leeds,2023,07-11-2023,12:00:00,2.607260232,17.05200216,2.926311899,2023-11-07T12:00:00Z
Leeds,2023,07-11-2023,13:00:00,19.264285,25.76663337,22.45846024,2023-11-07T13:00:00Z
Leeds,2023,07-11-2023,14:00:00,4.19306523,27.26071663,11.32045121,2023-11-07T14:00:00Z
Leeds,2023,07-11-2023,15:00:00,1.962083162,-14.10339424,1.739936191,2023-11-07T15:00:00Z
Leeds,2023,07-11-2023,16:00:00,9.526519,10.51507838,5.938033604,2023-11-07T16:00:00Z
Leeds,2023,07-11-2023,17:00:00,14.2259729,31.76342694,19.76651401,2023-11-07T17:00:00Z
Leeds,2023,07-11-2023,18:00:00,10.3243793,19.473965,21.46767793,2023-11-07T18:00:00Z
Leeds,2023,07-11-2023,19:00:00,9.400916837,36.41531809,15.19272057,2023-11-07T19:00:00Z
Leeds,2023,07-11-2023,20:00:00,5.402611265,-1.248632792,11.84536722,2023-11-07T20:00:00Z
Leeds,2023,07-11-2023,21:00:00,0,15.37495153,2.673404481,2023-11-07T21:00:00Z
Leeds,2023,07-11-2023,22:00:00,16.3049577,46.20429781,24.78100678,2023-11-07T22:00:00Z
Leeds,2023,07-11-2023,23:00:00,15.7804417,24.91477135,12.67605023,2023-11-07T23:00:00Z
Leeds,2023,08-11-2023,00:00:00,16.18006974,10.38718592,15.28661466,2023-11-08T00:00:00Z
Leeds,2023,08-11-2023,01:00:00,0,18.00774501,-0.675495603,2023-11-08T01:00:00Z
Leeds,2023,08-11-2023,02:00:00,11.26154433,27.3643904,22.82746341,2023-11-08T02:00:00Z
Leeds,2023,08-11-2023,03:00:00,4.167048197,18.37194371,18.9944379,2023-11-08T03:00:00Z
Leeds,2023,08-11-2023,04:00:00,23.07493495,29.31700537,24.41623928,2023-11-08T04:00:00Z
Leeds,2023,08-11-2023,05:00:00,10.33937818,23.00575633,7.941549801,2023-11-08T05:00:00Z
Leeds,2023,08-11-2023,06:00:00,10.53241468,17.00744647,12.95137487,2023-11-08T06:00:00Z
Leeds,2023,08-11-2023,07:00:00,10.52736768,29.11291251,17.14043659,2023-11-08T07:00:00Z
Leeds,2023,08-11-2023,08:00:00,1.672572747,3.981930552,5.95048393,2023-11-08T08:00:00Z
Leeds,2023,08-11-2023,09:00:00,7.771845938,17.89814701,19.42582334,2023-11-08T09:00:00Z
Leeds,2023,08-11-2023,10:00:00,10.12987218,46.91969206,30.63142375,2023-11-08T10:00:00Z
Leeds,2023,08-11-2023,11:00:00,2.07274896,33.28266561,11.45228245,2023-11-08T11:00:00Z
Leeds,2023,08-11-2023,12:00:00,24.0228726,26.01714886,26.76992409,2023-11-08T12:00:00Z
Leeds,2023,08-11-2023,13:00:00,0,19.18329367,12.12239649,2023-11-08T13:00:00Z
Leeds,2023,08-11-2023,14:00:00,21.24197807,60.4414622,27.22434674,2023-11-08T14:00:00Z
Leeds,2023,08-11-2023,15:00:00,8.769492831,32.930512,14.1664583,2023-11-08T15:00:00Z
Leeds,2023,08-11-2023,16:00:00,4.481187963,2.030458803,3.550382135,2023-11-08T16:00:00Z
Leeds,2023,08-11-2023,17:00:00,6.044059347,29.97887818,17.18291795,2023-11-08T17:00:00Z
Leeds,2023,08-11-2023,18:00:00,16.16853002,21.5447851,16.52285805,2023-11-08T18:00:00Z
Leeds,2023,08-11-2023,19:00:00,2.37081612,19.7015763,16.43379754,2023-11-08T19:00:00Z
Leeds,2023,08-11-2023,20:00:00,18.87112754,18.85765126,22.46798606,2023-11-08T20:00:00Z
Leeds,2023,08-11-2023,21:00:00,12.90510426,44.77387496,25.59445877,2023-11-08T21:00:00Z
Leeds,2023,08-11-2023,22:00:00,11.04183078,19.04426123,14.07117495,2023-11-08T22:00:00Z
Leeds,2023,08-11-2023,23:00:00,2.425587471,22.23974873,10.09316913,2023-11-08T23:00:00Z
Leeds,2023,09-11-2023,00:00:00,0,1.426556497,-1.426469715,2023-11-09T00:00:00Z
Leeds,2023,09-11-2023,01:00:00,6.358523863,15.05960377,11.97491141,2023-11-09T01:00:00Z
Leeds,2023,09-11-2023,02:00:00,9.462924572,31.8441759,24.87886296,2023-11-09T02:00:00Z
Leeds,2023,09-11-2023,03:00:00,0,13.4701399,22.20809345,2023-11-09T03:00:00Z
Leeds,2023,09-11-2023,04:00:00,2.648870573,-1.441027941,8.731605343,2023-11-09T04:00:00Z
Leeds,2023,09-11-2023,05:00:00,11.59146554,32.57430346,17.42388095,2023-11-09T05:00:00Z
Leeds,2023,09-11-2023,06:00:00,0.34811863,7.768458948,11.8651885,2023-11-09T06:00:00Z
Leeds,2023,09-11-2023,07:00:00,19.23472833,45.61161502,27.7703508,2023-11-09T07:00:00Z
Leeds,2023,09-11-2023,08:00:00,2.644383771,68.96605861,21.27162242,2023-11-09T08:00:00Z
Leeds,2023,09-11-2023,09:00:00,14.20512262,23.01176793,24.23515899,2023-11-09T09:00:00Z
Leeds,2023,09-11-2023,10:00:00,1.662073293,9.639850063,14.28416698,2023-11-09T10:00:00Z
Leeds,2023,09-11-2023,11:00:00,5.349133907,0.375912381,13.14721694,2023-11-09T11:00:00Z
Leeds,2023,09-11-2023,12:00:00,4.254535549,25.50388314,13.10597869,2023-11-09T12:00:00Z
Leeds,2023,09-11-2023,13:00:00,15.25730606,32.522722280000004,21.84427716,2023-11-09T13:00:00Z
Leeds,2023,09-11-2023,14:00:00,12.19273343,33.44738429,14.70387977,2023-11-09T14:00:00Z
Leeds,2023,09-11-2023,15:00:00,5.525258322,10.72060277,11.78626699,2023-11-09T15:00:00Z
Leeds,2023,09-11-2023,16:00:00,0,18.10456276,14.71201527,2023-11-09T16:00:00Z
Leeds,2023,09-11-2023,17:00:00,17.20682431,25.14512548,24.8255148,2023-11-09T17:00:00Z
Leeds,2023,09-11-2023,18:00:00,6.046520752,8.129098187,12.2131302,2023-11-09T18:00:00Z
Leeds,2023,09-11-2023,19:00:00,0.363380405,-3.07280419,3.726211833,2023-11-09T19:00:00Z
Leeds,2023,09-11-2023,20:00:00,9.677936116,20.99869708,15.66166587,2023-11-09T20:00:00Z
Leeds,2023,09-11-2023,21:00:00,0,11.15912353,10.50045902,2023-11-09T21:00:00Z
Leeds,2023,09-11-2023,22:00:00,9.604657702,7.803311173,17.0354613,2023-11-09T22:00:00Z
Leeds,2023,09-11-2023,23:00:00,1.839522104,-6.565388596,2.345972796,2023-11-09T23:00:00Z
Leeds,2023,10-11-2023,00:00:00,18.48355338,45.81162032,28.31983799,2023-11-10T00:00:00Z
Leeds,2023,10-11-2023,01:00:00,15.74900799,41.09905604,27.03804434,2023-11-10T01:00:00Z
Leeds,2023,10-11-2023,02:00:00,11.4011366,14.87326956,11.85171787,2023-11-10T02:00:00Z
Leeds,2023,10-11-2023,03:00:00,10.89762801,17.40687541,12.92316724,2023-11-10T03:00:00Z
Leeds,2023,10-11-2023,04:00:00,7.005709209,18.73335069,18.60751827,2023-11-10T04:00:00Z
Leeds,2023,10-11-2023,05:00:00,14.10174106,-4.114549723,16.24863969,2023-11-10T05:00:00Z
Leeds,2023,10-11-2023,06:00:00,5.256029006,5.217576489,12.866251,2023-11-10T06:00:00Z
Leeds,2023,10-11-2023,07:00:00,0,16.29499308,11.77109539,2023-11-10T07:00:00Z
Leeds,2023,10-11-2023,08:00:00,21.29212284,18.08072697,17.01985224,2023-11-10T08:00:00Z
Leeds,2023,10-11-2023,09:00:00,2.270072615,25.41733216,10.80969884,2023-11-10T09:00:00Z
Leeds,2023,10-11-2023,10:00:00,9.519885297,23.84722237,27.22112291,2023-11-10T10:00:00Z
Leeds,2023,10-11-2023,11:00:00,0,-12.13810383,-12.65384217,2023-11-10T11:00:00Z
Leeds,2023,10-11-2023,12:00:00,23.43485529,33.09688434,23.66259378,2023-11-10T12:00:00Z
Leeds,2023,10-11-2023,13:00:00,1.103463848,12.68046398,9.704656859,2023-11-10T13:00:00Z
Leeds,2023,10-11-2023,14:00:00,4.175602315,31.39906127,17.48512261,2023-11-10T14:00:00Z
Leeds,2023,10-11-2023,15:00:00,17.79309144,40.80347275,22.97021574,2023-11-10T15:00:00Z
Leeds,2023,10-11-2023,16:00:00,0.014083301,-2.889683751,5.785316193,2023-11-10T16:00:00Z
Leeds,2023,10-11-2023,17:00:00,8.26070485,30.78115983,17.4768686,2023-11-10T17:00:00Z
Leeds,2023,10-11-2023,18:00:00,0,5.736993384,8.535032901,2023-11-10T18:00:00Z
Leeds,2023,10-11-2023,19:00:00,3.186153607,37.725332,18.89564272,2023-11-10T19:00:00Z
Leeds,2023,10-11-2023,20:00:00,10.02945917,15.44826259,2.305255508,2023-11-10T20:00:00Z
Leeds,2023,10-11-2023,21:00:00,16.25350828,37.57546632,22.6960183,2023-11-10T21:00:00Z
Leeds,2023,10-11-2023,22:00:00,22.83557915,37.94430519,22.52463767,2023-11-10T22:00:00Z
Leeds,2023,10-11-2023,23:00:00,6.437333715,33.51361457,22.49534675,2023-11-10T23:00:00Z
Leeds,2024,01-11-2024,00:00:00,3.300631704,34.90264715,15.7809243,2024-11-01T00:00:00Z
Leeds,2024,01-11-2024,01:00:00,16.25453611,19.64582662,28.59505295,2024-11-01T01:00:00Z
Leeds,2024,01-11-2024,02:00:00,14.57041471,25.56756068,13.37379772,2024-11-01T02:00:00Z
Leeds,2024,01-11-2024,03:00:00,7.446668726,5.585741671,14.68550903,2024-11-01T03:00:00Z
Leeds,2024,01-11-2024,04:00:00,7.833655142,13.37875426,12.64722659,2024-11-01T04:00:00Z
Leeds,2024,01-11-2024,05:00:00,12.96563447,13.86817224,18.79700207,2024-11-01T05:00:00Z
Leeds,2024,01-11-2024,06:00:00,7.31068473,26.91644164,18.1965511,2024-11-01T06:00:00Z
Leeds,2024,01-11-2024,07:00:00,2.463840831,-3.222504745,3.0184992,2024-11-01T07:00:00Z
Leeds,2024,01-11-2024,08:00:00,5.891413523,15.79013467,7.622100421,2024-11-01T08:00:00Z
Leeds,2024,01-11-2024,09:00:00,7.11205727,13.40132261,11.05693546,2024-11-01T09:00:00Z
Leeds,2024,01-11-2024,10:00:00,7.448711433,13.4920895,10.69055328,2024-11-01T10:00:00Z
Leeds,2024,01-11-2024,11:00:00,4.904650753,17.93094208,11.69497923,2024-11-01T11:00:00Z
Leeds,2024,01-11-2024,12:00:00,5.766921082,17.99051615,6.473976311,2024-11-01T12:00:00Z
Leeds,2024,01-11-2024,13:00:00,8.182027997,33.79442868,20.74248831,2024-11-01T13:00:00Z
Leeds,2024,01-11-2024,14:00:00,7.987422079,17.14455189,19.50725983,2024-11-01T14:00:00Z
Leeds,2024,01-11-2024,15:00:00,0,11.46182722,5.17575274,2024-11-01T15:00:00Z
Leeds,2024,01-11-2024,16:00:00,5.64005213,27.64676498,16.7615005,2024-11-01T16:00:00Z
Leeds,2024,01-11-2024,17:00:00,5.237592634,10.983107,8.470837743,2024-11-01T17:00:00Z
Leeds,2024,01-11-2024,18:00:00,9.2816212,11.09257374,11.34517103,2024-11-01T18:00:00Z
Leeds,2024,01-11-2024,19:00:00,13.78418596,4.484204024,2.770921669,2024-11-01T19:00:00Z
Leeds,2024,01-11-2024,20:00:00,6.728005944,2.459636224,8.60508014,2024-11-01T20:00:00Z
Leeds,2024,01-11-2024,21:00:00,0,5.843664126,2.964570413,2024-11-01T21:00:00Z
Leeds,2024,01-11-2024,22:00:00,5.585130679,22.56343999,9.566198115,2024-11-01T22:00:00Z
Leeds,2024,01-11-2024,23:00:00,9.793802996,21.45558002,16.92117341,2024-11-01T23:00:00Z
Leeds,2024,02-11-2024,00:00:00,4.090405974,-9.559326129,2.817291346,2024-11-02T00:00:00Z
Leeds,2024,02-11-2024,01:00:00,14.24703504,7.745106774,10.05436815,2024-11-02T01:00:00Z
Leeds,2024,02-11-2024,02:00:00,1.761700312,14.65599243,14.26121052,2024-11-02T02:00:00Z
Leeds,2024,02-11-2024,03:00:00,1.932604709,30.96115803,12.70098031,2024-11-02T03:00:00Z
Leeds,2024,02-11-2024,04:00:00,12.46268304,32.60663373,25.52551966,2024-11-02T04:00:00Z
Leeds,2024,02-11-2024,05:00:00,4.205295069,13.63905449,20.16808731,2024-11-02T05:00:00Z
Leeds,2024,02-11-2024,06:00:00,14.69116335,31.75208054,25.43509782,2024-11-02T06:00:00Z
Leeds,2024,02-11-2024,07:00:00,8.684189342,29.00708534,26.85739418,2024-11-02T07:00:00Z
Leeds,2024,02-11-2024,08:00:00,14.43323987,41.49788417,19.24742324,2024-11-02T08:00:00Z
Leeds,2024,02-11-2024,09:00:00,2.012122389,12.20412553,8.298890502,2024-11-02T09:00:00Z
Leeds,2024,02-11-2024,10:00:00,2.130623012,13.31728839,7.716187265,2024-11-02T10:00:00Z
Leeds,2024,02-11-2024,11:00:00,8.043916513,36.78029159,20.786506,2024-11-02T11:00:00Z
Leeds,2024,02-11-2024,12:00:00,12.69251022,19.91457587,21.12093349,2024-11-02T12:00:00Z
Leeds,2024,02-11-2024,13:00:00,26.56466568,43.20976731,31.650362,2024-11-02T13:00:00Z
Leeds,2024,02-11-2024,14:00:00,6.227231553,21.20139043,11.77623775,2024-11-02T14:00:00Z
Leeds,2024,02-11-2024,15:00:00,4.412697178,18.8230955,17.26806505,2024-11-02T15:00:00Z
Leeds,2024,02-11-2024,16:00:00,16.17448296,20.46942987,26.48478997,2024-11-02T16:00:00Z
Leeds,2024,02-11-2024,17:00:00,1.08973686,14.25582361,-3.120022774,2024-11-02T17:00:00Z
Leeds,2024,02-11-2024,18:00:00,5.055995565,30.75192277,12.95124173,2024-11-02T18:00:00Z
Leeds,2024,02-11-2024,19:00:00,10.83399027,6.164130119,17.69918013,2024-11-02T19:00:00Z
Leeds,2024,02-11-2024,20:00:00,3.847376165,7.709273393,6.048255581,2024-11-02T20:00:00Z
Leeds,2024,02-11-2024,21:00:00,4.629534916,5.666266157,9.855198468,2024-11-02T21:00:00Z
Leeds,2024,02-11-2024,22:00:00,7.395116465,36.617400429999996,31.56562347,2024-11-02T22:00:00Z
Leeds,2024,02-11-2024,23:00:00,0,15.94452025,10.07557772,2024-11-02T23:00:00Z
Leeds,2024,03-11-2024,00:00:00,17.93070211,31.98109785,12.71975611,2024-11-03T00:00:00Z
Leeds,2024,03-11-2024,01:00:00,16.29883077,53.5348516,25.11713476,2024-11-03T01:00:00Z
Leeds,2024,03-11-2024,02:00:00,6.815241928,33.05675449,12.5729136,2024-11-03T02:00:00Z
Leeds,2024,03-11-2024,03:00:00,19.86032485,39.4137115,26.077359649999998,2024-11-03T03:00:00Z
Leeds,2024,03-11-2024,04:00:00,8.982666558,21.7722272,11.67722531,2024-11-03T04:00:00Z
Leeds,2024,03-11-2024,05:00:00,24.49346288,38.78064346,32.39038164,2024-11-03T05:00:00Z
Leeds,2024,03-11-2024,06:00:00,5.566098774,14.93183746,15.9991099,2024-11-03T06:00:00Z
Leeds,2024,03-11-2024,07:00:00,18.8032499,27.32380304,26.3320228,2024-11-03T07:00:00Z
Leeds,2024,03-11-2024,08:00:00,6.615343622,-0.552244011,8.158730336,2024-11-03T08:00:00Z
Leeds,2024,03-11-2024,09:00:00,12.25272276,20.52134773,13.3151519,2024-11-03T09:00:00Z
Leeds,2024,03-11-2024,10:00:00,10.08500877,21.94931038,21.12604355,2024-11-03T10:00:00Z
Leeds,2024,03-11-2024,11:00:00,3.558312768,14.38974108,5.297517172,2024-11-03T11:00:00Z
Leeds,2024,03-11-2024,12:00:00,5.458858484,16.39122013,13.44350759,2024-11-03T12:00:00Z
Leeds,2024,03-11-2024,13:00:00,3.040326054,9.280212727,13.06139371,2024-11-03T13:00:00Z
Leeds,2024,03-11-2024,14:00:00,13.08549429,30.56905108,10.87908403,2024-11-03T14:00:00Z
Leeds,2024,03-11-2024,15:00:00,0,-23.59206842,0.560039391,2024-11-03T15:00:00Z
Leeds,2024,03-11-2024,16:00:00,11.04463917,44.33923131,23.02207145,2024-11-03T16:00:00Z
Leeds,2024,03-11-2024,17:00:00,7.962010053,27.58341298,15.30780841,2024-11-03T17:00:00Z
Leeds,2024,03-11-2024,18:00:00,14.88262442,22.86853913,17.58767846,2024-11-03T18:00:00Z
Leeds,2024,03-11-2024,19:00:00,2.866221354,18.08273182,15.09922871,2024-11-03T19:00:00Z
Leeds,2024,03-11-2024,20:00:00,10.42080742,0.022927443,2.171546945,2024-11-03T20:00:00Z
Leeds,2024,03-11-2024,21:00:00,10.89161087,21.17414832,5.09734278,2024-11-03T21:00:00Z
Leeds,2024,03-11-2024,22:00:00,26.73554568,38.96113804,22.74302367,2024-11-03T22:00:00Z
Leeds,2024,03-11-2024,23:00:00,17.21514855,40.28719695,23.77264843,2024-11-03T23:00:00Z
Leeds,2024,04-11-2024,00:00:00,16.79853114,40.81078355,25.01984886,2024-11-04T00:00:00Z
Leeds,2024,04-11-2024,01:00:00,17.45787101,26.18199605,28.74102812,2024-11-04T01:00:00Z
Leeds,2024,04-11-2024,02:00:00,0,-3.034549753,3.666669639,2024-11-04T02:00:00Z
Leeds,2024,04-11-2024,03:00:00,16.15109318,32.00979257,19.02408534,2024-11-04T03:00:00Z
Leeds,2024,04-11-2024,04:00:00,0,-10.10638334,-7.317443276,2024-11-04T04:00:00Z
Leeds,2024,04-11-2024,05:00:00,13.75158674,35.89733703,25.1157297,2024-11-04T05:00:00Z
Leeds,2024,04-11-2024,06:00:00,10.77220374,33.46557921,10.3210311,2024-11-04T06:00:00Z
Leeds,2024,04-11-2024,07:00:00,3.582500454,27.20813185,14.09332196,2024-11-04T07:00:00Z
Leeds,2024,04-11-2024,08:00:00,15.45847118,24.99438774,17.74890994,2024-11-04T08:00:00Z
Leeds,2024,04-11-2024,09:00:00,4.965719234,18.47111389,12.71828214,2024-11-04T09:00:00Z
Leeds,2024,04-11-2024,10:00:00,13.06918665,30.59133834,25.92556874,2024-11-04T10:00:00Z
Leeds,2024,04-11-2024,11:00:00,2.621672179,27.04846497,13.30971615,2024-11-04T11:00:00Z
Leeds,2024,04-11-2024,12:00:00,9.181223329,26.02179194,14.83477223,2024-11-04T12:00:00Z
Leeds,2024,04-11-2024,13:00:00,1.991160972,13.00293564,4.040858386,2024-11-04T13:00:00Z
Leeds,2024,04-11-2024,14:00:00,3.010852195,20.33040034,18.71230197,2024-11-04T14:00:00Z
Leeds,2024,04-11-2024,15:00:00,9.310665453,23.30654338,17.47513133,2024-11-04T15:00:00Z
Leeds,2024,04-11-2024,16:00:00,21.86879617,25.56125896,26.04847152,2024-11-04T16:00:00Z
Leeds,2024,04-11-2024,17:00:00,0,9.777407279,2.763538692,2024-11-04T17:00:00Z
Leeds,2024,04-11-2024,18:00:00,6.93879542,15.38209921,19.11585055,2024-11-04T18:00:00Z
Leeds,2024,04-11-2024,19:00:00,9.347188447,17.76849921,19.76075628,2024-11-04T19:00:00Z
Leeds,2024,04-11-2024,20:00:00,7.286034106,1.349722869,14.1504382,2024-11-04T20:00:00Z
Leeds,2024,04-11-2024,21:00:00,3.298767614,20.23124151,15.59509882,2024-11-04T21:00:00Z
Leeds,2024,04-11-2024,22:00:00,0,44.55198268,23.26790421,2024-11-04T22:00:00Z
Leeds,2024,04-11-2024,23:00:00,20.18541953,19.66697388,21.38486105,2024-11-04T23:00:00Z
Leeds,2024,05-11-2024,00:00:00,41.2389543,135.6426954,106.9814429,2024-11-05T00:00:00Z
Leeds,2024,05-11-2024,01:00:00,39.73018803,86.23355664,75.56152403,2024-11-05T01:00:00Z
Leeds,2024,05-11-2024,02:00:00,29.48870233,80.20628583,68.28724468,2024-11-05T02:00:00Z
Leeds,2024,05-11-2024,03:00:00,49.72129842,102.8441241,71.08469339,2024-11-05T03:00:00Z
Leeds,2024,05-11-2024,04:00:00,67.76092722,125.7598797,98.64464716,2024-11-05T04:00:00Z
Leeds,2024,05-11-2024,05:00:00,60.47684425,111.5466283,99.67969338,2024-11-05T05:00:00Z
Leeds,2024,05-11-2024,06:00:00,41.03282674,117.9774526,84.30131118,2024-11-05T06:00:00Z
Leeds,2024,05-11-2024,07:00:00,71.98284979,138.56172,107.0969208,2024-11-05T07:00:00Z
Leeds,2024,05-11-2024,08:00:00,69.12817039,160.8663633,122.9247873,2024-11-05T08:00:00Z
Leeds,2024,05-11-2024,09:00:00,41.06179267,87.32457004,68.69630986,2024-11-05T09:00:00Z
Leeds,2024,05-11-2024,10:00:00,50.14265193,96.85366015,79.2677688,2024-11-05T10:00:00Z
Leeds,2024,05-11-2024,11:00:00,22.95919636,94.86151584,60.75525763,2024-11-05T11:00:00Z
Leeds,2024,05-11-2024,12:00:00,22.30598778,69.34455688,62.8944175,2024-11-05T12:00:00Z
Leeds,2024,05-11-2024,13:00:00,51.0730006,128.2925113,93.87710734,2024-11-05T13:00:00Z
Leeds,2024,05-11-2024,14:00:00,53.44977111,145.6955135,102.5078845,2024-11-05T14:00:00Z
Leeds,2024,05-11-2024,15:00:00,101.3773665,171.8667261,144.5533745,2024-11-05T15:00:00Z
Leeds,2024,05-11-2024,16:00:00,60.2876644,102.6346268,89.3314151,2024-11-05T16:00:00Z
Leeds,2024,05-11-2024,17:00:00,25.8959782,69.31754417,60.95507534,2024-11-05T17:00:00Z
Leeds,2024,05-11-2024,18:00:00,39.37777434,84.28071976,63.44294568,2024-11-05T18:00:00Z
Leeds,2024,05-11-2024,19:00:00,46.14386375,105.3526992,87.43748549,2024-11-05T19:00:00Z
Leeds,2024,05-11-2024,20:00:00,33.19552101,105.9455433,81.07253696,2024-11-05T20:00:00Z
Leeds,2024,05-11-2024,21:00:00,51.83873036,103.6814819,82.10411466,2024-11-05T21:00:00Z
Leeds,2024,05-11-2024,22:00:00,63.99623705,163.6850654,115.1993836,2024-11-05T22:00:00Z
Leeds,2024,05-11-2024,23:00:00,79.75923297,168.5203283,126.3232099,2024-11-05T23:00:00Z
Leeds,2024,06-11-2024,00:00:00,16.27989392,36.34582408,18.37187874,2024-11-06T00:00:00Z
Leeds,2024,06-11-2024,01:00:00,8.886945281,8.599502507,7.362455229,2024-11-06T01:00:00Z
Leeds,2024,06-11-2024,02:00:00,16.63810397,22.86325474,19.64524664,2024-11-06T02:00:00Z
Leeds,2024,06-11-2024,03:00:00,7.952388691,33.52884236,18.96853725,2024-11-06T03:00:00Z
Leeds,2024,06-11-2024,04:00:00,0.609089101,22.71284518,10.61066011,2024-11-06T04:00:00Z
Leeds,2024,06-11-2024,05:00:00,14.29456808,13.19355651,20.09602175,2024-11-06T05:00:00Z
Leeds,2024,06-11-2024,06:00:00,17.40877616,33.1247459,30.39288289,2024-11-06T06:00:00Z
Leeds,2024,06-11-2024,07:00:00,8.669729791,15.35747174,18.69210036,2024-11-06T07:00:00Z
Leeds,2024,06-11-2024,08:00:00,10.05609584,13.16212491,17.22940236,2024-11-06T08:00:00Z
Leeds,2024,06-11-2024,09:00:00,5.145469906,25.91437929,20.35557807,2024-11-06T09:00:00Z
Leeds,2024,06-11-2024,10:00:00,7.884913889,5.756028287,4.370076118,2024-11-06T10:00:00Z
Leeds,2024,06-11-2024,11:00:00,0,26.04507677,14.258602,2024-11-06T11:00:00Z
Leeds,2024,06-11-2024,12:00:00,18.21054071,43.63247717,22.86921163,2024-11-06T12:00:00Z
Leeds,2024,06-11-2024,13:00:00,0,14.83008492,6.436707945,2024-11-06T13:00:00Z
Leeds,2024,06-11-2024,14:00:00,22.04905756,48.88030132,24.8465214,2024-11-06T14:00:00Z
Leeds,2024,06-11-2024,15:00:00,12.72793643,38.17586594,18.16485814,2024-11-06T15:00:00Z
Leeds,2024,06-11-2024,16:00:00,8.753583025,19.00403389,17.82273716,2024-11-06T16:00:00Z
Leeds,2024,06-11-2024,17:00:00,10.80992463,40.80966771,30.1746757,2024-11-06T17:00:00Z
Leeds,2024,06-11-2024,18:00:00,7.903492434,43.98327761,25.4994289,2024-11-06T18:00:00Z
Leeds,2024,06-11-2024,19:00:00,14.92068971,20.58277943,16.22031685,2024-11-06T19:00:00Z
Leeds,2024,06-11-2024,20:00:00,19.08822665,27.92102949,24.91768566,2024-11-06T20:00:00Z
Leeds,2024,06-11-2024,21:00:00,8.092730103,35.15342823,15.41996175,2024-11-06T21:00:00Z
Leeds,2024,06-11-2024,22:00:00,21.01814584,28.97545072,18.4516977,2024-11-06T22:00:00Z
Leeds,2024,06-11-2024,23:00:00,2.364583599,-2.616825875,2.343319721,2024-11-06T23:00:00Z
Leeds,2024,07-11-2024,00:00:00,7.630284013,29.99839706,8.68875192,2024-11-07T00:00:00Z
Leeds,2024,07-11-2024,01:00:00,0.687819265,33.18850648,19.86192391,2024-11-07T01:00:00Z
Leeds,2024,07-11-2024,02:00:00,7.106407632,23.79608699,11.74735721,2024-11-07T02:00:00Z
Leeds,2024,07-11-2024,03:00:00,5.727029337,3.362184658,5.448680203,2024-11-07T03:00:00Z
Leeds,2024,07-11-2024,04:00:00,9.49344487,1.511634549,16.09423958,2024-11-07T04:00:00Z
Leeds,2024,07-11-2024,05:00:00,8.910523865,37.1723411,23.98325781,2024-11-07T05:00:00Z
Leeds,2024,07-11-2024,06:00:00,8.764538654,19.88493273,20.44199631,2024-11-07T06:00:00Z
Leeds,2024,07-11-2024,07:00:00,0.282323817,-8.141358699,2.312566738,2024-11-07T07:00:00Z
Leeds,2024,07-11-2024,08:00:00,12.83525512,36.57520629,25.97260942,2024-11-07T08:00:00Z
Leeds,2024,07-11-2024,09:00:00,1.764988675,9.583611949,3.30580453,2024-11-07T09:00:00Z
Leeds,2024,07-11-2024,10:00:00,4.304086046,30.98291486,23.87862389,2024-11-07T10:00:00Z
Leeds,2024,07-11-2024,11:00:00,7.431540651,23.28673158,19.23759783,2024-11-07T11:00:00Z
Leeds,2024,07-11-2024,12:00:00,10.87850085,33.55368972,22.858122,2024-11-07T12:00:00Z
Leeds,2024,07-11-2024,13:00:00,10.53570216,21.72846861,18.47522846,2024-11-07T13:00:00Z
Leeds,2024,07-11-2024,14:00:00,7.970947347,32.59138092,21.32482274,2024-11-07T14:00:00Z
Leeds,2024,07-11-2024,15:00:00,3.668298869,12.2749577,16.40646997,2024-11-07T15:00:00Z
Leeds,2024,07-11-2024,16:00:00,5.390867784,23.64091974,16.06270821,2024-11-07T16:00:00Z
Leeds,2024,07-11-2024,17:00:00,6.387378316,11.02925172,14.30776752,2024-11-07T17:00:00Z
Leeds,2024,07-11-2024,18:00:00,14.60006321,20.33966894,15.67839644,2024-11-07T18:00:00Z
Leeds,2024,07-11-2024,19:00:00,10.84791393,23.44250291,22.51401596,2024-11-07T19:00:00Z
Leeds,2024,07-11-2024,20:00:00,15.27062816,18.5644581,17.22357253,2024-11-07T20:00:00Z
Leeds,2024,07-11-2024,21:00:00,10.85780171,36.1300952,20.32432932,2024-11-07T21:00:00Z
Leeds,2024,07-11-2024,22:00:00,16.74501418,16.18465443,17.46435812,2024-11-07T22:00:00Z
Leeds,2024,07-11-2024,23:00:00,9.795953534,27.28814019,25.39223536,2024-11-07T23:00:00Z
Leeds,2024,08-11-2024,00:00:00,4.604562186,43.23126921,26.4703753,2024-11-08T00:00:00Z
Leeds,2024,08-11-2024,01:00:00,4.117669466,20.66411144,9.973724936,2024-11-08T01:00:00Z
Leeds,2024,08-11-2024,02:00:00,10.09311329,-12.11507102,5.183475546,2024-11-08T02:00:00Z
Leeds,2024,08-11-2024,03:00:00,9.910163131,43.12408082,30.63752327,2024-11-08T03:00:00Z
Leeds,2024,08-11-2024,04:00:00,12.08992295,12.97943616,16.65417003,2024-11-08T04:00:00Z
Leeds,2024,08-11-2024,05:00:00,11.94777536,21.40155058,19.34986493,2024-11-08T05:00:00Z
Leeds,2024,08-11-2024,06:00:00,10.99280397,31.47077949,18.08255753,2024-11-08T06:00:00Z
Leeds,2024,08-11-2024,07:00:00,13.42078187,35.09535236,18.73971696,2024-11-08T07:00:00Z
Leeds,2024,08-11-2024,08:00:00,0,2.361405747,-2.136924306,2024-11-08T08:00:00Z
Leeds,2024,08-11-2024,09:00:00,16.41710005,13.71354026,15.68752945,2024-11-08T09:00:00Z
Leeds,2024,08-11-2024,10:00:00,7.058806444,10.16454302,7.823106652,2024-11-08T10:00:00Z
Leeds,2024,08-11-2024,11:00:00,14.32376977,18.07127544,19.73258033,2024-11-08T11:00:00Z
Leeds,2024,08-11-2024,12:00:00,10.7657781,6.934072307,14.14228992,2024-11-08T12:00:00Z
Leeds,2024,08-11-2024,13:00:00,1.882250712,-21.0140625,3.900594639,2024-11-08T13:00:00Z
Leeds,2024,08-11-2024,14:00:00,12.7987171,21.27992245,9.769245831,2024-11-08T14:00:00Z
Leeds,2024,08-11-2024,15:00:00,6.125601867,24.94131152,17.9908305,2024-11-08T15:00:00Z
Leeds,2024,08-11-2024,16:00:00,6.21377273,8.407235083,13.70499608,2024-11-08T16:00:00Z
Leeds,2024,08-11-2024,17:00:00,5.812380611,28.27975484,17.25187989,2024-11-08T17:00:00Z
Leeds,2024,08-11-2024,18:00:00,0,9.924669433,-3.63756643,2024-11-08T18:00:00Z
Leeds,2024,08-11-2024,19:00:00,9.893303332,-1.456621988,13.45209981,2024-11-08T19:00:00Z
Leeds,2024,08-11-2024,20:00:00,3.17296378,14.08848186,18.08149462,2024-11-08T20:00:00Z
Leeds,2024,08-11-2024,21:00:00,12.86017517,8.012483235,3.608009293,2024-11-08T21:00:00Z
Leeds,2024,08-11-2024,22:00:00,1.270437378,3.873867121,3.281996292,2024-11-08T22:00:00Z
Leeds,2024,08-11-2024,23:00:00,4.900680694,26.83015667,13.96072853,2024-11-08T23:00:00Z
Leeds,2024,09-11-2024,00:00:00,0,11.23575009,12.72520474,2024-11-09T00:00:00Z
Leeds,2024,09-11-2024,01:00:00,19.22902003,31.44830355,23.09036728,2024-11-09T01:00:00Z
Leeds,2024,09-11-2024,02:00:00,3.073303275,8.111332464,7.826117208,2024-11-09T02:00:00Z
Leeds,2024,09-11-2024,03:00:00,11.02329341,32.63196366,25.64649425,2024-11-09T03:00:00Z
Leeds,2024,09-11-2024,04:00:00,15.69477078,27.31465653,26.23500188,2024-11-09T04:00:00Z
Leeds,2024,09-11-2024,05:00:00,0,19.60435117,12.55264051,2024-11-09T05:00:00Z
Leeds,2024,09-11-2024,06:00:00,10.31425414,21.43505291,15.91721159,2024-11-09T06:00:00Z
Leeds,2024,09-11-2024,07:00:00,0,-23.57094381,-3.633801995,2024-11-09T07:00:00Z
Leeds,2024,09-11-2024,08:00:00,17.20745214,29.60399586,24.45552307,2024-11-09T08:00:00Z
Leeds,2024,09-11-2024,09:00:00,13.06127246,26.52515025,17.45285295,2024-11-09T09:00:00Z
Leeds,2024,09-11-2024,10:00:00,0,-2.038011803,3.518308461,2024-11-09T10:00:00Z
Leeds,2024,09-11-2024,11:00:00,4.428891805,14.68009069,19.51421457,2024-11-09T11:00:00Z
Leeds,2024,09-11-2024,12:00:00,0,14.57454795,2.704324763,2024-11-09T12:00:00Z
Leeds,2024,09-11-2024,13:00:00,18.34693325,25.18318134,15.40349833,2024-11-09T13:00:00Z
Leeds,2024,09-11-2024,14:00:00,15.25295474,47.74987638,28.95457151,2024-11-09T14:00:00Z
Leeds,2024,09-11-2024,15:00:00,16.0417759,24.23013833,25.80108341,2024-11-09T15:00:00Z
Leeds,2024,09-11-2024,16:00:00,9.145775047,38.96764586,15.88038323,2024-11-09T16:00:00Z
Leeds,2024,09-11-2024,17:00:00,4.422647545,9.309085304,8.054741038,2024-11-09T17:00:00Z
Leeds,2024,09-11-2024,18:00:00,14.54406906,32.71349283,19.08303029,2024-11-09T18:00:00Z
Leeds,2024,09-11-2024,19:00:00,0,31.65532155,15.85798648,2024-11-09T19:00:00Z
Leeds,2024,09-11-2024,20:00:00,4.315829398,-5.629004682,6.90408408,2024-11-09T20:00:00Z
Leeds,2024,09-11-2024,21:00:00,6.757448767,11.55067687,8.556685862,2024-11-09T21:00:00Z
Leeds,2024,09-11-2024,22:00:00,0,10.08602339,14.96735876,2024-11-09T22:00:00Z
Leeds,2024,09-11-2024,23:00:00,14.35980971,20.5094985,15.15747542,2024-11-09T23:00:00Z
Leeds,2024,10-11-2024,00:00:00,11.67898748,9.504151802,12.32295376,2024-11-10T00:00:00Z
Leeds,2024,10-11-2024,01:00:00,0.01169961,13.81125673,7.798585622,2024-11-10T01:00:00Z
Leeds,2024,10-11-2024,02:00:00,0,-4.524588957,1.658392369,2024-11-10T02:00:00Z
Leeds,2024,10-11-2024,03:00:00,5.737918924,-2.421560951,3.640287238,2024-11-10T03:00:00Z
Leeds,2024,10-11-2024,04:00:00,0,20.49744971,13.46152372,2024-11-10T04:00:00Z
Leeds,2024,10-11-2024,05:00:00,9.065498156,34.11219778,20.17783566,2024-11-10T05:00:00Z
Leeds,2024,10-11-2024,06:00:00,8.235915395,16.6179035,6.542873627,2024-11-10T06:00:00Z
Leeds,2024,10-11-2024,07:00:00,5.9837679,16.2222685,16.09660084,2024-11-10T07:00:00Z
Leeds,2024,10-11-2024,08:00:00,0,3.250945374,6.574739558,2024-11-10T08:00:00Z
Leeds,2024,10-11-2024,09:00:00,4.162637137,17.99066843,17.33411515,2024-11-10T09:00:00Z
Leeds,2024,10-11-2024,10:00:00,10.39917114,26.17288661,14.55613883,2024-11-10T10:00:00Z
Leeds,2024,10-11-2024,11:00:00,0.032287394,10.110851,12.67433908,2024-11-10T11:00:00Z
Leeds,2024,10-11-2024,12:00:00,0.308126663,-10.42689845,1.926023138,2024-11-10T12:00:00Z
Leeds,2024,10-11-2024,13:00:00,0.46840665,30.2492958,14.700338350000001,2024-11-10T13:00:00Z
Leeds,2024,10-11-2024,14:00:00,5.144388584,33.70360381,23.14954002,2024-11-10T14:00:00Z
Leeds,2024,10-11-2024,15:00:00,8.671257383,17.57191143,13.23933586,2024-11-10T15:00:00Z
Leeds,2024,10-11-2024,16:00:00,0,20.0896846,13.27488999,2024-11-10T16:00:00Z
Leeds,2024,10-11-2024,17:00:00,14.43139918,26.52610594,16.87010752,2024-11-10T17:00:00Z
Leeds,2024,10-11-2024,18:00:00,16.98086182,53.69378876,30.43278348,2024-11-10T18:00:00Z
Leeds,2024,10-11-2024,19:00:00,3.991075301,-0.570479403,7.465212429,2024-11-10T19:00:00Z
Leeds,2024,10-11-2024,20:00:00,5.558837857,16.8790836,6.841186381,2024-11-10T20:00:00Z
Leeds,2024,10-11-2024,21:00:00,3.800913719,32.21146371,15.67951159,2024-11-10T21:00:00Z
Leeds,2024,10-11-2024,22:00:00,10.44792827,20.33559782,9.229999749,2024-11-10T22:00:00Z
Leeds,2024,10-11-2024,23:00:00,10.05409721,40.62689631,23.02252809,2024-11-10T23:00:00Z
Manchester,2017,01-11-2017,00:00:00,9.334364633,19.67067325,13.05285056,2017-11-01T00:00:00Z
Manchester,2017,01-11-2017,01:00:00,0,0,6.316445457,2017-11-01T01:00:00Z
Manchester,2017,01-11-2017,02:00:00,9.704775801,37.86460816,16.20787692,2017-11-01T02:00:00Z
Manchester,2017,01-11-2017,03:00:00,12.71569795,29.46357019,18.61460166,2017-11-01T03:00:00Z
Manchester,2017,01-11-2017,04:00:00,13.23968201,45.0721795,25.37240289,2017-11-01T04:00:00Z
Manchester,2017,01-11-2017,05:00:00,7.789069361,28.8605486,13.70517193,2017-11-01T05:00:00Z
Manchester,2017,01-11-2017,06:00:00,9.154820957,8.798580467,9.317323772,2017-11-01T06:00:00Z
Manchester,2017,01-11-2017,07:00:00,14.14809125,32.58808372,21.27101371,2017-11-01T07:00:00Z
Manchester,2017,01-11-2017,08:00:00,10.62759754,22.11642049,16.99393797,2017-11-01T08:00:00Z
Manchester,2017,01-11-2017,09:00:00,11.56755606,41.44720096,23.79343365,2017-11-01T09:00:00Z
Manchester,2017,01-11-2017,10:00:00,0.314617867,13.44989397,13.48914184,2017-11-01T10:00:00Z
Manchester,2017,01-11-2017,11:00:00,13.70207791,16.17778741,13.62866265,2017-11-01T11:00:00Z
Manchester,2017,01-11-2017,12:00:00,4.30260972,0,4.827781472,2017-11-01T12:00:00Z
Manchester,2017,01-11-2017,13:00:00,0,33.14176139,26.22904526,2017-11-01T13:00:00Z
Manchester,2017,01-11-2017,14:00:00,15.08271242,25.77320183,18.03391878,2017-11-01T14:00:00Z
Manchester,2017,01-11-2017,15:00:00,25.61505477,23.49393968,23.47836587,2017-11-01T15:00:00Z
Manchester,2017,01-11-2017,16:00:00,4.07732332,29.75577356,19.23573244,2017-11-01T16:00:00Z
Manchester,2017,01-11-2017,17:00:00,4.131208206,17.86114985,11.33838954,2017-11-01T17:00:00Z
Manchester,2017,01-11-2017,18:00:00,12.95925403,37.74779022,18.18729194,2017-11-01T18:00:00Z
Manchester,2017,01-11-2017,19:00:00,0.254445894,12.79564937,5.906352655,2017-11-01T19:00:00Z
Manchester,2017,01-11-2017,20:00:00,5.04897546,31.35960944,17.57255903,2017-11-01T20:00:00Z
Manchester,2017,01-11-2017,21:00:00,10.99199991,14.88280224,9.045290669,2017-11-01T21:00:00Z
Manchester,2017,01-11-2017,22:00:00,6.652032244,0,8.159609696,2017-11-01T22:00:00Z
Manchester,2017,01-11-2017,23:00:00,0,2.881872809,0,2017-11-01T23:00:00Z
Manchester,2017,02-11-2017,00:00:00,13.1703065,13.91289521,28.09096497,2017-11-02T00:00:00Z
Manchester,2017,02-11-2017,01:00:00,0,0,0,2017-11-02T01:00:00Z
Manchester,2017,02-11-2017,02:00:00,12.76794836,54.48841823,20.02778114,2017-11-02T02:00:00Z
Manchester,2017,02-11-2017,03:00:00,24.252448,25.08349696,18.96164943,2017-11-02T03:00:00Z
Manchester,2017,02-11-2017,04:00:00,1.841393938,0,0,2017-11-02T04:00:00Z
Manchester,2017,02-11-2017,05:00:00,9.236041314,45.51465743,29.55112297,2017-11-02T05:00:00Z
Manchester,2017,02-11-2017,06:00:00,4.135753221,21.72753931,18.8286086,2017-11-02T06:00:00Z
Manchester,2017,02-11-2017,07:00:00,6.501486721,35.75925949,13.94112883,2017-11-02T07:00:00Z
Manchester,2017,02-11-2017,08:00:00,6.762479065,18.37477744,20.40225479,2017-11-02T08:00:00Z
Manchester,2017,02-11-2017,09:00:00,1.486760123,19.13769318,10.24948254,2017-11-02T09:00:00Z
Manchester,2017,02-11-2017,10:00:00,7.653646423,14.25508238,0,2017-11-02T10:00:00Z
Manchester,2017,02-11-2017,11:00:00,5.585004886,38.73543886,23.90964059,2017-11-02T11:00:00Z
Manchester,2017,02-11-2017,12:00:00,5.686032637,31.63382109,17.03729863,2017-11-02T12:00:00Z
Manchester,2017,02-11-2017,13:00:00,0,6.251086769,7.950249948,2017-11-02T13:00:00Z
Manchester,2017,02-11-2017,14:00:00,9.824132259,26.79599868,19.5688984,2017-11-02T14:00:00Z
Manchester,2017,02-11-2017,15:00:00,9.077717471,39.35214967,27.25025476,2017-11-02T15:00:00Z
Manchester,2017,02-11-2017,16:00:00,8.358116962,27.63685101,14.82082772,2017-11-02T16:00:00Z
Manchester,2017,02-11-2017,17:00:00,15.28815117,35.45556847,25.18597359,2017-11-02T17:00:00Z
Manchester,2017,02-11-2017,18:00:00,0,18.06379677,7.560693626,2017-11-02T18:00:00Z
Manchester,2017,02-11-2017,19:00:00,4.464998579,0,0,2017-11-02T19:00:00Z
Manchester,2017,02-11-2017,20:00:00,4.285339187,20.69260928,12.48519306,2017-11-02T20:00:00Z
Manchester,2017,02-11-2017,21:00:00,17.36996987,38.18647163,32.44827492,2017-11-02T21:00:00Z
Manchester,2017,02-11-2017,22:00:00,13.61310594,27.52781635,12.18293238,2017-11-02T22:00:00Z
Manchester,2017,02-11-2017,23:00:00,3.346534103,8.578340278,5.642314158,2017-11-02T23:00:00Z
Manchester,2017,03-11-2017,00:00:00,5.576604933,29.20230401,22.66403606,2017-11-03T00:00:00Z
Manchester,2017,03-11-2017,01:00:00,9.839777307,24.84486414,8.401277981,2017-11-03T01:00:00Z
Manchester,2017,03-11-2017,02:00:00,9.229489998,8.96437545,10.04184587,2017-11-03T02:00:00Z
Manchester,2017,03-11-2017,03:00:00,5.575081221,26.93638589,25.81983178,2017-11-03T03:00:00Z
Manchester,2017,03-11-2017,04:00:00,5.270204169,1.224092613,14.369102,2017-11-03T04:00:00Z
Manchester,2017,03-11-2017,05:00:00,15.46162237,30.60315986,26.1434204,2017-11-03T05:00:00Z
Manchester,2017,03-11-2017,06:00:00,0,22.62557287,17.94256472,2017-11-03T06:00:00Z
Manchester,2017,03-11-2017,07:00:00,15.98334493,18.09754245,6.850513425,2017-11-03T07:00:00Z
Manchester,2017,03-11-2017,08:00:00,2.790108476,26.30844191,19.78916803,2017-11-03T08:00:00Z
Manchester,2017,03-11-2017,09:00:00,4.309395899,0,0.542610144,2017-11-03T09:00:00Z
Manchester,2017,03-11-2017,10:00:00,0,0,0,2017-11-03T10:00:00Z
Manchester,2017,03-11-2017,11:00:00,6.745444694,25.17726574,14.63594374,2017-11-03T11:00:00Z
Manchester,2017,03-11-2017,12:00:00,0,1.440975347,2.496046307,2017-11-03T12:00:00Z
Manchester,2017,03-11-2017,13:00:00,8.610820716,0,0,2017-11-03T13:00:00Z
Manchester,2017,03-11-2017,14:00:00,0,16.03328682,15.45900904,2017-11-03T14:00:00Z
Manchester,2017,03-11-2017,15:00:00,6.633625923,18.00073582,18.15081737,2017-11-03T15:00:00Z
Manchester,2017,03-11-2017,16:00:00,16.27505863,63.7208821,37.66445887,2017-11-03T16:00:00Z
Manchester,2017,03-11-2017,17:00:00,0.149398626,0,0,2017-11-03T17:00:00Z
Manchester,2017,03-11-2017,18:00:00,19.739262,26.81882949,13.14134614,2017-11-03T18:00:00Z
Manchester,2017,03-11-2017,19:00:00,13.66219164,18.85850584,25.26390541,2017-11-03T19:00:00Z
Manchester,2017,03-11-2017,20:00:00,17.20217918,23.34007288,20.77469865,2017-11-03T20:00:00Z
Manchester,2017,03-11-2017,21:00:00,17.45201064,9.646662181,16.11107802,2017-11-03T21:00:00Z
Manchester,2017,03-11-2017,22:00:00,12.75635409,16.9215669,20.23213177,2017-11-03T22:00:00Z
Manchester,2017,03-11-2017,23:00:00,1.720519321,19.04091774,13.70067076,2017-11-03T23:00:00Z
Manchester,2017,04-11-2017,00:00:00,20.68551155,34.1979691,24.39982985,2017-11-04T00:00:00Z
Manchester,2017,04-11-2017,01:00:00,8.425344013,27.6137949,22.07563595,2017-11-04T01:00:00Z
Manchester,2017,04-11-2017,02:00:00,17.45551125,31.06417975,14.58065127,2017-11-04T02:00:00Z
Manchester,2017,04-11-2017,03:00:00,3.034540224,0,6.332667143,2017-11-04T03:00:00Z
Manchester,2017,04-11-2017,04:00:00,0,7.82458993,5.664180627,2017-11-04T04:00:00Z
Manchester,2017,04-11-2017,05:00:00,0.90389364,26.55344014,3.980208789,2017-11-04T05:00:00Z
Manchester,2017,04-11-2017,06:00:00,17.02451421,0,14.32279961,2017-11-04T06:00:00Z
Manchester,2017,04-11-2017,07:00:00,16.25850423,16.25288674,8.743273054,2017-11-04T07:00:00Z
Manchester,2017,04-11-2017,08:00:00,12.23891483,17.71126775,10.20934996,2017-11-04T08:00:00Z
Manchester,2017,04-11-2017,09:00:00,16.25311403,14.31610595,19.43136521,2017-11-04T09:00:00Z
Manchester,2017,04-11-2017,10:00:00,11.3123752,30.56872017,38.3441517,2017-11-04T10:00:00Z
Manchester,2017,04-11-2017,11:00:00,19.90369709,26.0991542,24.90221239,2017-11-04T11:00:00Z
Manchester,2017,04-11-2017,12:00:00,13.55430897,15.8837823,18.70280038,2017-11-04T12:00:00Z
Manchester,2017,04-11-2017,13:00:00,0.209799767,0,13.03263075,2017-11-04T13:00:00Z
Manchester,2017,04-11-2017,14:00:00,3.950231095,26.88099336,6.877270662,2017-11-04T14:00:00Z
Manchester,2017,04-11-2017,15:00:00,4.065644538,46.60766266,31.1715655,2017-11-04T15:00:00Z
Manchester,2017,04-11-2017,16:00:00,10.46710952,23.2162665,20.21956084,2017-11-04T16:00:00Z
Manchester,2017,04-11-2017,17:00:00,14.50482331,14.27642285,23.81715156,2017-11-04T17:00:00Z
Manchester,2017,04-11-2017,18:00:00,15.9413937,22.55721468,25.03201184,2017-11-04T18:00:00Z
Manchester,2017,04-11-2017,19:00:00,5.462700213,0,4.488924606,2017-11-04T19:00:00Z
Manchester,2017,04-11-2017,20:00:00,1.58524535,27.83873106,19.507862,2017-11-04T20:00:00Z
Manchester,2017,04-11-2017,21:00:00,1.417607454,8.707182634,16.75348274,2017-11-04T21:00:00Z
Manchester,2017,04-11-2017,22:00:00,9.452131182,27.69151681,9.704019645,2017-11-04T22:00:00Z
Manchester,2017,04-11-2017,23:00:00,5.804334015,12.61176322,0,2017-11-04T23:00:00Z
Manchester,2017,05-11-2017,00:00:00,81.92682151,155.5435028,109.53178,2017-11-05T00:00:00Z
Manchester,2017,05-11-2017,01:00:00,32.96464686,116.4634968,75.19089313,2017-11-05T01:00:00Z
Manchester,2017,05-11-2017,02:00:00,70.81313779,124.4338177,104.4171689,2017-11-05T02:00:00Z
Manchester,2017,05-11-2017,03:00:00,43.53879747,83.87552082,66.96124385,2017-11-05T03:00:00Z
Manchester,2017,05-11-2017,04:00:00,51.55211164,117.5496229,88.8230978,2017-11-05T04:00:00Z
Manchester,2017,05-11-2017,05:00:00,42.47119008,123.5603914,84.63409385,2017-11-05T05:00:00Z
Manchester,2017,05-11-2017,06:00:00,30.18323435,86.1382669,58.3348091,2017-11-05T06:00:00Z
Manchester,2017,05-11-2017,07:00:00,56.82885345,127.6713924,93.33420084,2017-11-05T07:00:00Z
Manchester,2017,05-11-2017,08:00:00,64.90442523,143.6267582,110.2064704,2017-11-05T08:00:00Z
Manchester,2017,05-11-2017,09:00:00,45.80378686,120.3412637,82.41874354,2017-11-05T09:00:00Z
Manchester,2017,05-11-2017,10:00:00,69.97077544,134.5748823,108.6158262,2017-11-05T10:00:00Z
Manchester,2017,05-11-2017,11:00:00,38.36854505,90.93718305,63.81616543,2017-11-05T11:00:00Z
Manchester,2017,05-11-2017,12:00:00,45.61915101,73.97837529,70.93899087,2017-11-05T12:00:00Z
Manchester,2017,05-11-2017,13:00:00,54.39940402,138.4145673,90.25972436,2017-11-05T13:00:00Z
Manchester,2017,05-11-2017,14:00:00,84.61738395,160.0191759,122.7069228,2017-11-05T14:00:00Z
Manchester,2017,05-11-2017,15:00:00,41.30150266,143.0346929,103.5200734,2017-11-05T15:00:00Z
Manchester,2017,05-11-2017,16:00:00,83.62898143,146.7292086,109.4885687,2017-11-05T16:00:00Z
Manchester,2017,05-11-2017,17:00:00,47.64438076,134.8229003,72.87309724,2017-11-05T17:00:00Z
Manchester,2017,05-11-2017,18:00:00,56.24039306,143.2918391,110.3618744,2017-11-05T18:00:00Z
Manchester,2017,05-11-2017,19:00:00,33.35882972,105.4265527,65.96671816,2017-11-05T19:00:00Z
Manchester,2017,05-11-2017,20:00:00,26.92412707,73.81498929,62.07084711,2017-11-05T20:00:00Z
Manchester,2017,05-11-2017,21:00:00,16.67706668,47.27489921,48.76129802,2017-11-05T21:00:00Z
Manchester,2017,05-11-2017,22:00:00,28.97138635,91.56469205,70.27307258,2017-11-05T22:00:00Z
Manchester,2017,05-11-2017,23:00:00,35.95588303,105.8080524,89.64452772,2017-11-05T23:00:00Z
Manchester,2017,06-11-2017,00:00:00,8.839005419,42.13791288,21.24270494,2017-11-06T00:00:00Z
Manchester,2017,06-11-2017,01:00:00,9.376375008,12.36471714,0.365357857,2017-11-06T01:00:00Z
Manchester,2017,06-11-2017,02:00:00,0,20.23722819,13.16647442,2017-11-06T02:00:00Z
Manchester,2017,06-11-2017,03:00:00,9.476622849,6.299629993,8.838919711,2017-11-06T03:00:00Z
Manchester,2017,06-11-2017,04:00:00,0.491389908,5.587201612,1.93435913,2017-11-06T04:00:00Z
Manchester,2017,06-11-2017,05:00:00,6.787472798,13.02914892,14.40758952,2017-11-06T05:00:00Z
Manchester,2017,06-11-2017,06:00:00,13.97365547,1.394541046,11.11753444,2017-11-06T06:00:00Z
Manchester,2017,06-11-2017,07:00:00,7.800807476,0,16.63490739,2017-11-06T07:00:00Z
Manchester,2017,06-11-2017,08:00:00,3.95260839,10.5194276,11.57552618,2017-11-06T08:00:00Z
Manchester,2017,06-11-2017,09:00:00,4.992978688,19.05534598,15.74493166,2017-11-06T09:00:00Z
Manchester,2017,06-11-2017,10:00:00,19.27676434,54.83849299,33.81848782,2017-11-06T10:00:00Z
Manchester,2017,06-11-2017,11:00:00,10.97506712,34.85131868,17.33226128,2017-11-06T11:00:00Z
Manchester,2017,06-11-2017,12:00:00,4.115464282,35.32763439,20.7329411,2017-11-06T12:00:00Z
Manchester,2017,06-11-2017,13:00:00,6.487796398,0.121029352,0,2017-11-06T13:00:00Z
Manchester,2017,06-11-2017,14:00:00,29.7793138,36.00269416,20.90026418,2017-11-06T14:00:00Z
Manchester,2017,06-11-2017,15:00:00,1.535783235,6.627495359,5.926946244,2017-11-06T15:00:00Z
Manchester,2017,06-11-2017,16:00:00,10.44033013,30.7121257,18.3909629,2017-11-06T16:00:00Z
Manchester,2017,06-11-2017,17:00:00,0,23.82362804,13.80894299,2017-11-06T17:00:00Z
Manchester,2017,06-11-2017,18:00:00,7.300005455,17.31965636,14.18613817,2017-11-06T18:00:00Z
Manchester,2017,06-11-2017,19:00:00,11.33497691,40.99722637,5.490114768,2017-11-06T19:00:00Z
Manchester,2017,06-11-2017,20:00:00,0,0,0,2017-11-06T20:00:00Z
Manchester,2017,06-11-2017,21:00:00,1.889938481,6.954225531,11.32698791,2017-11-06T21:00:00Z
Manchester,2017,06-11-2017,22:00:00,10.33759642,5.531784575,4.701431313,2017-11-06T22:00:00Z
Manchester,2017,06-11-2017,23:00:00,11.3060951,20.45172168,6.997050644,2017-11-06T23:00:00Z
Manchester,2017,07-11-2017,00:00:00,0,0,0,2017-11-07T00:00:00Z
Manchester,2017,07-11-2017,01:00:00,12.95559059,29.36978168,13.01996278,2017-11-07T01:00:00Z
Manchester,2017,07-11-2017,02:00:00,5.872725528,1.291233914,12.25783629,2017-11-07T02:00:00Z
Manchester,2017,07-11-2017,03:00:00,15.20722775,14.54057057,5.700842175,2017-11-07T03:00:00Z
Manchester,2017,07-11-2017,04:00:00,8.195819109,37.19422542,20.12722858,2017-11-07T04:00:00Z
Manchester,2017,07-11-2017,05:00:00,14.79447395,22.76887252,9.50299088,2017-11-07T05:00:00Z
Manchester,2017,07-11-2017,06:00:00,16.1942592,21.356356860000002,14.7188397,2017-11-07T06:00:00Z
Manchester,2017,07-11-2017,07:00:00,7.339448852,16.91875935,4.223422393,2017-11-07T07:00:00Z
Manchester,2017,07-11-2017,08:00:00,26.71924234,9.837749983,19.75768364,2017-11-07T08:00:00Z
Manchester,2017,07-11-2017,09:00:00,0,19.43891331,17.13081674,2017-11-07T09:00:00Z
Manchester,2017,07-11-2017,10:00:00,2.928009838,6.255984189,7.290067818,2017-11-07T10:00:00Z
Manchester,2017,07-11-2017,11:00:00,13.48265516,24.62894633,14.63015509,2017-11-07T11:00:00Z
Manchester,2017,07-11-2017,12:00:00,17.57594102,32.24541246,20.81666058,2017-11-07T12:00:00Z
Manchester,2017,07-11-2017,13:00:00,9.006857494,0,3.099045553,2017-11-07T13:00:00Z
Manchester,2017,07-11-2017,14:00:00,9.896015455,1.033298094,5.609672747,2017-11-07T14:00:00Z
Manchester,2017,07-11-2017,15:00:00,16.26380609,19.09019612,24.71073467,2017-11-07T15:00:00Z
Manchester,2017,07-11-2017,16:00:00,14.54050491,20.46397192,15.38297224,2017-11-07T16:00:00Z
Manchester,2017,07-11-2017,17:00:00,18.50347479,29.62905742,29.24865265,2017-11-07T17:00:00Z
Manchester,2017,07-11-2017,18:00:00,8.581794955,54.41018497,30.06638714,2017-11-07T18:00:00Z
Manchester,2017,07-11-2017,19:00:00,0.54128155,22.63698789,14.30460502,2017-11-07T19:00:00Z
Manchester,2017,07-11-2017,20:00:00,0,3.32979806,10.61069078,2017-11-07T20:00:00Z
Manchester,2017,07-11-2017,21:00:00,11.79462096,14.3962607,22.19703239,2017-11-07T21:00:00Z
Manchester,2017,07-11-2017,22:00:00,8.261467013,10.61276743,11.49224152,2017-11-07T22:00:00Z
Manchester,2017,07-11-2017,23:00:00,1.268473392,32.59481824,16.58278938,2017-11-07T23:00:00Z
Manchester,2017,08-11-2017,00:00:00,8.622894644,31.27497761,23.61213768,2017-11-08T00:00:00Z
Manchester,2017,08-11-2017,01:00:00,16.04858731,23.25812911,13.24268738,2017-11-08T01:00:00Z
Manchester,2017,08-11-2017,02:00:00,6.368612609,46.19794007,4.912488317,2017-11-08T02:00:00Z
Manchester,2017,08-11-2017,03:00:00,7.611257562,25.28044696,21.0699172,2017-11-08T03:00:00Z
Manchester,2017,08-11-2017,04:00:00,14.75191605,42.03284195,17.85388217,2017-11-08T04:00:00Z
Manchester,2017,08-11-2017,05:00:00,23.46164004,37.56946622,32.79335428,2017-11-08T05:00:00Z
Manchester,2017,08-11-2017,06:00:00,1.658601732,24.8847673,14.58463923,2017-11-08T06:00:00Z
Manchester,2017,08-11-2017,07:00:00,9.423451529,8.914587249,17.94935613,2017-11-08T07:00:00Z
Manchester,2017,08-11-2017,08:00:00,9.092609175,35.63374605,9.488112487,2017-11-08T08:00:00Z
Manchester,2017,08-11-2017,09:00:00,10.60446784,28.08597801,22.70383315,2017-11-08T09:00:00Z
Manchester,2017,08-11-2017,10:00:00,1.516213392,45.47752348,24.97709797,2017-11-08T10:00:00Z
Manchester,2017,08-11-2017,11:00:00,2.247617934,25.51878132,9.074770271,2017-11-08T11:00:00Z
Manchester,2017,08-11-2017,12:00:00,20.78505501,22.19392874,26.7979705,2017-11-08T12:00:00Z
Manchester,2017,08-11-2017,13:00:00,8.504855453,0,13.23907638,2017-11-08T13:00:00Z
Manchester,2017,08-11-2017,14:00:00,4.214138996,21.45657224,18.03188128,2017-11-08T14:00:00Z
Manchester,2017,08-11-2017,15:00:00,1.254368398,30.86315057,22.0668193,2017-11-08T15:00:00Z
Manchester,2017,08-11-2017,16:00:00,10.08134697,21.7010372,13.90348032,2017-11-08T16:00:00Z
Manchester,2017,08-11-2017,17:00:00,17.34072716,18.32165706,14.16310045,2017-11-08T17:00:00Z
Manchester,2017,08-11-2017,18:00:00,20.63031728,28.42626998,29.51876232,2017-11-08T18:00:00Z
Manchester,2017,08-11-2017,19:00:00,6.471993088,25.45449096,20.74525932,2017-11-08T19:00:00Z
Manchester,2017,08-11-2017,20:00:00,2.745076887,29.32647129,7.637792202,2017-11-08T20:00:00Z
Manchester,2017,08-11-2017,21:00:00,0.970597392,0,5.744843251,2017-11-08T21:00:00Z
Manchester,2017,08-11-2017,22:00:00,10.95561909,14.40305107,15.81045719,2017-11-08T22:00:00Z
Manchester,2017,08-11-2017,23:00:00,16.05154812,26.85263305,18.75881172,2017-11-08T23:00:00Z
Manchester,2017,09-11-2017,00:00:00,0,0,1.605479053,2017-11-09T00:00:00Z
Manchester,2017,09-11-2017,01:00:00,3.95759372,23.03961763,31.66195187,2017-11-09T01:00:00Z
Manchester,2017,09-11-2017,02:00:00,3.080787447,33.29435338,27.08085987,2017-11-09T02:00:00Z
Manchester,2017,09-11-2017,03:00:00,2.293315912,11.29868975,0,2017-11-09T03:00:00Z
Manchester,2017,09-11-2017,04:00:00,2.054563274,19.04318455,13.69963987,2017-11-09T04:00:00Z
Manchester,2017,09-11-2017,05:00:00,14.17307648,8.643679867,15.9983885,2017-11-09T05:00:00Z
Manchester,2017,09-11-2017,06:00:00,5.255545025,29.51124006,26.02885262,2017-11-09T06:00:00Z
Manchester,2017,09-11-2017,07:00:00,5.309129445,12.02477337,7.509433667,2017-11-09T07:00:00Z
Manchester,2017,09-11-2017,08:00:00,7.366121375,34.2072192,19.70613473,2017-11-09T08:00:00Z
Manchester,2017,09-11-2017,09:00:00,20.90696821,40.35649585,38.4146659,2017-11-09T09:00:00Z
Manchester,2017,09-11-2017,10:00:00,6.779247837,1.402025082,6.508179874,2017-11-09T10:00:00Z
Manchester,2017,09-11-2017,11:00:00,4.196119703,21.81283347,7.300279852,2017-11-09T11:00:00Z
Manchester,2017,09-11-2017,12:00:00,7.604841112,26.77576404,20.30875926,2017-11-09T12:00:00Z
Manchester,2017,09-11-2017,13:00:00,0.186409274,5.763064814,6.844592788,2017-11-09T13:00:00Z
Manchester,2017,09-11-2017,14:00:00,9.455760237,4.266670973,21.31495093,2017-11-09T14:00:00Z
Manchester,2017,09-11-2017,15:00:00,8.222312772,0,13.57092966,2017-11-09T15:00:00Z
Manchester,2017,09-11-2017,16:00:00,0,14.7552423,17.90768043,2017-11-09T16:00:00Z
Manchester,2017,09-11-2017,17:00:00,2.603416788,21.09490795,10.96061852,2017-11-09T17:00:00Z
Manchester,2017,09-11-2017,18:00:00,4.324965165,0.591097381,19.71700252,2017-11-09T18:00:00Z
Manchester,2017,09-11-2017,19:00:00,5.243229831,22.39651592,12.75139662,2017-11-09T19:00:00Z
Manchester,2017,09-11-2017,20:00:00,26.64918551,35.7141295,32.34760633,2017-11-09T20:00:00Z
Manchester,2017,09-11-2017,21:00:00,0.660893123,6.872518436,0,2017-11-09T21:00:00Z
Manchester,2017,09-11-2017,22:00:00,9.340083865,28.54442136,9.126999396,2017-11-09T22:00:00Z
Manchester,2017,09-11-2017,23:00:00,13.87437836,61.61313419,26.86825931,2017-11-09T23:00:00Z
Manchester,2017,10-11-2017,00:00:00,6.222271002,28.31455198,17.9167633,2017-11-10T00:00:00Z
Manchester,2017,10-11-2017,01:00:00,3.50083108,0,11.54044092,2017-11-10T01:00:00Z
Manchester,2017,10-11-2017,02:00:00,12.31695799,23.37312825,12.85594668,2017-11-10T02:00:00Z
Manchester,2017,10-11-2017,03:00:00,6.130105775,30.48889157,7.491867995,2017-11-10T03:00:00Z
Manchester,2017,10-11-2017,04:00:00,5.033203963,9.245930976,9.095062351,2017-11-10T04:00:00Z
Manchester,2017,10-11-2017,05:00:00,13.86801404,25.70861602,28.44769404,2017-11-10T05:00:00Z
Manchester,2017,10-11-2017,06:00:00,5.834125538,17.74141271,24.69010624,2017-11-10T06:00:00Z
Manchester,2017,10-11-2017,07:00:00,18.98859,21.34061038,19.77133878,2017-11-10T07:00:00Z
Manchester,2017,10-11-2017,08:00:00,16.53694622,17.56956787,19.11274137,2017-11-10T08:00:00Z
Manchester,2017,10-11-2017,09:00:00,0.874724868,15.20335271,4.319687423,2017-11-10T09:00:00Z
Manchester,2017,10-11-2017,10:00:00,15.92303772,18.46053502,19.94043237,2017-11-10T10:00:00Z
Manchester,2017,10-11-2017,11:00:00,0.606998841,7.60133448,8.776082275,2017-11-10T11:00:00Z
Manchester,2017,10-11-2017,12:00:00,8.737868336,3.448062271,8.184578834,2017-11-10T12:00:00Z
Manchester,2017,10-11-2017,13:00:00,0,0,0,2017-11-10T13:00:00Z
Manchester,2017,10-11-2017,14:00:00,0.478718098,30.43465232,6.625615626,2017-11-10T14:00:00Z
Manchester,2017,10-11-2017,15:00:00,7.134004537,58.90243414,19.91408688,2017-11-10T15:00:00Z
Manchester,2017,10-11-2017,16:00:00,4.106770286,0,12.38894426,2017-11-10T16:00:00Z
Manchester,2017,10-11-2017,17:00:00,26.03133642,41.23496154,20.33135797,2017-11-10T17:00:00Z
Manchester,2017,10-11-2017,18:00:00,4.791980807,1.074567008,6.802138829,2017-11-10T18:00:00Z
Manchester,2017,10-11-2017,19:00:00,5.059649619,35.07646239,6.902475246,2017-11-10T19:00:00Z
Manchester,2017,10-11-2017,20:00:00,0.492050658,0,0,2017-11-10T20:00:00Z
Manchester,2017,10-11-2017,21:00:00,9.629221828,12.89872632,12.25220857,2017-11-10T21:00:00Z
Manchester,2017,10-11-2017,22:00:00,11.42814494,0,4.653561453,2017-11-10T22:00:00Z
Manchester,2017,10-11-2017,23:00:00,16.73316552,0,14.6228895,2017-11-10T23:00:00Z
Manchester,2018,01-11-2018,00:00:00,2.387080807,23.39538836,22.645592099999998,2018-11-01T00:00:00Z
Manchester,2018,01-11-2018,01:00:00,9.479733146,11.9286408,11.35094121,2018-11-01T01:00:00Z
Manchester,2018,01-11-2018,02:00:00,5.642938143,0,0,2018-11-01T02:00:00Z
Manchester,2018,01-11-2018,03:00:00,23.73212261,16.75959769,23.4820308,2018-11-01T03:00:00Z
Manchester,2018,01-11-2018,04:00:00,12.8808986,30.66729119,26.76473685,2018-11-01T04:00:00Z
Manchester,2018,01-11-2018,05:00:00,13.92567932,58.98027676,27.31072033,2018-11-01T05:00:00Z
Manchester,2018,01-11-2018,06:00:00,11.34777167,25.70450828,20.38886835,2018-11-01T06:00:00Z
Manchester,2018,01-11-2018,07:00:00,23.3833874,26.21583922,24.99802915,2018-11-01T07:00:00Z
Manchester,2018,01-11-2018,08:00:00,1.001316234,17.88794815,14.66169599,2018-11-01T08:00:00Z
Manchester,2018,01-11-2018,09:00:00,0,7.30402725,3.495108142,2018-11-01T09:00:00Z
Manchester,2018,01-11-2018,10:00:00,2.615446459,0,4.162520305,2018-11-01T10:00:00Z
Manchester,2018,01-11-2018,11:00:00,7.922995295,4.701685869,15.6913792,2018-11-01T11:00:00Z
Manchester,2018,01-11-2018,12:00:00,13.80633283,18.07039667,13.82993535,2018-11-01T12:00:00Z
Manchester,2018,01-11-2018,13:00:00,0,15.06729279,3.409663744,2018-11-01T13:00:00Z
Manchester,2018,01-11-2018,14:00:00,1.378278004,12.50736586,13.38135077,2018-11-01T14:00:00Z
Manchester,2018,01-11-2018,15:00:00,0,18.99563218,17.48251247,2018-11-01T15:00:00Z
Manchester,2018,01-11-2018,16:00:00,19.53453562,36.25970495,32.32424832,2018-11-01T16:00:00Z
Manchester,2018,01-11-2018,17:00:00,11.88204978,24.60770723,27.55540253,2018-11-01T17:00:00Z
Manchester,2018,01-11-2018,18:00:00,6.621240126,0,4.981831276,2018-11-01T18:00:00Z
Manchester,2018,01-11-2018,19:00:00,9.63603763,39.98215939,24.11693891,2018-11-01T19:00:00Z
Manchester,2018,01-11-2018,20:00:00,12.1365068,38.28250426,14.37795557,2018-11-01T20:00:00Z
Manchester,2018,01-11-2018,21:00:00,1.21408408,13.74623427,6.038543121,2018-11-01T21:00:00Z
Manchester,2018,01-11-2018,22:00:00,7.784771007,22.91067133,15.19624155,2018-11-01T22:00:00Z
Manchester,2018,01-11-2018,23:00:00,8.164736183,12.70923344,12.56963282,2018-11-01T23:00:00Z
Manchester,2018,02-11-2018,00:00:00,7.966925708,22.59183542,20.21796026,2018-11-02T00:00:00Z
Manchester,2018,02-11-2018,01:00:00,4.061219281,9.736703278,8.800560475,2018-11-02T01:00:00Z
Manchester,2018,02-11-2018,02:00:00,5.035482701,27.9538767,18.31929976,2018-11-02T02:00:00Z
Manchester,2018,02-11-2018,03:00:00,8.248640514,24.39925968,8.820579388,2018-11-02T03:00:00Z
Manchester,2018,02-11-2018,04:00:00,0.425586078,2.792086876,1.676845205,2018-11-02T04:00:00Z
Manchester,2018,02-11-2018,05:00:00,4.695538172,10.71740006,2.670971542,2018-11-02T05:00:00Z
Manchester,2018,02-11-2018,06:00:00,11.22451662,38.3266656,20.89134216,2018-11-02T06:00:00Z
Manchester,2018,02-11-2018,07:00:00,7.013815866,0,9.868547285,2018-11-02T07:00:00Z
Manchester,2018,02-11-2018,08:00:00,17.59859755,15.12522625,11.4573395,2018-11-02T08:00:00Z
Manchester,2018,02-11-2018,09:00:00,4.602057225,24.65799714,10.6934641,2018-11-02T09:00:00Z
Manchester,2018,02-11-2018,10:00:00,13.14084228,0,16.41015595,2018-11-02T10:00:00Z
Manchester,2018,02-11-2018,11:00:00,21.03858633,7.691180449,22.8993824,2018-11-02T11:00:00Z
Manchester,2018,02-11-2018,12:00:00,0,1.882092497,6.497385636,2018-11-02T12:00:00Z
Manchester,2018,02-11-2018,13:00:00,15.84876926,42.04726939,8.9185206440000009,2018-11-02T13:00:00Z
Manchester,2018,02-11-2018,14:00:00,8.019279153,17.01333022,19.21226679,2018-11-02T14:00:00Z
Manchester,2018,02-11-2018,15:00:00,0,24.00243552,9.85845586,2018-11-02T15:00:00Z
Manchester,2018,02-11-2018,16:00:00,24.5151186,53.52072395,34.30105581,2018-11-02T16:00:00Z
Manchester,2018,02-11-2018,17:00:00,11.85026119,39.64497805,18.86890348,2018-11-02T17:00:00Z
Manchester,2018,02-11-2018,18:00:00,23.63050313,38.75892513,27.82867698,2018-11-02T18:00:00Z
Manchester,2018,02-11-2018,19:00:00,0.373472081,7.443399994,8.975403495,2018-11-02T19:00:00Z
Manchester,2018,02-11-2018,20:00:00,4.200298479,20.29310943,23.84269467,2018-11-02T20:00:00Z
Manchester,2018,02-11-2018,21:00:00,5.396674272,7.01812285,24.89795437,2018-11-02T21:00:00Z
Manchester,2018,02-11-2018,22:00:00,5.465533177,6.677821688,19.01155088,2018-11-02T22:00:00Z
Manchester,2018,02-11-2018,23:00:00,6.601980337,0,11.91107501,2018-11-02T23:00:00Z
Manchester,2018,03-11-2018,00:00:00,0.894321505,20.56380145,8.832619011,2018-11-03T00:00:00Z
Manchester,2018,03-11-2018,01:00:00,4.806937583,14.21728507,17.32907581,2018-11-03T01:00:00Z
Manchester,2018,03-11-2018,02:00:00,4.149919892,0,19.4201289,2018-11-03T02:00:00Z
Manchester,2018,03-11-2018,03:00:00,4.414886949,26.18330095,6.475868344,2018-11-03T03:00:00Z
Manchester,2018,03-11-2018,04:00:00,12.79029777,36.38867593,34.14163439,2018-11-03T04:00:00Z
Manchester,2018,03-11-2018,05:00:00,6.018400622,0,2.35360128,2018-11-03T05:00:00Z
Manchester,2018,03-11-2018,06:00:00,8.063220736,22.34377697,15.3054416,2018-11-03T06:00:00Z
Manchester,2018,03-11-2018,07:00:00,3.589269201,9.218620012,7.85349721,2018-11-03T07:00:00Z
Manchester,2018,03-11-2018,08:00:00,1.385087954,33.39974004,21.26897291,2018-11-03T08:00:00Z
Manchester,2018,03-11-2018,09:00:00,0,7.800177927,11.0342331,2018-11-03T09:00:00Z
Manchester,2018,03-11-2018,10:00:00,10.57185123,16.7587569,11.02036425,2018-11-03T10:00:00Z
Manchester,2018,03-11-2018,11:00:00,7.969491774,37.11905924,20.87242129,2018-11-03T11:00:00Z
Manchester,2018,03-11-2018,12:00:00,30.6423207,26.62483408,21.65887785,2018-11-03T12:00:00Z
Manchester,2018,03-11-2018,13:00:00,4.904830726,8.341646737,1.747792556,2018-11-03T13:00:00Z
Manchester,2018,03-11-2018,14:00:00,3.081311233,43.58689841,25.41965676,2018-11-03T14:00:00Z
Manchester,2018,03-11-2018,15:00:00,14.68921244,18.69625739,14.04583018,2018-11-03T15:00:00Z
Manchester,2018,03-11-2018,16:00:00,2.915542409,1.356308663,0,2018-11-03T16:00:00Z
Manchester,2018,03-11-2018,17:00:00,5.8765612,44.02772478,26.73684198,2018-11-03T17:00:00Z
Manchester,2018,03-11-2018,18:00:00,8.897832967,22.38116352,11.03362713,2018-11-03T18:00:00Z
Manchester,2018,03-11-2018,19:00:00,5.394280368,29.28890783,23.97749758,2018-11-03T19:00:00Z
Manchester,2018,03-11-2018,20:00:00,11.26288644,31.53794249,14.26016859,2018-11-03T20:00:00Z
Manchester,2018,03-11-2018,21:00:00,10.59100894,32.43097005,20.56849549,2018-11-03T21:00:00Z
Manchester,2018,03-11-2018,22:00:00,0,13.63176452,16.7985183,2018-11-03T22:00:00Z
Manchester,2018,03-11-2018,23:00:00,0.660861254,25.1297973,25.69546856,2018-11-03T23:00:00Z
Manchester,2018,04-11-2018,00:00:00,17.82091393,55.18089824,28.1184986,2018-11-04T00:00:00Z
Manchester,2018,04-11-2018,01:00:00,11.10076337,37.44151367,11.43130052,2018-11-04T01:00:00Z
Manchester,2018,04-11-2018,02:00:00,10.12589961,12.89544721,10.11366331,2018-11-04T02:00:00Z
Manchester,2018,04-11-2018,03:00:00,15.8819602,8.757713408,14.74018207,2018-11-04T03:00:00Z
Manchester,2018,04-11-2018,04:00:00,3.494901334,47.58295613,30.79929353,2018-11-04T04:00:00Z
Manchester,2018,04-11-2018,05:00:00,4.032647112,2.083709341,4.92536297,2018-11-04T05:00:00Z
Manchester,2018,04-11-2018,06:00:00,14.11222658,36.24952515,22.64789514,2018-11-04T06:00:00Z
Manchester,2018,04-11-2018,07:00:00,1.975647681,12.12907369,19.6598599,2018-11-04T07:00:00Z
Manchester,2018,04-11-2018,08:00:00,8.339815785,32.97865187,26.55027033,2018-11-04T08:00:00Z
Manchester,2018,04-11-2018,09:00:00,12.90279009,23.76311901,19.35251202,2018-11-04T09:00:00Z
Manchester,2018,04-11-2018,10:00:00,8.866480836,44.54914204,20.07616394,2018-11-04T10:00:00Z
Manchester,2018,04-11-2018,11:00:00,0,24.16721759,13.87493659,2018-11-04T11:00:00Z
Manchester,2018,04-11-2018,12:00:00,12.31409672,2.613735303,8.356054429,2018-11-04T12:00:00Z
Manchester,2018,04-11-2018,13:00:00,2.386805687,13.69927979,0,2018-11-04T13:00:00Z
Manchester,2018,04-11-2018,14:00:00,1.069135615,33.52666416,24.73480803,2018-11-04T14:00:00Z
Manchester,2018,04-11-2018,15:00:00,6.644638432,0,4.019650939,2018-11-04T15:00:00Z
Manchester,2018,04-11-2018,16:00:00,0,21.59509709,3.971892823,2018-11-04T16:00:00Z
Manchester,2018,04-11-2018,17:00:00,0,44.02255595,14.4675206,2018-11-04T17:00:00Z
Manchester,2018,04-11-2018,18:00:00,3.903066031,21.65307527,14.54238656,2018-11-04T18:00:00Z
Manchester,2018,04-11-2018,19:00:00,0,38.10941532,8.700198062,2018-11-04T19:00:00Z
Manchester,2018,04-11-2018,20:00:00,2.779824401,30.21462007,19.71621088,2018-11-04T20:00:00Z
Manchester,2018,04-11-2018,21:00:00,9.339861593,36.72114238,24.61909263,2018-11-04T21:00:00Z
Manchester,2018,04-11-2018,22:00:00,2.764971,29.44558359,8.690888289,2018-11-04T22:00:00Z
Manchester,2018,04-11-2018,23:00:00,0.556991942,23.46376963,12.75808681,2018-11-04T23:00:00Z
Manchester,2018,05-11-2018,00:00:00,54.5336714,126.001306,77.76286812,2018-11-05T00:00:00Z
Manchester,2018,05-11-2018,01:00:00,63.027235,123.5387522,97.61808656,2018-11-05T01:00:00Z
Manchester,2018,05-11-2018,02:00:00,21.78430402,86.81387846,64.55080554,2018-11-05T02:00:00Z
Manchester,2018,05-11-2018,03:00:00,73.93030548,184.2721002,134.8407837,2018-11-05T03:00:00Z
Manchester,2018,05-11-2018,04:00:00,27.13203941,68.19882823,59.31363331,2018-11-05T04:00:00Z
Manchester,2018,05-11-2018,05:00:00,53.6539711,155.9646421,115.2723895,2018-11-05T05:00:00Z
Manchester,2018,05-11-2018,06:00:00,10.02729885,48.52567167,39.94142666,2018-11-05T06:00:00Z
Manchester,2018,05-11-2018,07:00:00,31.6946513,78.575507150000007,60.95472918,2018-11-05T07:00:00Z
Manchester,2018,05-11-2018,08:00:00,63.5910658,160.6018467,117.5432178,2018-11-05T08:00:00Z
Manchester,2018,05-11-2018,09:00:00,30.6060004,95.63404618,74.36331282,2018-11-05T09:00:00Z
Manchester,2018,05-11-2018,10:00:00,59.47476729,166.2822527,123.806945,2018-11-05T10:00:00Z
Manchester,2018,05-11-2018,11:00:00,51.99369481,107.7400942,81.9601751,2018-11-05T11:00:00Z
Manchester,2018,05-11-2018,12:00:00,82.38056915,148.8277909,120.8359592,2018-11-05T12:00:00Z
Manchester,2018,05-11-2018,13:00:00,25.99880124,95.40344392,59.24674838,2018-11-05T13:00:00Z
Manchester,2018,05-11-2018,14:00:00,49.62130305,100.9906672,85.29259373,2018-11-05T14:00:00Z
Manchester,2018,05-11-2018,15:00:00,54.63446571,122.6932603,77.75073632,2018-11-05T15:00:00Z
Manchester,2018,05-11-2018,16:00:00,22.95663464,63.636855,53.88341958,2018-11-05T16:00:00Z
Manchester,2018,05-11-2018,17:00:00,35.16465586,132.2188235,93.38264234,2018-11-05T17:00:00Z
Manchester,2018,05-11-2018,18:00:00,56.16629247,134.1423792,102.2091547,2018-11-05T18:00:00Z
Manchester,2018,05-11-2018,19:00:00,42.60672446,131.9781537,93.5324501,2018-11-05T19:00:00Z
Manchester,2018,05-11-2018,20:00:00,67.93776162,126.8455896,104.0210647,2018-11-05T20:00:00Z
Manchester,2018,05-11-2018,21:00:00,48.25925451,108.5037926,86.11826603,2018-11-05T21:00:00Z
Manchester,2018,05-11-2018,22:00:00,29.79068379,82.94254031,72.19456144,2018-11-05T22:00:00Z
Manchester,2018,05-11-2018,23:00:00,45.20895367,156.1566924,101.3854716,2018-11-05T23:00:00Z
Manchester,2018,06-11-2018,00:00:00,7.394188935,5.178263319,9.803216609,2018-11-06T00:00:00Z
Manchester,2018,06-11-2018,01:00:00,2.764263564,3.003896247,0,2018-11-06T01:00:00Z
Manchester,2018,06-11-2018,02:00:00,10.78642875,30.6987358,21.76868003,2018-11-06T02:00:00Z
Manchester,2018,06-11-2018,03:00:00,18.64967936,47.73593986,34.54835927,2018-11-06T03:00:00Z
Manchester,2018,06-11-2018,04:00:00,16.48060026,33.64951914,25.37840224,2018-11-06T04:00:00Z
Manchester,2018,06-11-2018,05:00:00,0,12.91824613,7.409033553,2018-11-06T05:00:00Z
Manchester,2018,06-11-2018,06:00:00,3.367708328,38.00740684,17.74939752,2018-11-06T06:00:00Z
Manchester,2018,06-11-2018,07:00:00,20.16314455,25.30483968,22.26160051,2018-11-06T07:00:00Z
Manchester,2018,06-11-2018,08:00:00,23.8204883,56.09142651,37.69962239,2018-11-06T08:00:00Z
Manchester,2018,06-11-2018,09:00:00,0.588882984,12.69621932,9.639800794,2018-11-06T09:00:00Z
Manchester,2018,06-11-2018,10:00:00,8.849871428,24.38195566,21.6873257,2018-11-06T10:00:00Z
Manchester,2018,06-11-2018,11:00:00,0,10.88799802,3.006036953,2018-11-06T11:00:00Z
Manchester,2018,06-11-2018,12:00:00,9.142005445,3.450179189,4.720560357,2018-11-06T12:00:00Z
Manchester,2018,06-11-2018,13:00:00,6.542616317,6.237941613,11.08157735,2018-11-06T13:00:00Z
Manchester,2018,06-11-2018,14:00:00,11.44932999,0,3.029835401,2018-11-06T14:00:00Z
Manchester,2018,06-11-2018,15:00:00,3.339913075,31.73214874,17.09283468,2018-11-06T15:00:00Z
Manchester,2018,06-11-2018,16:00:00,19.04450548,21.95253102,18.94518939,2018-11-06T16:00:00Z
Manchester,2018,06-11-2018,17:00:00,19.58804274,20.821922,20.68225775,2018-11-06T17:00:00Z
Manchester,2018,06-11-2018,18:00:00,10.462083,22.0232572,2.959987902,2018-11-06T18:00:00Z
Manchester,2018,06-11-2018,19:00:00,19.52876413,27.21281869,18.08261629,2018-11-06T19:00:00Z
Manchester,2018,06-11-2018,20:00:00,7.021086889,45.40938665,24.84521644,2018-11-06T20:00:00Z
Manchester,2018,06-11-2018,21:00:00,0,1.139419861,2.520526337,2018-11-06T21:00:00Z
Manchester,2018,06-11-2018,22:00:00,0,18.61577637,12.38244377,2018-11-06T22:00:00Z
Manchester,2018,06-11-2018,23:00:00,16.95615509,30.87221161,37.02601857,2018-11-06T23:00:00Z
Manchester,2018,07-11-2018,00:00:00,1.496529972,4.673792864,2.577742625,2018-11-07T00:00:00Z
Manchester,2018,07-11-2018,01:00:00,3.192051654,4.042467478,0,2018-11-07T01:00:00Z
Manchester,2018,07-11-2018,02:00:00,0,0,12.43336507,2018-11-07T02:00:00Z
Manchester,2018,07-11-2018,03:00:00,11.2819494,7.370451999,8.513386801,2018-11-07T03:00:00Z
Manchester,2018,07-11-2018,04:00:00,2.177270205,9.860879542,10.02705656,2018-11-07T04:00:00Z
Manchester,2018,07-11-2018,05:00:00,19.28027618,35.75326601,32.9404759,2018-11-07T05:00:00Z
Manchester,2018,07-11-2018,06:00:00,18.38539541,25.35191497,24.52313804,2018-11-07T06:00:00Z
Manchester,2018,07-11-2018,07:00:00,18.44064385,16.02329577,21.21059199,2018-11-07T07:00:00Z
Manchester,2018,07-11-2018,08:00:00,18.07697735,40.06597839,33.67226805,2018-11-07T08:00:00Z
Manchester,2018,07-11-2018,09:00:00,20.78177172,23.22866825,20.56602057,2018-11-07T09:00:00Z
Manchester,2018,07-11-2018,10:00:00,19.80658385,26.05190299,19.43473217,2018-11-07T10:00:00Z
Manchester,2018,07-11-2018,11:00:00,4.218369766,8.993000629,17.54874902,2018-11-07T11:00:00Z
Manchester,2018,07-11-2018,12:00:00,3.982081269,14.45986376,5.085611584,2018-11-07T12:00:00Z
Manchester,2018,07-11-2018,13:00:00,1.064013875,30.21629748,19.85928344,2018-11-07T13:00:00Z
Manchester,2018,07-11-2018,14:00:00,1.973041742,32.11425098,19.5897936,2018-11-07T14:00:00Z
Manchester,2018,07-11-2018,15:00:00,11.78682024,41.48772765,18.91262432,2018-11-07T15:00:00Z
Manchester,2018,07-11-2018,16:00:00,1.260344184,2.471188995,1.106352885,2018-11-07T16:00:00Z
Manchester,2018,07-11-2018,17:00:00,17.4314685,36.86069359,27.3619199,2018-11-07T17:00:00Z
Manchester,2018,07-11-2018,18:00:00,2.64374411,0,0,2018-11-07T18:00:00Z
Manchester,2018,07-11-2018,19:00:00,4.811235319,17.73587866,5.103171763,2018-11-07T19:00:00Z
Manchester,2018,07-11-2018,20:00:00,12.94972585,17.30531827,14.80003491,2018-11-07T20:00:00Z
Manchester,2018,07-11-2018,21:00:00,7.187728627,10.95914435,19.35314189,2018-11-07T21:00:00Z
Manchester,2018,07-11-2018,22:00:00,15.51872174,42.71901659,18.54335425,2018-11-07T22:00:00Z
Manchester,2018,07-11-2018,23:00:00,6.882873725,14.07391605,16.83068895,2018-11-07T23:00:00Z
Manchester,2018,08-11-2018,00:00:00,0.138493036,18.1416706,16.01865393,2018-11-08T00:00:00Z
Manchester,2018,08-11-2018,01:00:00,4.7413999,33.90988778,12.05660271,2018-11-08T01:00:00Z
Manchester,2018,08-11-2018,02:00:00,5.513209707,13.08398855,12.28730103,2018-11-08T02:00:00Z
Manchester,2018,08-11-2018,03:00:00,0.830870416,0,0,2018-11-08T03:00:00Z
Manchester,2018,08-11-2018,04:00:00,15.85010744,33.56677914,18.37827499,2018-11-08T04:00:00Z
Manchester,2018,08-11-2018,05:00:00,14.4129749,23.40221375,33.17697586,2018-11-08T05:00:00Z
Manchester,2018,08-11-2018,06:00:00,2.465528389,17.79111697,21.44838422,2018-11-08T06:00:00Z
Manchester,2018,08-11-2018,07:00:00,3.104956056,0,0.620966895,2018-11-08T07:00:00Z
Manchester,2018,08-11-2018,08:00:00,0,26.5259482,8.849655957,2018-11-08T08:00:00Z
Manchester,2018,08-11-2018,09:00:00,19.00878032,16.965395440000002,22.70423338,2018-11-08T09:00:00Z
Manchester,2018,08-11-2018,10:00:00,6.180730459,21.24659393,15.07396615,2018-11-08T10:00:00Z
Manchester,2018,08-11-2018,11:00:00,16.41996643,7.777606324,6.92317342,2018-11-08T11:00:00Z
Manchester,2018,08-11-2018,12:00:00,13.70359859,47.34897145,20.4519962,2018-11-08T12:00:00Z
Manchester,2018,08-11-2018,13:00:00,13.78262332,32.25610778,21.41495345,2018-11-08T13:00:00Z
Manchester,2018,08-11-2018,14:00:00,9.144740188,9.190282383,10.00948432,2018-11-08T14:00:00Z
Manchester,2018,08-11-2018,15:00:00,0,12.3316471,7.684398996,2018-11-08T15:00:00Z
Manchester,2018,08-11-2018,16:00:00,12.36981393,0.212857359,15.99151501,2018-11-08T16:00:00Z
Manchester,2018,08-11-2018,17:00:00,13.86923776,8.933656539,8.576537803,2018-11-08T17:00:00Z
Manchester,2018,08-11-2018,18:00:00,12.46091346,41.95660699,23.99385875,2018-11-08T18:00:00Z
Manchester,2018,08-11-2018,19:00:00,1.75930864,0,0,2018-11-08T19:00:00Z
Manchester,2018,08-11-2018,20:00:00,3.106397253,26.21074502,20.60193644,2018-11-08T20:00:00Z
Manchester,2018,08-11-2018,21:00:00,1.959918179,36.74259348,19.45139748,2018-11-08T21:00:00Z
Manchester,2018,08-11-2018,22:00:00,3.745614924,36.79630768,18.46061626,2018-11-08T22:00:00Z
Manchester,2018,08-11-2018,23:00:00,6.267705925,9.798932722,11.54146169,2018-11-08T23:00:00Z
Manchester,2018,09-11-2018,00:00:00,0,1.538596143,3.926956801,2018-11-09T00:00:00Z
Manchester,2018,09-11-2018,01:00:00,1.892364456,17.06362753,15.19867879,2018-11-09T01:00:00Z
Manchester,2018,09-11-2018,02:00:00,10.30565945,21.81364819,15.22320195,2018-11-09T02:00:00Z
Manchester,2018,09-11-2018,03:00:00,12.06778131,17.08238314,20.60215872,2018-11-09T03:00:00Z
Manchester,2018,09-11-2018,04:00:00,6.809438377,12.47669334,17.42348604,2018-11-09T04:00:00Z
Manchester,2018,09-11-2018,05:00:00,14.50780507,15.39467804,10.89918837,2018-11-09T05:00:00Z
Manchester,2018,09-11-2018,06:00:00,0.663956757,41.61602815,16.9710492,2018-11-09T06:00:00Z
Manchester,2018,09-11-2018,07:00:00,7.272478338,0,8.459224489,2018-11-09T07:00:00Z
Manchester,2018,09-11-2018,08:00:00,12.74413764,29.09021038,13.06626968,2018-11-09T08:00:00Z
Manchester,2018,09-11-2018,09:00:00,0,13.03239677,14.77118196,2018-11-09T09:00:00Z
Manchester,2018,09-11-2018,10:00:00,14.00537161,11.4673553,13.96728026,2018-11-09T10:00:00Z
Manchester,2018,09-11-2018,11:00:00,18.23196926,15.77952112,23.03880989,2018-11-09T11:00:00Z
Manchester,2018,09-11-2018,12:00:00,13.97473253,0,0,2018-11-09T12:00:00Z
Manchester,2018,09-11-2018,13:00:00,0,0,0,2018-11-09T13:00:00Z
Manchester,2018,09-11-2018,14:00:00,8.930001747,8.169859034,7.151286986,2018-11-09T14:00:00Z
Manchester,2018,09-11-2018,15:00:00,7.353662042,20.10105059,24.6540631,2018-11-09T15:00:00Z
Manchester,2018,09-11-2018,16:00:00,7.046978657,29.4937393,13.42795166,2018-11-09T16:00:00Z
Manchester,2018,09-11-2018,17:00:00,14.17091422,23.48793177,10.80517013,2018-11-09T17:00:00Z
Manchester,2018,09-11-2018,18:00:00,13.39921823,25.72597047,9.209369725,2018-11-09T18:00:00Z
Manchester,2018,09-11-2018,19:00:00,8.753317467,13.20568851,9.614021218,2018-11-09T19:00:00Z
Manchester,2018,09-11-2018,20:00:00,9.559304985,10.55490141,6.058442274,2018-11-09T20:00:00Z
Manchester,2018,09-11-2018,21:00:00,10.69130897,35.17056814,14.92776066,2018-11-09T21:00:00Z
Manchester,2018,09-11-2018,22:00:00,5.659755019,20.30734129,6.821346671,2018-11-09T22:00:00Z
Manchester,2018,09-11-2018,23:00:00,16.72068462,41.89998607,19.4648271,2018-11-09T23:00:00Z
Manchester,2018,10-11-2018,00:00:00,11.73431739,12.98046546,6.456656609,2018-11-10T00:00:00Z
Manchester,2018,10-11-2018,01:00:00,20.97680195,43.17260959,31.26349634,2018-11-10T01:00:00Z
Manchester,2018,10-11-2018,02:00:00,2.090645477,41.60834966,21.31174961,2018-11-10T02:00:00Z
Manchester,2018,10-11-2018,03:00:00,15.21038003,13.56291112,22.62386922,2018-11-10T03:00:00Z
Manchester,2018,10-11-2018,04:00:00,10.23186014,58.86455458,24.51282895,2018-11-10T04:00:00Z
Manchester,2018,10-11-2018,05:00:00,3.720547332,21.14708131,15.36695528,2018-11-10T05:00:00Z
Manchester,2018,10-11-2018,06:00:00,0,19.95952289,16.99790228,2018-11-10T06:00:00Z
Manchester,2018,10-11-2018,07:00:00,6.940650978,0,2.762488727,2018-11-10T07:00:00Z
Manchester,2018,10-11-2018,08:00:00,8.442720307,24.11623153,15.23165731,2018-11-10T08:00:00Z
Manchester,2018,10-11-2018,09:00:00,11.61493269,20.31544515,13.67691122,2018-11-10T09:00:00Z
Manchester,2018,10-11-2018,10:00:00,8.454936715,0,5.957798833,2018-11-10T10:00:00Z
Manchester,2018,10-11-2018,11:00:00,3.780781478,10.91648017,5.631047345,2018-11-10T11:00:00Z
Manchester,2018,10-11-2018,12:00:00,15.23228626,3.715966781,19.18017962,2018-11-10T12:00:00Z
Manchester,2018,10-11-2018,13:00:00,18.68764055,37.31424153,22.67225273,2018-11-10T13:00:00Z
Manchester,2018,10-11-2018,14:00:00,12.65119574,37.39939337,22.08974299,2018-11-10T14:00:00Z
Manchester,2018,10-11-2018,15:00:00,0,21.51901402,15.54098827,2018-11-10T15:00:00Z
Manchester,2018,10-11-2018,16:00:00,15.63683856,33.14705228,25.49147766,2018-11-10T16:00:00Z
Manchester,2018,10-11-2018,17:00:00,3.731531342,11.50767935,5.855559386,2018-11-10T17:00:00Z
Manchester,2018,10-11-2018,18:00:00,16.18839428,10.34794337,11.93769219,2018-11-10T18:00:00Z
Manchester,2018,10-11-2018,19:00:00,24.85283025,22.31414012,25.45529026,2018-11-10T19:00:00Z
Manchester,2018,10-11-2018,20:00:00,1.974939785,14.15169147,11.07532542,2018-11-10T20:00:00Z
Manchester,2018,10-11-2018,21:00:00,6.810945333,47.70077702,27.70648722,2018-11-10T21:00:00Z
Manchester,2018,10-11-2018,22:00:00,9.773167012,20.79012699,4.248176936,2018-11-10T22:00:00Z
Manchester,2018,10-11-2018,23:00:00,25.75900058,49.74917944,32.31633958,2018-11-10T23:00:00Z
Manchester,2019,01-11-2019,00:00:00,6.111004686,24.51744858,21.26567447,2019-11-01T00:00:00Z
Manchester,2019,01-11-2019,01:00:00,3.715790697,17.77941994,16.29798942,2019-11-01T01:00:00Z
Manchester,2019,01-11-2019,02:00:00,25.45770721,42.561494,31.79868135,2019-11-01T02:00:00Z
Manchester,2019,01-11-2019,03:00:00,10.35922854,13.70030311,23.65115986,2019-11-01T03:00:00Z
Manchester,2019,01-11-2019,04:00:00,2.457307887,21.40824151,9.280393,2019-11-01T04:00:00Z
Manchester,2019,01-11-2019,05:00:00,5.07719747,1.342488494,17.54217615,2019-11-01T05:00:00Z
Manchester,2019,01-11-2019,06:00:00,0.151202706,0,0,2019-11-01T06:00:00Z
Manchester,2019,01-11-2019,07:00:00,17.41358176,22.17695843,19.07257516,2019-11-01T07:00:00Z
Manchester,2019,01-11-2019,08:00:00,7.943183641,23.80274071,27.84279633,2019-11-01T08:00:00Z
Manchester,2019,01-11-2019,09:00:00,0,20.0059048,8.332335505,2019-11-01T09:00:00Z
Manchester,2019,01-11-2019,10:00:00,8.764738805,58.38030623,25.18273,2019-11-01T10:00:00Z
Manchester,2019,01-11-2019,11:00:00,1.783447149,23.35888239,14.73549026,2019-11-01T11:00:00Z
Manchester,2019,01-11-2019,12:00:00,11.07094477,22.82902331,15.57872593,2019-11-01T12:00:00Z
Manchester,2019,01-11-2019,13:00:00,10.37319444,40.28768302,32.06382164,2019-11-01T13:00:00Z
Manchester,2019,01-11-2019,14:00:00,9.920200116,5.082286929,13.05834072,2019-11-01T14:00:00Z
Manchester,2019,01-11-2019,15:00:00,14.45186714,25.85784987,19.29302764,2019-11-01T15:00:00Z
Manchester,2019,01-11-2019,16:00:00,0,41.01596072,15.81541113,2019-11-01T16:00:00Z
Manchester,2019,01-11-2019,17:00:00,2.534690177,31.11229027,12.33459858,2019-11-01T17:00:00Z
Manchester,2019,01-11-2019,18:00:00,2.941419987,15.4329457,3.868313103,2019-11-01T18:00:00Z
Manchester,2019,01-11-2019,19:00:00,6.693767771,25.39850284,15.39775647,2019-11-01T19:00:00Z
Manchester,2019,01-11-2019,20:00:00,9.938462141,21.77196014,20.86275808,2019-11-01T20:00:00Z
Manchester,2019,01-11-2019,21:00:00,15.15888219,14.05327923,16.13420785,2019-11-01T21:00:00Z
Manchester,2019,01-11-2019,22:00:00,2.813515799,0,0,2019-11-01T22:00:00Z
Manchester,2019,01-11-2019,23:00:00,0,5.29445623,11.45989736,2019-11-01T23:00:00Z
Manchester,2019,02-11-2019,00:00:00,0.203112588,15.94841105,17.55729125,2019-11-02T00:00:00Z
Manchester,2019,02-11-2019,01:00:00,6.517338279,11.40536292,6.057871397,2019-11-02T01:00:00Z
Manchester,2019,02-11-2019,02:00:00,15.35702545,18.92310275,12.4757086,2019-11-02T02:00:00Z
Manchester,2019,02-11-2019,03:00:00,15.36000373,31.1898796,20.27011948,2019-11-02T03:00:00Z
Manchester,2019,02-11-2019,04:00:00,13.39768707,26.41285366,13.71045626,2019-11-02T04:00:00Z
Manchester,2019,02-11-2019,05:00:00,12.39718297,30.89641752,28.12622355,2019-11-02T05:00:00Z
Manchester,2019,02-11-2019,06:00:00,20.71770644,37.71263179,16.83773892,2019-11-02T06:00:00Z
Manchester,2019,02-11-2019,07:00:00,8.530541155,30.03404887,10.35332762,2019-11-02T07:00:00Z
Manchester,2019,02-11-2019,08:00:00,24.21438755,28.29228753,22.76758163,2019-11-02T08:00:00Z
Manchester,2019,02-11-2019,09:00:00,2.546248298,15.66525141,18.49757458,2019-11-02T09:00:00Z
Manchester,2019,02-11-2019,10:00:00,8.926511715,10.8595896,12.88693131,2019-11-02T10:00:00Z
Manchester,2019,02-11-2019,11:00:00,3.839627756,7.157285606,14.61812594,2019-11-02T11:00:00Z
Manchester,2019,02-11-2019,12:00:00,11.96882758,17.24690813,0.991931094,2019-11-02T12:00:00Z
Manchester,2019,02-11-2019,13:00:00,8.500866648,15.48999442,0.587736038,2019-11-02T13:00:00Z
Manchester,2019,02-11-2019,14:00:00,9.233420855,12.88781976,7.223499799,2019-11-02T14:00:00Z
Manchester,2019,02-11-2019,15:00:00,0,2.318922451,4.125921467,2019-11-02T15:00:00Z
Manchester,2019,02-11-2019,16:00:00,7.244096441,33.06648249,11.36470009,2019-11-02T16:00:00Z
Manchester,2019,02-11-2019,17:00:00,3.225270525,7.380439273,11.24950216,2019-11-02T17:00:00Z
Manchester,2019,02-11-2019,18:00:00,6.433624252,13.42547678,10.98807461,2019-11-02T18:00:00Z
Manchester,2019,02-11-2019,19:00:00,3.695245659,13.49059633,16.94644949,2019-11-02T19:00:00Z
Manchester,2019,02-11-2019,20:00:00,15.23031654,10.43402076,10.56859707,2019-11-02T20:00:00Z
Manchester,2019,02-11-2019,21:00:00,8.713111836,70.78853383,36.14425971,2019-11-02T21:00:00Z
Manchester,2019,02-11-2019,22:00:00,9.987330957,16.75220216,7.877264825,2019-11-02T22:00:00Z
Manchester,2019,02-11-2019,23:00:00,0.993042968,4.026212709,2.671641687,2019-11-02T23:00:00Z
Manchester,2019,03-11-2019,00:00:00,34.43486278,40.09174698,30.3648071,2019-11-03T00:00:00Z
Manchester,2019,03-11-2019,01:00:00,24.1314077,24.78438217,26.38761543,2019-11-03T01:00:00Z
Manchester,2019,03-11-2019,02:00:00,12.49362919,18.2565126,18.43531985,2019-11-03T02:00:00Z
Manchester,2019,03-11-2019,03:00:00,5.656538882,0,5.816081011,2019-11-03T03:00:00Z
Manchester,2019,03-11-2019,04:00:00,12.27436442,24.00343918,15.36654609,2019-11-03T04:00:00Z
Manchester,2019,03-11-2019,05:00:00,23.52200088,17.25675246,33.50502977,2019-11-03T05:00:00Z
Manchester,2019,03-11-2019,06:00:00,11.43945399,30.61443329,17.67166932,2019-11-03T06:00:00Z
Manchester,2019,03-11-2019,07:00:00,13.73801008,40.56453445,19.05247466,2019-11-03T07:00:00Z
Manchester,2019,03-11-2019,08:00:00,5.198300406,1.977253339,4.907078682,2019-11-03T08:00:00Z
Manchester,2019,03-11-2019,09:00:00,15.04274428,59.11241827,38.444885910000004,2019-11-03T09:00:00Z
Manchester,2019,03-11-2019,10:00:00,15.44508221,38.45623493,30.19057783,2019-11-03T10:00:00Z
Manchester,2019,03-11-2019,11:00:00,7.819264633,15.23811993,19.02135606,2019-11-03T11:00:00Z
Manchester,2019,03-11-2019,12:00:00,16.89198961,36.32843544,21.42199055,2019-11-03T12:00:00Z
Manchester,2019,03-11-2019,13:00:00,7.322150275,20.40517633,15.6688093,2019-11-03T13:00:00Z
Manchester,2019,03-11-2019,14:00:00,14.1760363,16.65845501,19.21394469,2019-11-03T14:00:00Z
Manchester,2019,03-11-2019,15:00:00,0.85835038,11.74843858,8.281884561,2019-11-03T15:00:00Z
Manchester,2019,03-11-2019,16:00:00,14.44206181,3.543554426,18.45363441,2019-11-03T16:00:00Z
Manchester,2019,03-11-2019,17:00:00,6.953842817,49.61574277,26.07035242,2019-11-03T17:00:00Z
Manchester,2019,03-11-2019,18:00:00,9.340470767,17.76739249,16.1562613,2019-11-03T18:00:00Z
Manchester,2019,03-11-2019,19:00:00,3.75822035,26.97785102,5.028360923,2019-11-03T19:00:00Z
Manchester,2019,03-11-2019,20:00:00,3.978495765,26.38592595,24.07146515,2019-11-03T20:00:00Z
Manchester,2019,03-11-2019,21:00:00,7.056418789,27.44732469,16.85535977,2019-11-03T21:00:00Z
Manchester,2019,03-11-2019,22:00:00,17.06008161,2.395405194,4.417952193,2019-11-03T22:00:00Z
Manchester,2019,03-11-2019,23:00:00,8.144784856,3.388400271,5.212935004,2019-11-03T23:00:00Z
Manchester,2019,04-11-2019,00:00:00,0,0,8.11887302,2019-11-04T00:00:00Z
Manchester,2019,04-11-2019,01:00:00,0,7.538460371,4.87839524,2019-11-04T01:00:00Z
Manchester,2019,04-11-2019,02:00:00,10.26024872,29.1260259,19.72386407,2019-11-04T02:00:00Z
Manchester,2019,04-11-2019,03:00:00,1.644870015,29.2365038,19.53728129,2019-11-04T03:00:00Z
Manchester,2019,04-11-2019,04:00:00,17.98809727,28.14874806,25.43876764,2019-11-04T04:00:00Z
Manchester,2019,04-11-2019,05:00:00,0,6.555055074,0.771479327,2019-11-04T05:00:00Z
Manchester,2019,04-11-2019,06:00:00,2.90988295,43.65849872,28.32414402,2019-11-04T06:00:00Z
Manchester,2019,04-11-2019,07:00:00,3.924346655,14.28768739,8.513598766,2019-11-04T07:00:00Z
Manchester,2019,04-11-2019,08:00:00,12.95048719,41.93501093,29.05733417,2019-11-04T08:00:00Z
Manchester,2019,04-11-2019,09:00:00,4.834001325,11.35275666,7.621181032,2019-11-04T09:00:00Z
Manchester,2019,04-11-2019,10:00:00,4.440102627,4.218669039,8.45537018,2019-11-04T10:00:00Z
Manchester,2019,04-11-2019,11:00:00,9.588703928,0,15.44129379,2019-11-04T11:00:00Z
Manchester,2019,04-11-2019,12:00:00,11.81136027,14.94194167,23.8329724,2019-11-04T12:00:00Z
Manchester,2019,04-11-2019,13:00:00,0,9.733243111,0,2019-11-04T13:00:00Z
Manchester,2019,04-11-2019,14:00:00,6.863489249,14.38396122,16.53346548,2019-11-04T14:00:00Z
Manchester,2019,04-11-2019,15:00:00,0.05849956,15.37770404,12.18047485,2019-11-04T15:00:00Z
Manchester,2019,04-11-2019,16:00:00,0,27.67491068,4.738525861,2019-11-04T16:00:00Z
Manchester,2019,04-11-2019,17:00:00,25.02339708,25.19514981,14.18928566,2019-11-04T17:00:00Z
Manchester,2019,04-11-2019,18:00:00,7.273884935,1.995027339,17.26344184,2019-11-04T18:00:00Z
Manchester,2019,04-11-2019,19:00:00,8.385565554,0,0,2019-11-04T19:00:00Z
Manchester,2019,04-11-2019,20:00:00,0,27.18575477,15.83556363,2019-11-04T20:00:00Z
Manchester,2019,04-11-2019,21:00:00,16.16082327,19.55885221,23.73018781,2019-11-04T21:00:00Z
Manchester,2019,04-11-2019,22:00:00,14.31868908,27.1068519,22.92687456,2019-11-04T22:00:00Z
Manchester,2019,04-11-2019,23:00:00,11.80673009,6.390347309,9.877079798,2019-11-04T23:00:00Z
Manchester,2019,05-11-2019,00:00:00,26.47327203,62.43165496,36.85297787,2019-11-05T00:00:00Z
Manchester,2019,05-11-2019,01:00:00,39.96598457,105.7961517,72.53739142,2019-11-05T01:00:00Z
Manchester,2019,05-11-2019,02:00:00,59.42810296,121.379918,88.47046817,2019-11-05T02:00:00Z
Manchester,2019,05-11-2019,03:00:00,48.76535047,115.7021999,74.23085604,2019-11-05T03:00:00Z
Manchester,2019,05-11-2019,04:00:00,41.90039008,99.74548711,78.74619419,2019-11-05T04:00:00Z
Manchester,2019,05-11-2019,05:00:00,44.27984139,90.39262636,74.13127303,2019-11-05T05:00:00Z
Manchester,2019,05-11-2019,06:00:00,41.63645439,131.8140086,90.85854886,2019-11-05T06:00:00Z
Manchester,2019,05-11-2019,07:00:00,41.19921745,104.3116725,82.55704912,2019-11-05T07:00:00Z
Manchester,2019,05-11-2019,08:00:00,44.27150589,120.5026797,92.72543965,2019-11-05T08:00:00Z
Manchester,2019,05-11-2019,09:00:00,77.12914448,182.0711126,144.2560148,2019-11-05T09:00:00Z
Manchester,2019,05-11-2019,10:00:00,62.51641819,98.59485309,95.58116797,2019-11-05T10:00:00Z
Manchester,2019,05-11-2019,11:00:00,36.76759206,97.38882176,74.8025617,2019-11-05T11:00:00Z
Manchester,2019,05-11-2019,12:00:00,41.82752436,116.478794,71.73447402,2019-11-05T12:00:00Z
Manchester,2019,05-11-2019,13:00:00,44.34920518,106.1647021,73.48992813,2019-11-05T13:00:00Z
Manchester,2019,05-11-2019,14:00:00,16.67494429,28.59685202,23.12830342,2019-11-05T14:00:00Z
Manchester,2019,05-11-2019,15:00:00,44.94886507,101.3259921,95.33961399,2019-11-05T15:00:00Z
Manchester,2019,05-11-2019,16:00:00,36.7695948,89.68052498,48.16143214,2019-11-05T16:00:00Z
Manchester,2019,05-11-2019,17:00:00,15.9212171,48.85912511,39.88346944,2019-11-05T17:00:00Z
Manchester,2019,05-11-2019,18:00:00,57.03046335,130.7227652,108.5453568,2019-11-05T18:00:00Z
Manchester,2019,05-11-2019,19:00:00,45.86801205,106.0116113,67.75715817,2019-11-05T19:00:00Z
Manchester,2019,05-11-2019,20:00:00,83.02825491,142.0689168,121.6491632,2019-11-05T20:00:00Z
Manchester,2019,05-11-2019,21:00:00,29.26987444,101.3293177,80.26357648,2019-11-05T21:00:00Z
Manchester,2019,05-11-2019,22:00:00,49.969928,128.54105,96.65479349,2019-11-05T22:00:00Z
Manchester,2019,05-11-2019,23:00:00,32.74993526,94.99305631,75.8971429,2019-11-05T23:00:00Z
Manchester,2019,06-11-2019,00:00:00,16.74917153,20.75044895,19.02436258,2019-11-06T00:00:00Z
Manchester,2019,06-11-2019,01:00:00,6.992008738,34.20662342,22.94882938,2019-11-06T01:00:00Z
Manchester,2019,06-11-2019,02:00:00,0,3.493144697,9.758376673,2019-11-06T02:00:00Z
Manchester,2019,06-11-2019,03:00:00,7.767467447,36.43666159,12.54237615,2019-11-06T03:00:00Z
Manchester,2019,06-11-2019,04:00:00,9.199279932,14.93084031,18.05112831,2019-11-06T04:00:00Z
Manchester,2019,06-11-2019,05:00:00,3.661668741,43.73841493,22.51812553,2019-11-06T05:00:00Z
Manchester,2019,06-11-2019,06:00:00,19.77105692,45.21218532,21.09701853,2019-11-06T06:00:00Z
Manchester,2019,06-11-2019,07:00:00,3.649669565,21.93470951,28.80387728,2019-11-06T07:00:00Z
Manchester,2019,06-11-2019,08:00:00,0,44.06973117,19.62140417,2019-11-06T08:00:00Z
Manchester,2019,06-11-2019,09:00:00,5.464834676,6.682408494,15.48822123,2019-11-06T09:00:00Z
Manchester,2019,06-11-2019,10:00:00,5.477199815,15.25069917,11.26940051,2019-11-06T10:00:00Z
Manchester,2019,06-11-2019,11:00:00,12.04128628,4.17322555,24.76619237,2019-11-06T11:00:00Z
Manchester,2019,06-11-2019,12:00:00,11.87129508,32.58870476,10.91404417,2019-11-06T12:00:00Z
Manchester,2019,06-11-2019,13:00:00,5.668480619,4.445298057,7.604683481,2019-11-06T13:00:00Z
Manchester,2019,06-11-2019,14:00:00,6.244748576,15.29082495,1.080511098,2019-11-06T14:00:00Z
Manchester,2019,06-11-2019,15:00:00,1.224681378,22.87870145,13.75545353,2019-11-06T15:00:00Z
Manchester,2019,06-11-2019,16:00:00,1.236181507,29.7939568,16.46267165,2019-11-06T16:00:00Z
Manchester,2019,06-11-2019,17:00:00,0,0,15.49490456,2019-11-06T17:00:00Z
Manchester,2019,06-11-2019,18:00:00,1.806554038,19.89507606,17.75728662,2019-11-06T18:00:00Z
Manchester,2019,06-11-2019,19:00:00,5.201555484,0,7.651547636,2019-11-06T19:00:00Z
Manchester,2019,06-11-2019,20:00:00,8.70487157,37.73707988,20.44717592,2019-11-06T20:00:00Z
Manchester,2019,06-11-2019,21:00:00,27.25450956,30.38827787,29.66520615,2019-11-06T21:00:00Z
Manchester,2019,06-11-2019,22:00:00,6.97524915,12.44133689,18.90610288,2019-11-06T22:00:00Z
Manchester,2019,06-11-2019,23:00:00,0,12.63486217,8.143583326,2019-11-06T23:00:00Z
Manchester,2019,07-11-2019,00:00:00,0.152374529,18.64830867,7.209133863,2019-11-07T00:00:00Z
Manchester,2019,07-11-2019,01:00:00,7.882357793,25.06304626,22.81051562,2019-11-07T01:00:00Z
Manchester,2019,07-11-2019,02:00:00,5.908895544,11.27415224,14.82985626,2019-11-07T02:00:00Z
Manchester,2019,07-11-2019,03:00:00,15.79577255,38.53432165,20.91414785,2019-11-07T03:00:00Z
Manchester,2019,07-11-2019,04:00:00,0,4.552098928,0,2019-11-07T04:00:00Z
Manchester,2019,07-11-2019,05:00:00,6.675968271,15.69309266,17.59971285,2019-11-07T05:00:00Z
Manchester,2019,07-11-2019,06:00:00,8.747536819,7.62224116,5.047113658,2019-11-07T06:00:00Z
Manchester,2019,07-11-2019,07:00:00,10.41073198,42.09262789,23.12694771,2019-11-07T07:00:00Z
Manchester,2019,07-11-2019,08:00:00,3.614588344,18.23481638,10.02461103,2019-11-07T08:00:00Z
Manchester,2019,07-11-2019,09:00:00,2.136800498,0,4.152174403,2019-11-07T09:00:00Z
Manchester,2019,07-11-2019,10:00:00,8.337534833,36.83980376,18.39271522,2019-11-07T10:00:00Z
Manchester,2019,07-11-2019,11:00:00,5.226245928,18.61490412,12.95872263,2019-11-07T11:00:00Z
Manchester,2019,07-11-2019,12:00:00,7.706967658,38.31508432,22.12507172,2019-11-07T12:00:00Z
Manchester,2019,07-11-2019,13:00:00,7.174743708,50.29521286,22.04933571,2019-11-07T13:00:00Z
Manchester,2019,07-11-2019,14:00:00,27.40683751,54.9697379,40.58747466,2019-11-07T14:00:00Z
Manchester,2019,07-11-2019,15:00:00,11.57445382,24.73802026,33.97405983,2019-11-07T15:00:00Z
Manchester,2019,07-11-2019,16:00:00,7.326303815,0,0.762559756,2019-11-07T16:00:00Z
Manchester,2019,07-11-2019,17:00:00,29.01624175,30.98823316,17.4455998,2019-11-07T17:00:00Z
Manchester,2019,07-11-2019,18:00:00,15.80782189,10.97105231,17.4640942,2019-11-07T18:00:00Z
Manchester,2019,07-11-2019,19:00:00,30.11277574,51.81311491,35.01519581,2019-11-07T19:00:00Z
Manchester,2019,07-11-2019,20:00:00,8.428522688,0,7.701821595,2019-11-07T20:00:00Z
Manchester,2019,07-11-2019,21:00:00,5.672572081,0,2.830111481,2019-11-07T21:00:00Z
Manchester,2019,07-11-2019,22:00:00,0,16.24777968,8.643982496,2019-11-07T22:00:00Z
Manchester,2019,07-11-2019,23:00:00,0.487842075,41.20955119,12.31497659,2019-11-07T23:00:00Z
Manchester,2019,08-11-2019,00:00:00,2.235710443,28.71806533,12.39247125,2019-11-08T00:00:00Z
Manchester,2019,08-11-2019,01:00:00,13.82069857,40.85491616,28.81251838,2019-11-08T01:00:00Z
Manchester,2019,08-11-2019,02:00:00,7.977175586,13.82152112,8.802719078,2019-11-08T02:00:00Z
Manchester,2019,08-11-2019,03:00:00,23.06356122,35.51736311,16.85838469,2019-11-08T03:00:00Z
Manchester,2019,08-11-2019,04:00:00,9.283607116,17.96826422,15.35532027,2019-11-08T04:00:00Z
Manchester,2019,08-11-2019,05:00:00,19.2523555,32.31554641,30.73220337,2019-11-08T05:00:00Z
Manchester,2019,08-11-2019,06:00:00,5.392907367,2.29866034,15.72899756,2019-11-08T06:00:00Z
Manchester,2019,08-11-2019,07:00:00,13.56155997,41.98633744,31.39724504,2019-11-08T07:00:00Z
Manchester,2019,08-11-2019,08:00:00,3.598567443,8.680587595,15.64597804,2019-11-08T08:00:00Z
Manchester,2019,08-11-2019,09:00:00,0.05648813,19.45915402,16.37168223,2019-11-08T09:00:00Z
Manchester,2019,08-11-2019,10:00:00,22.69227176,42.64909353,27.76284626,2019-11-08T10:00:00Z
Manchester,2019,08-11-2019,11:00:00,0.178931111,10.34397292,3.016163247,2019-11-08T11:00:00Z
Manchester,2019,08-11-2019,12:00:00,10.6020723,1.632183608,9.653388474,2019-11-08T12:00:00Z
Manchester,2019,08-11-2019,13:00:00,0,5.990010054,10.49489453,2019-11-08T13:00:00Z
Manchester,2019,08-11-2019,14:00:00,0,20.23078664,12.20603341,2019-11-08T14:00:00Z
Manchester,2019,08-11-2019,15:00:00,7.400611887,8.747979359,9.972478189,2019-11-08T15:00:00Z
Manchester,2019,08-11-2019,16:00:00,13.94625594,20.21851021,20.96111585,2019-11-08T16:00:00Z
Manchester,2019,08-11-2019,17:00:00,10.36679268,6.168162487,5.538990423,2019-11-08T17:00:00Z
Manchester,2019,08-11-2019,18:00:00,15.5390158,44.21945763,28.99548826,2019-11-08T18:00:00Z
Manchester,2019,08-11-2019,19:00:00,8.334109495,21.2778076,17.17527073,2019-11-08T19:00:00Z
Manchester,2019,08-11-2019,20:00:00,6.643359834,28.67590303,20.47994304,2019-11-08T20:00:00Z
Manchester,2019,08-11-2019,21:00:00,11.60603159,6.068464102,7.649110141,2019-11-08T21:00:00Z
Manchester,2019,08-11-2019,22:00:00,5.805764668,27.88346981,12.3340013,2019-11-08T22:00:00Z
Manchester,2019,08-11-2019,23:00:00,6.858768359,3.055751074,9.64395934,2019-11-08T23:00:00Z
Manchester,2019,09-11-2019,00:00:00,14.7038589,11.51537865,15.93793699,2019-11-09T00:00:00Z
Manchester,2019,09-11-2019,01:00:00,5.746371576,0,4.112723609,2019-11-09T01:00:00Z
Manchester,2019,09-11-2019,02:00:00,8.242740339,8.377744517,5.929593152,2019-11-09T02:00:00Z
Manchester,2019,09-11-2019,03:00:00,0,9.83708535,5.259128366,2019-11-09T03:00:00Z
Manchester,2019,09-11-2019,04:00:00,8.449704549,32.58440515,27.26202996,2019-11-09T04:00:00Z
Manchester,2019,09-11-2019,05:00:00,5.069744161,37.83803219,26.08129272,2019-11-09T05:00:00Z
Manchester,2019,09-11-2019,06:00:00,4.291932339,11.46428485,13.49388886,2019-11-09T06:00:00Z
Manchester,2019,09-11-2019,07:00:00,6.98489772,10.58814613,21.65119865,2019-11-09T07:00:00Z
Manchester,2019,09-11-2019,08:00:00,8.502703667,44.26558759,34.73581619,2019-11-09T08:00:00Z
Manchester,2019,09-11-2019,09:00:00,4.672140348,34.51506466,17.70439122,2019-11-09T09:00:00Z
Manchester,2019,09-11-2019,10:00:00,4.917390626,30.38174535,14.20293924,2019-11-09T10:00:00Z
Manchester,2019,09-11-2019,11:00:00,7.036475126,21.57911202,9.618879432,2019-11-09T11:00:00Z
Manchester,2019,09-11-2019,12:00:00,9.458845839,0,12.41829746,2019-11-09T12:00:00Z
Manchester,2019,09-11-2019,13:00:00,4.612585797,20.45518857,11.30471792,2019-11-09T13:00:00Z
Manchester,2019,09-11-2019,14:00:00,4.816050076,0,8.861258962,2019-11-09T14:00:00Z
Manchester,2019,09-11-2019,15:00:00,18.17679145,21.01247798,21.24687815,2019-11-09T15:00:00Z
Manchester,2019,09-11-2019,16:00:00,11.45706471,33.22970731,15.27421744,2019-11-09T16:00:00Z
Manchester,2019,09-11-2019,17:00:00,4.69583748,23.96844762,18.68138712,2019-11-09T17:00:00Z
Manchester,2019,09-11-2019,18:00:00,4.112971244,25.24484452,13.015885,2019-11-09T18:00:00Z
Manchester,2019,09-11-2019,19:00:00,8.529279198,9.038110452,8.684547869,2019-11-09T19:00:00Z
Manchester,2019,09-11-2019,20:00:00,16.62181272,37.20097394,27.24738221,2019-11-09T20:00:00Z
Manchester,2019,09-11-2019,21:00:00,0,0,0,2019-11-09T21:00:00Z
Manchester,2019,09-11-2019,22:00:00,0.820212587,10.06948705,4.025335789,2019-11-09T22:00:00Z
Manchester,2019,09-11-2019,23:00:00,0,18.01601315,7.050126623,2019-11-09T23:00:00Z
Manchester,2019,10-11-2019,00:00:00,18.11240048,23.21771834,20.01679577,2019-11-10T00:00:00Z
Manchester,2019,10-11-2019,01:00:00,5.572954528,26.41530893,13.9679025,2019-11-10T01:00:00Z
Manchester,2019,10-11-2019,02:00:00,11.964767,18.83825257,21.33757803,2019-11-10T02:00:00Z
Manchester,2019,10-11-2019,03:00:00,9.640786675,4.85387389,9.108061085,2019-11-10T03:00:00Z
Manchester,2019,10-11-2019,04:00:00,13.01019598,28.46696114,24.82944065,2019-11-10T04:00:00Z
Manchester,2019,10-11-2019,05:00:00,9.562336076,10.06551295,16.09357049,2019-11-10T05:00:00Z
Manchester,2019,10-11-2019,06:00:00,1.728013115,26.33051238,6.991275608,2019-11-10T06:00:00Z
Manchester,2019,10-11-2019,07:00:00,1.63267171,0.551014954,13.76470479,2019-11-10T07:00:00Z
Manchester,2019,10-11-2019,08:00:00,13.50893031,11.50725285,18.6844632,2019-11-10T08:00:00Z
Manchester,2019,10-11-2019,09:00:00,2.68844216,11.78577044,5.584251779,2019-11-10T09:00:00Z
Manchester,2019,10-11-2019,10:00:00,11.98320471,49.31525992,23.22530571,2019-11-10T10:00:00Z
Manchester,2019,10-11-2019,11:00:00,0,0,0.36298948,2019-11-10T11:00:00Z
Manchester,2019,10-11-2019,12:00:00,1.742318548,0,0,2019-11-10T12:00:00Z
Manchester,2019,10-11-2019,13:00:00,10.59363015,36.35140582,25.56764818,2019-11-10T13:00:00Z
Manchester,2019,10-11-2019,14:00:00,19.25877694,24.32884481,13.80099627,2019-11-10T14:00:00Z
Manchester,2019,10-11-2019,15:00:00,0,3.282816027,0,2019-11-10T15:00:00Z
Manchester,2019,10-11-2019,16:00:00,10.81859655,37.54782711,22.89627446,2019-11-10T16:00:00Z
Manchester,2019,10-11-2019,17:00:00,14.40877749,0,7.740191234,2019-11-10T17:00:00Z
Manchester,2019,10-11-2019,18:00:00,3.343807461,14.34506049,6.22986432,2019-11-10T18:00:00Z
Manchester,2019,10-11-2019,19:00:00,9.341220192,17.23163614,14.50310319,2019-11-10T19:00:00Z
Manchester,2019,10-11-2019,20:00:00,0,0,0,2019-11-10T20:00:00Z
Manchester,2019,10-11-2019,21:00:00,9.985409557,36.83867394,16.37729477,2019-11-10T21:00:00Z
Manchester,2019,10-11-2019,22:00:00,2.064778123,10.14401635,4.992758239,2019-11-10T22:00:00Z
Manchester,2019,10-11-2019,23:00:00,7.992691237,11.69605911,18.36845481,2019-11-10T23:00:00Z
Manchester,2020,01-11-2020,00:00:00,7.438167074,17.54485267,12.69841256,2020-11-01T00:00:00Z
Manchester,2020,01-11-2020,01:00:00,1.276846362,-4.611235549,6.720427151,2020-11-01T01:00:00Z
Manchester,2020,01-11-2020,02:00:00,7.266581567,36.61820084,15.58804776,2020-11-01T02:00:00Z
Manchester,2020,01-11-2020,03:00:00,13.3268008,26.56356473,16.24989907,2020-11-01T03:00:00Z
Manchester,2020,01-11-2020,04:00:00,12.69221953,40.18548596,23.04806843,2020-11-01T04:00:00Z
Manchester,2020,01-11-2020,05:00:00,10.7170426,30.7651,16.39512832,2020-11-01T05:00:00Z
Manchester,2020,01-11-2020,06:00:00,10.31105446,11.51314995,10.03842725,2020-11-01T06:00:00Z
Manchester,2020,01-11-2020,07:00:00,13.64060288,34.51907313,22.25120206,2020-11-01T07:00:00Z
Manchester,2020,01-11-2020,08:00:00,12.84109567,18.92329479,14.58367047,2020-11-01T08:00:00Z
Manchester,2020,01-11-2020,09:00:00,10.35384728,33.45724967,23.31456837,2020-11-01T09:00:00Z
Manchester,2020,01-11-2020,10:00:00,0,18.62051492,9.606095831,2020-11-01T10:00:00Z
Manchester,2020,01-11-2020,11:00:00,11.29875219,20.82734987,12.27074091,2020-11-01T11:00:00Z
Manchester,2020,01-11-2020,12:00:00,0,-8.665859299,5.625406786,2020-11-01T12:00:00Z
Manchester,2020,01-11-2020,13:00:00,4.184355789,31.6346202,24.63654103,2020-11-01T13:00:00Z
Manchester,2020,01-11-2020,14:00:00,8.340927207,28.26620035,11.94524444,2020-11-01T14:00:00Z
Manchester,2020,01-11-2020,15:00:00,18.27258137,23.35187352,20.90664149,2020-11-01T15:00:00Z
Manchester,2020,01-11-2020,16:00:00,8.48845854,33.23564562,20.35887653,2020-11-01T16:00:00Z
Manchester,2020,01-11-2020,17:00:00,6.946182657,13.66498951,9.252173185,2020-11-01T17:00:00Z
Manchester,2020,01-11-2020,18:00:00,13.12577007,39.64846203,17.67622683,2020-11-01T18:00:00Z
Manchester,2020,01-11-2020,19:00:00,0,13.85608839,11.19855982,2020-11-01T19:00:00Z
Manchester,2020,01-11-2020,20:00:00,3.149504402,28.26950915,17.40966181,2020-11-01T20:00:00Z
Manchester,2020,01-11-2020,21:00:00,6.507302251,20.22383523,14.26067054,2020-11-01T21:00:00Z
Manchester,2020,01-11-2020,22:00:00,4.016979674,1.098381218,12.74955721,2020-11-01T22:00:00Z
Manchester,2020,01-11-2020,23:00:00,0,-2.092693114,-5.939537405,2020-11-01T23:00:00Z
Manchester,2020,02-11-2020,00:00:00,8.135636162,13.44512442,24.92127641,2020-11-02T00:00:00Z
Manchester,2020,02-11-2020,01:00:00,3.246314188,-11.65529501,-4.560600939,2020-11-02T01:00:00Z
Manchester,2020,02-11-2020,02:00:00,11.26475614,54.34293655,20.5563206,2020-11-02T02:00:00Z
Manchester,2020,02-11-2020,03:00:00,20.26527868,23.71477214,16.10859358,2020-11-02T03:00:00Z
Manchester,2020,02-11-2020,04:00:00,0,-10.89938751,-4.613046334,2020-11-02T04:00:00Z
Manchester,2020,02-11-2020,05:00:00,9.491043738,48.12597943,33.58336688,2020-11-02T05:00:00Z
Manchester,2020,02-11-2020,06:00:00,11.39047407,21.08329576,18.72514884,2020-11-02T06:00:00Z
Manchester,2020,02-11-2020,07:00:00,5.736568343,36.36682531,15.0563521,2020-11-02T07:00:00Z
Manchester,2020,02-11-2020,08:00:00,14.32090843,18.38617008,23.48582222,2020-11-02T08:00:00Z
Manchester,2020,02-11-2020,09:00:00,0.45940011,20.02188394,10.32954964,2020-11-02T09:00:00Z
Manchester,2020,02-11-2020,10:00:00,5.710066677,16.93545224,2.92434459,2020-11-02T10:00:00Z
Manchester,2020,02-11-2020,11:00:00,1.083283489,38.58078875,20.76553407,2020-11-02T11:00:00Z
Manchester,2020,02-11-2020,12:00:00,10.23664991,24.43994647,18.36768181,2020-11-02T12:00:00Z
Manchester,2020,02-11-2020,13:00:00,0,7.279062043,7.379763315,2020-11-02T13:00:00Z
Manchester,2020,02-11-2020,14:00:00,7.236030128,23.46783018,19.61693887,2020-11-02T14:00:00Z
Manchester,2020,02-11-2020,15:00:00,12.98668454,38.21582274,25.45389171,2020-11-02T15:00:00Z
Manchester,2020,02-11-2020,16:00:00,8.408452483,31.51288676,18.2034108,2020-11-02T16:00:00Z
Manchester,2020,02-11-2020,17:00:00,14.06617699,34.55125908,23.39507621,2020-11-02T17:00:00Z
Manchester,2020,02-11-2020,18:00:00,0,17.2013528,9.830093639,2020-11-02T18:00:00Z
Manchester,2020,02-11-2020,19:00:00,0,1.296638632,-4.403397854,2020-11-02T19:00:00Z
Manchester,2020,02-11-2020,20:00:00,4.986128861,21.65498556,14.12518523,2020-11-02T20:00:00Z
Manchester,2020,02-11-2020,21:00:00,15.50500637,34.92984681,33.20883774,2020-11-02T21:00:00Z
Manchester,2020,02-11-2020,22:00:00,14.41618153,26.24479272,13.68667847,2020-11-02T22:00:00Z
Manchester,2020,02-11-2020,23:00:00,4.859063097,8.924125027,7.928270545,2020-11-02T23:00:00Z
Manchester,2020,03-11-2020,00:00:00,7.187962086,25.34554648,24.59742731,2020-11-03T00:00:00Z
Manchester,2020,03-11-2020,01:00:00,3.774047377,28.30613522,8.002247764,2020-11-03T01:00:00Z
Manchester,2020,03-11-2020,02:00:00,8.479209235,10.18443637,11.99039389,2020-11-03T02:00:00Z
Manchester,2020,03-11-2020,03:00:00,6.744554028,29.56981955,20.03266617,2020-11-03T03:00:00Z
Manchester,2020,03-11-2020,04:00:00,2.20286084,9.558339767,11.92960111,2020-11-03T04:00:00Z
Manchester,2020,03-11-2020,05:00:00,18.41849765,31.58035956,23.08896471,2020-11-03T05:00:00Z
Manchester,2020,03-11-2020,06:00:00,4.174505421,21.55927554,12.91212253,2020-11-03T06:00:00Z
Manchester,2020,03-11-2020,07:00:00,15.4715464,17.71253251,5.950469787,2020-11-03T07:00:00Z
Manchester,2020,03-11-2020,08:00:00,3.426828438,23.12760256,17.71525189,2020-11-03T08:00:00Z
Manchester,2020,03-11-2020,09:00:00,0.985166381,-8.777013543,1.792681043,2020-11-03T09:00:00Z
Manchester,2020,03-11-2020,10:00:00,0,-6.457031529,-11.32656329,2020-11-03T10:00:00Z
Manchester,2020,03-11-2020,11:00:00,5.989202609,27.5789097,14.88178239,2020-11-03T11:00:00Z
Manchester,2020,03-11-2020,12:00:00,0,3.255006659,7.982540483,2020-11-03T12:00:00Z
Manchester,2020,03-11-2020,13:00:00,4.416882558,-13.87612496,1.394103381,2020-11-03T13:00:00Z
Manchester,2020,03-11-2020,14:00:00,0.32052557,14.28157256,11.8562426,2020-11-03T14:00:00Z
Manchester,2020,03-11-2020,15:00:00,9.000850815,20.07331596,19.77236949,2020-11-03T15:00:00Z
Manchester,2020,03-11-2020,16:00:00,15.39603059,61.97291196,33.98410469,2020-11-03T16:00:00Z
Manchester,2020,03-11-2020,17:00:00,1.995834231,-7.088096258,2.785166562,2020-11-03T17:00:00Z
Manchester,2020,03-11-2020,18:00:00,22.39024756,30.63875113,17.72965001,2020-11-03T18:00:00Z
Manchester,2020,03-11-2020,19:00:00,12.73280447,15.41167932,23.22737008,2020-11-03T19:00:00Z
Manchester,2020,03-11-2020,20:00:00,15.35503854,24.24902355,18.51406041,2020-11-03T20:00:00Z
Manchester,2020,03-11-2020,21:00:00,16.66120097,11.48600882,14.87025295,2020-11-03T21:00:00Z
Manchester,2020,03-11-2020,22:00:00,11.5842772,16.88512977,18.27785114,2020-11-03T22:00:00Z
Manchester,2020,03-11-2020,23:00:00,0,23.20175779,18.42747336,2020-11-03T23:00:00Z
Manchester,2020,04-11-2020,00:00:00,18.70286144,35.61755491,22.49971121,2020-11-04T00:00:00Z
Manchester,2020,04-11-2020,01:00:00,9.843373227,30.09211531,20.06348313,2020-11-04T01:00:00Z
Manchester,2020,04-11-2020,02:00:00,20.04142784,34.64748391,16.76716655,2020-11-04T02:00:00Z
Manchester,2020,04-11-2020,03:00:00,4.487269094,-4.741237408,0.277157044,2020-11-04T03:00:00Z
Manchester,2020,04-11-2020,04:00:00,0.525955473,11.51550606,9.714526873,2020-11-04T04:00:00Z
Manchester,2020,04-11-2020,05:00:00,0,26.61825035,4.085219624,2020-11-04T05:00:00Z
Manchester,2020,04-11-2020,06:00:00,15.40467675,0.133995482,12.14626986,2020-11-04T06:00:00Z
Manchester,2020,04-11-2020,07:00:00,11.9623144,14.17514208,6.352940241,2020-11-04T07:00:00Z
Manchester,2020,04-11-2020,08:00:00,10.33700173,19.13354032,12.36903843,2020-11-04T08:00:00Z
Manchester,2020,04-11-2020,09:00:00,15.23565853,16.93382512,21.41393476,2020-11-04T09:00:00Z
Manchester,2020,04-11-2020,10:00:00,12.80531187,30.93547417,37.36499161,2020-11-04T10:00:00Z
Manchester,2020,04-11-2020,11:00:00,18.88260537,28.1469143,25.63588421,2020-11-04T11:00:00Z
Manchester,2020,04-11-2020,12:00:00,12.42586191,17.80137633,21.03921858,2020-11-04T12:00:00Z
Manchester,2020,04-11-2020,13:00:00,0,-3.446425362,6.89245335,2020-11-04T13:00:00Z
Manchester,2020,04-11-2020,14:00:00,0.624333537,25.762590200000002,10.5542112,2020-11-04T14:00:00Z
Manchester,2020,04-11-2020,15:00:00,10.20980053,47.37677437,29.64007909,2020-11-04T15:00:00Z
Manchester,2020,04-11-2020,16:00:00,10.28448757,20.1641037,17.11942553,2020-11-04T16:00:00Z
Manchester,2020,04-11-2020,17:00:00,13.02201053,16.70185546,19.03400511,2020-11-04T17:00:00Z
Manchester,2020,04-11-2020,18:00:00,15.47996656,21.65710469,22.03522566,2020-11-04T18:00:00Z
Manchester,2020,04-11-2020,19:00:00,5.815629089,-1.465784179,1.730668209,2020-11-04T19:00:00Z
Manchester,2020,04-11-2020,20:00:00,0,24.78830095,18.60708488,2020-11-04T20:00:00Z
Manchester,2020,04-11-2020,21:00:00,3.873315631,8.957960875,13.93585996,2020-11-04T21:00:00Z
Manchester,2020,04-11-2020,22:00:00,4.644193242,24.03066162,11.57397176,2020-11-04T22:00:00Z
Manchester,2020,04-11-2020,23:00:00,7.343824059,12.86655901,-0.719902885,2020-11-04T23:00:00Z
Manchester,2020,05-11-2020,00:00:00,76.37054727,150.9912505,114.0226357,2020-11-05T00:00:00Z
Manchester,2020,05-11-2020,01:00:00,32.55461797,117.6842737,76.07108318,2020-11-05T01:00:00Z
Manchester,2020,05-11-2020,02:00:00,64.88919856,129.4875381,104.3690564,2020-11-05T02:00:00Z
Manchester,2020,05-11-2020,03:00:00,40.05822206,91.04848215,73.34501475,2020-11-05T03:00:00Z
Manchester,2020,05-11-2020,04:00:00,50.17923912,122.0460159,92.1012233,2020-11-05T04:00:00Z
Manchester,2020,05-11-2020,05:00:00,45.5265907,122.8659078,87.67640919,2020-11-05T05:00:00Z
Manchester,2020,05-11-2020,06:00:00,35.41108189,91.55390351,60.24702387,2020-11-05T06:00:00Z
Manchester,2020,05-11-2020,07:00:00,56.08779474,127.9963485,99.38969517,2020-11-05T07:00:00Z
Manchester,2020,05-11-2020,08:00:00,64.42139651,145.1538305,110.0972248,2020-11-05T08:00:00Z
Manchester,2020,05-11-2020,09:00:00,43.75033672,116.7498858,86.43465521,2020-11-05T09:00:00Z
Manchester,2020,05-11-2020,10:00:00,71.50209575,137.6103709,110.1026025,2020-11-05T10:00:00Z
Manchester,2020,05-11-2020,11:00:00,39.08095825,90.19326097,64.01259554,2020-11-05T11:00:00Z
Manchester,2020,05-11-2020,12:00:00,46.45299027,79.92039593,70.80524221,2020-11-05T12:00:00Z
Manchester,2020,05-11-2020,13:00:00,54.47214078,139.5449367,91.32974564,2020-11-05T13:00:00Z
Manchester,2020,05-11-2020,14:00:00,84.73737841,161.4597373,126.5475821,2020-11-05T14:00:00Z
Manchester,2020,05-11-2020,15:00:00,43.31187076,143.4963281,97.63065655,2020-11-05T15:00:00Z
Manchester,2020,05-11-2020,16:00:00,85.96766193,145.4109743,114.1050808,2020-11-05T16:00:00Z
Manchester,2020,05-11-2020,17:00:00,49.05961469,136.107285,78.61058536,2020-11-05T17:00:00Z
Manchester,2020,05-11-2020,18:00:00,55.54509978,140.7780377,107.822913,2020-11-05T18:00:00Z
Manchester,2020,05-11-2020,19:00:00,31.42799378,109.8334489,71.2301323,2020-11-05T19:00:00Z
Manchester,2020,05-11-2020,20:00:00,31.97277531,74.90080505,62.40375641,2020-11-05T20:00:00Z
Manchester,2020,05-11-2020,21:00:00,21.22963723,49.08276804,45.33942022,2020-11-05T21:00:00Z
Manchester,2020,05-11-2020,22:00:00,28.6862407,89.1718685,66.20296283,2020-11-05T22:00:00Z
Manchester,2020,05-11-2020,23:00:00,37.51121274,104.9204025,83.16633892,2020-11-05T23:00:00Z
Manchester,2020,06-11-2020,00:00:00,7.884466367,45.60257233,23.1833132,2020-11-06T00:00:00Z
Manchester,2020,06-11-2020,01:00:00,5.7334363249999996,12.25498521,3.055616763,2020-11-06T01:00:00Z
Manchester,2020,06-11-2020,02:00:00,1.288347144,16.98021162,14.91203704,2020-11-06T02:00:00Z
Manchester,2020,06-11-2020,03:00:00,8.348068134,5.264394613,9.495155817,2020-11-06T03:00:00Z
Manchester,2020,06-11-2020,04:00:00,1.171562882,8.476800959,4.858051617,2020-11-06T04:00:00Z
Manchester,2020,06-11-2020,05:00:00,2.244045591,14.59491496,12.29063861,2020-11-06T05:00:00Z
Manchester,2020,06-11-2020,06:00:00,11.89975771,5.223135824,11.51101882,2020-11-06T06:00:00Z
Manchester,2020,06-11-2020,07:00:00,4.378889429,-3.814108919,14.44957769,2020-11-06T07:00:00Z
Manchester,2020,06-11-2020,08:00:00,2.050828775,14.74969659,14.83043944,2020-11-06T08:00:00Z
Manchester,2020,06-11-2020,09:00:00,9.428419466,19.36856668,14.5572669,2020-11-06T09:00:00Z
Manchester,2020,06-11-2020,10:00:00,18.86063669,56.30171604,36.56918235,2020-11-06T10:00:00Z
Manchester,2020,06-11-2020,11:00:00,10.2537147,31.38066321,11.57870443,2020-11-06T11:00:00Z
Manchester,2020,06-11-2020,12:00:00,8.053548463,36.54771005,20.91403378,2020-11-06T12:00:00Z
Manchester,2020,06-11-2020,13:00:00,0.167174662,-1.303981155,1.922910386,2020-11-06T13:00:00Z
Manchester,2020,06-11-2020,14:00:00,30.0792171,38.76732981,20.29136373,2020-11-06T14:00:00Z
Manchester,2020,06-11-2020,15:00:00,1.462371928,3.998363134,7.552038754,2020-11-06T15:00:00Z
Manchester,2020,06-11-2020,16:00:00,10.33919549,31.5504331,26.11900312,2020-11-06T16:00:00Z
Manchester,2020,06-11-2020,17:00:00,2.287953043,24.96849569,16.05398334,2020-11-06T17:00:00Z
Manchester,2020,06-11-2020,18:00:00,7.806936864,16.44657517,12.76867626,2020-11-06T18:00:00Z
Manchester,2020,06-11-2020,19:00:00,10.98431383,39.04813354,10.11628657,2020-11-06T19:00:00Z
Manchester,2020,06-11-2020,20:00:00,0,-9.519747547,2.06877751,2020-11-06T20:00:00Z
Manchester,2020,06-11-2020,21:00:00,1.665945025,11.50014836,14.0694584,2020-11-06T21:00:00Z
Manchester,2020,06-11-2020,22:00:00,13.42001506,3.855369748,7.562233973,2020-11-06T22:00:00Z
Manchester,2020,06-11-2020,23:00:00,7.309478086,23.42043458,14.47195786,2020-11-06T23:00:00Z
Manchester,2020,07-11-2020,00:00:00,0,-9.3419289,1.543624434,2020-11-07T00:00:00Z
Manchester,2020,07-11-2020,01:00:00,3.887302806,32.97378738,13.81716962,2020-11-07T01:00:00Z
Manchester,2020,07-11-2020,02:00:00,7.48921782,4.145491497,7.521971647,2020-11-07T02:00:00Z
Manchester,2020,07-11-2020,03:00:00,10.63899499,11.70474806,7.926587918,2020-11-07T03:00:00Z
Manchester,2020,07-11-2020,04:00:00,9.908791995,38.62923827,24.79420218,2020-11-07T04:00:00Z
Manchester,2020,07-11-2020,05:00:00,10.37676532,23.84075668,12.24571214,2020-11-07T05:00:00Z
Manchester,2020,07-11-2020,06:00:00,18.82288911,20.1360537,13.16095016,2020-11-07T06:00:00Z
Manchester,2020,07-11-2020,07:00:00,8.341660539,15.68754384,5.991336847,2020-11-07T07:00:00Z
Manchester,2020,07-11-2020,08:00:00,24.66649593,13.25327234,19.15083044,2020-11-07T08:00:00Z
Manchester,2020,07-11-2020,09:00:00,0.855018624,24.21842594,17.66650568,2020-11-07T09:00:00Z
Manchester,2020,07-11-2020,10:00:00,1.124961084,4.236071293,6.025006464,2020-11-07T10:00:00Z
Manchester,2020,07-11-2020,11:00:00,12.88754267,22.38149857,16.21192095,2020-11-07T11:00:00Z
Manchester,2020,07-11-2020,12:00:00,18.38690753,30.96281217,22.70417571,2020-11-07T12:00:00Z
Manchester,2020,07-11-2020,13:00:00,8.72103641,1.432453405,3.661916453,2020-11-07T13:00:00Z
Manchester,2020,07-11-2020,14:00:00,8.420419758,3.222189304,6.86663288,2020-11-07T14:00:00Z
Manchester,2020,07-11-2020,15:00:00,19.6740725,15.77764255,16.02315982,2020-11-07T15:00:00Z
Manchester,2020,07-11-2020,16:00:00,15.96030029,18.93350815,18.09337564,2020-11-07T16:00:00Z
Manchester,2020,07-11-2020,17:00:00,19.04607632,28.0734371,26.31296988,2020-11-07T17:00:00Z
Manchester,2020,07-11-2020,18:00:00,10.1575333,54.34472222,27.48891584,2020-11-07T18:00:00Z
Manchester,2020,07-11-2020,19:00:00,4.60388006,22.77560868,11.51035879,2020-11-07T19:00:00Z
Manchester,2020,07-11-2020,20:00:00,5.124092111,9.163873416,8.362367281,2020-11-07T20:00:00Z
Manchester,2020,07-11-2020,21:00:00,11.69386335,14.92914552,22.993165,2020-11-07T21:00:00Z
Manchester,2020,07-11-2020,22:00:00,7.637013325,9.616691779,7.360914414,2020-11-07T22:00:00Z
Manchester,2020,07-11-2020,23:00:00,0.023254821,31.08234459,12.44950434,2020-11-07T23:00:00Z
Manchester,2020,08-11-2020,00:00:00,9.361866783,35.00732121,26.05688894,2020-11-08T00:00:00Z
Manchester,2020,08-11-2020,01:00:00,15.93547322,22.84599963,17.21557981,2020-11-08T01:00:00Z
Manchester,2020,08-11-2020,02:00:00,6.230229803,42.58640451,9.841868845,2020-11-08T02:00:00Z
Manchester,2020,08-11-2020,03:00:00,10.00344677,24.16728734,22.66384258,2020-11-08T03:00:00Z
Manchester,2020,08-11-2020,04:00:00,10.47070816,35.71007294,18.55303823,2020-11-08T04:00:00Z
Manchester,2020,08-11-2020,05:00:00,27.65106577,39.61383707,33.45548373,2020-11-08T05:00:00Z
Manchester,2020,08-11-2020,06:00:00,3.737203222,24.24921325,15.69248519,2020-11-08T06:00:00Z
Manchester,2020,08-11-2020,07:00:00,13.3158557,6.751614299,18.51225134,2020-11-08T07:00:00Z
Manchester,2020,08-11-2020,08:00:00,5.847621262,37.99686457,17.82199062,2020-11-08T08:00:00Z
Manchester,2020,08-11-2020,09:00:00,10.53746764,28.68434814,20.86307369,2020-11-08T09:00:00Z
Manchester,2020,08-11-2020,10:00:00,4.371096066,47.78455815,25.70429477,2020-11-08T10:00:00Z
Manchester,2020,08-11-2020,11:00:00,5.360158754,25.97440507,5.31337121,2020-11-08T11:00:00Z
Manchester,2020,08-11-2020,12:00:00,17.70938454,17.54298424,23.80913148,2020-11-08T12:00:00Z
Manchester,2020,08-11-2020,13:00:00,5.525969859,-8.614601593,14.76416713,2020-11-08T13:00:00Z
Manchester,2020,08-11-2020,14:00:00,10.26291547,20.92675513,16.80568801,2020-11-08T14:00:00Z
Manchester,2020,08-11-2020,15:00:00,0.284512076,25.06934259,19.2353075,2020-11-08T15:00:00Z
Manchester,2020,08-11-2020,16:00:00,8.605825232,28.38533202,15.57933783,2020-11-08T16:00:00Z
Manchester,2020,08-11-2020,17:00:00,13.03791963,17.74848533,15.48420362,2020-11-08T17:00:00Z
Manchester,2020,08-11-2020,18:00:00,24.27957323,25.44470903,25.11237453,2020-11-08T18:00:00Z
Manchester,2020,08-11-2020,19:00:00,6.9319839,27.80684404,14.88870919,2020-11-08T19:00:00Z
Manchester,2020,08-11-2020,20:00:00,0.79932961,28.82937973,7.258573598,2020-11-08T20:00:00Z
Manchester,2020,08-11-2020,21:00:00,1.966579417,-7.901256673,5.014429056,2020-11-08T21:00:00Z
Manchester,2020,08-11-2020,22:00:00,11.78446,17.26981551,14.15319312,2020-11-08T22:00:00Z
Manchester,2020,08-11-2020,23:00:00,10.29154225,23.5951837,21.68846707,2020-11-08T23:00:00Z
Manchester,2020,09-11-2020,00:00:00,0,-14.84141179,-2.174700508,2020-11-09T00:00:00Z
Manchester,2020,09-11-2020,01:00:00,7.209901697,18.99185218,28.81891182,2020-11-09T01:00:00Z
Manchester,2020,09-11-2020,02:00:00,6.021267563,29.84554292,24.25880775,2020-11-09T02:00:00Z
Manchester,2020,09-11-2020,03:00:00,0,16.45058144,1.48021998,2020-11-09T03:00:00Z
Manchester,2020,09-11-2020,04:00:00,4.593936233,23.37394842,10.60647743,2020-11-09T04:00:00Z
Manchester,2020,09-11-2020,05:00:00,17.82925449,9.07482515,14.40932364,2020-11-09T05:00:00Z
Manchester,2020,09-11-2020,06:00:00,7.095074958,27.05181204,24.66744342,2020-11-09T06:00:00Z
Manchester,2020,09-11-2020,07:00:00,1.106517982,11.97120869,8.892895748,2020-11-09T07:00:00Z
Manchester,2020,09-11-2020,08:00:00,7.123591857,37.11989325,21.3616259,2020-11-09T08:00:00Z
Manchester,2020,09-11-2020,09:00:00,18.40134439,42.45473147,32.3059255,2020-11-09T09:00:00Z
Manchester,2020,09-11-2020,10:00:00,6.099976745,3.997677276,6.001238088,2020-11-09T10:00:00Z
Manchester,2020,09-11-2020,11:00:00,9.439641876,24.50674473,11.94389292,2020-11-09T11:00:00Z
Manchester,2020,09-11-2020,12:00:00,11.69403123,23.81508383,16.359115890000002,2020-11-09T12:00:00Z
Manchester,2020,09-11-2020,13:00:00,0,4.647673082,5.715599279,2020-11-09T13:00:00Z
Manchester,2020,09-11-2020,14:00:00,11.4209461,1.56042482,17.53990595,2020-11-09T14:00:00Z
Manchester,2020,09-11-2020,15:00:00,7.270485807,1.369953457,13.50250624,2020-11-09T15:00:00Z
Manchester,2020,09-11-2020,16:00:00,1.086868809,16.37176678,22.54192305,2020-11-09T16:00:00Z
Manchester,2020,09-11-2020,17:00:00,0,20.40985074,10.83214573,2020-11-09T17:00:00Z
Manchester,2020,09-11-2020,18:00:00,4.990310443,5.330242177,16.13700966,2020-11-09T18:00:00Z
Manchester,2020,09-11-2020,19:00:00,6.484137904,25.66547915,17.05981485,2020-11-09T19:00:00Z
Manchester,2020,09-11-2020,20:00:00,26.04557715,37.25739099,30.56088688,2020-11-09T20:00:00Z
Manchester,2020,09-11-2020,21:00:00,0,7.581912487,-2.534382198,2020-11-09T21:00:00Z
Manchester,2020,09-11-2020,22:00:00,12.23746687,33.19138419,11.18318164,2020-11-09T22:00:00Z
Manchester,2020,09-11-2020,23:00:00,11.24278789,59.90788927,29.29311853,2020-11-09T23:00:00Z
Manchester,2020,10-11-2020,00:00:00,10.67391932,24.03094417,17.49892123,2020-11-10T00:00:00Z
Manchester,2020,10-11-2020,01:00:00,1.598699703,-22.99939897,6.728855109,2020-11-10T01:00:00Z
Manchester,2020,10-11-2020,02:00:00,11.87825601,21.3767937,14.37092336,2020-11-10T02:00:00Z
Manchester,2020,10-11-2020,03:00:00,5.211515522,30.10767681,7.459772155,2020-11-10T03:00:00Z
Manchester,2020,10-11-2020,04:00:00,6.122646875,6.201760698,8.001696022,2020-11-10T04:00:00Z
Manchester,2020,10-11-2020,05:00:00,16.50360538,30.71512743,23.37449062,2020-11-10T05:00:00Z
Manchester,2020,10-11-2020,06:00:00,2.274931191,23.90992499,21.92721817,2020-11-10T06:00:00Z
Manchester,2020,10-11-2020,07:00:00,19.58318741,20.54226012,18.62526305,2020-11-10T07:00:00Z
Manchester,2020,10-11-2020,08:00:00,17.65971103,17.92039637,12.75522064,2020-11-10T08:00:00Z
Manchester,2020,10-11-2020,09:00:00,3.796422684,11.58483356,2.79236443,2020-11-10T09:00:00Z
Manchester,2020,10-11-2020,10:00:00,19.03177047,16.85321821,18.24051671,2020-11-10T10:00:00Z
Manchester,2020,10-11-2020,11:00:00,0,4.602069625,10.55112823,2020-11-10T11:00:00Z
Manchester,2020,10-11-2020,12:00:00,6.227457578,7.21512271,13.33283097,2020-11-10T12:00:00Z
Manchester,2020,10-11-2020,13:00:00,0,-19.40004374,0.955810384,2020-11-10T13:00:00Z
Manchester,2020,10-11-2020,14:00:00,3.309358318,34.23034503,9.400313434,2020-11-10T14:00:00Z
Manchester,2020,10-11-2020,15:00:00,10.57330385,57.92216738,24.81939512,2020-11-10T15:00:00Z
Manchester,2020,10-11-2020,16:00:00,1.929842437,-4.913374455,9.735655148,2020-11-10T16:00:00Z
Manchester,2020,10-11-2020,17:00:00,20.16178266,41.76884693,19.36805712,2020-11-10T17:00:00Z
Manchester,2020,10-11-2020,18:00:00,0.815971321,0.562723229,4.883114584,2020-11-10T18:00:00Z
Manchester,2020,10-11-2020,19:00:00,0.467319696,30.47885064,7.853402325,2020-11-10T19:00:00Z
Manchester,2020,10-11-2020,20:00:00,0,-18.52540908,-2.677168053,2020-11-10T20:00:00Z
Manchester,2020,10-11-2020,21:00:00,10.92138166,15.76194927,13.08899073,2020-11-10T21:00:00Z
Manchester,2020,10-11-2020,22:00:00,7.722134283,-2.738244255,2.965989444,2020-11-10T22:00:00Z
Manchester,2020,10-11-2020,23:00:00,14.55714276,0.023330048,12.37015866,2020-11-10T23:00:00Z
Manchester,2021,01-11-2021,00:00:00,0,25.06044101,21.32371157,2021-11-01T00:00:00Z
Manchester,2021,01-11-2021,01:00:00,5.882364312,18.13918702,10.38163415,2021-11-01T01:00:00Z
Manchester,2021,01-11-2021,02:00:00,3.880240862,-2.53436624,-1.281723598,2021-11-01T02:00:00Z
Manchester,2021,01-11-2021,03:00:00,24.71306462,19.56889007,23.99086899,2021-11-01T03:00:00Z
Manchester,2021,01-11-2021,04:00:00,12.5672966,31.20675214,26.31711232,2021-11-01T04:00:00Z
Manchester,2021,01-11-2021,05:00:00,16.28702205,65.38183555,30.74479184,2021-11-01T05:00:00Z
Manchester,2021,01-11-2021,06:00:00,15.42163185,26.8652572,26.85527681,2021-11-01T06:00:00Z
Manchester,2021,01-11-2021,07:00:00,19.02895891,27.00858264,23.32154735,2021-11-01T07:00:00Z
Manchester,2021,01-11-2021,08:00:00,0,24.34817425,9.676334799,2021-11-01T08:00:00Z
Manchester,2021,01-11-2021,09:00:00,0.801111727,3.127208199,2.285694091,2021-11-01T09:00:00Z
Manchester,2021,01-11-2021,10:00:00,8.375912201,-0.818930054,2.180366517,2021-11-01T10:00:00Z
Manchester,2021,01-11-2021,11:00:00,6.09340017,9.96122269,18.04006612,2021-11-01T11:00:00Z
Manchester,2021,01-11-2021,12:00:00,11.7220272,17.7494544,14.79869709,2021-11-01T12:00:00Z
Manchester,2021,01-11-2021,13:00:00,0,11.16767392,2.635463315,2021-11-01T13:00:00Z
Manchester,2021,01-11-2021,14:00:00,6.229344953,12.51630731,11.11508403,2021-11-01T14:00:00Z
Manchester,2021,01-11-2021,15:00:00,3.641988794,21.33399811,15.20716464,2021-11-01T15:00:00Z
Manchester,2021,01-11-2021,16:00:00,22.17404946,37.25663456,28.35690864,2021-11-01T16:00:00Z
Manchester,2021,01-11-2021,17:00:00,8.367286162,28.36683132,30.85837834,2021-11-01T17:00:00Z
Manchester,2021,01-11-2021,18:00:00,4.237105561,-3.473673873,7.704897885,2021-11-01T18:00:00Z
Manchester,2021,01-11-2021,19:00:00,13.12578046,36.42986825,19.08546457,2021-11-01T19:00:00Z
Manchester,2021,01-11-2021,20:00:00,12.88057962,35.41976387,16.44868271,2021-11-01T20:00:00Z
Manchester,2021,01-11-2021,21:00:00,6.120956287,11.01366545,8.71111046,2021-11-01T21:00:00Z
Manchester,2021,01-11-2021,22:00:00,7.271863497,26.66355132,17.83237977,2021-11-01T22:00:00Z
Manchester,2021,01-11-2021,23:00:00,6.10854886,10.88972655,10.68632195,2021-11-01T23:00:00Z
Manchester,2021,02-11-2021,00:00:00,5.509407208,25.12150472,21.26993062,2021-11-02T00:00:00Z
Manchester,2021,02-11-2021,01:00:00,1.869682663,4.400625777,6.544178988,2021-11-02T01:00:00Z
Manchester,2021,02-11-2021,02:00:00,9.29136937,28.69533819,19.92178155,2021-11-02T02:00:00Z
Manchester,2021,02-11-2021,03:00:00,4.887426544,25.0079306,8.550355426,2021-11-02T03:00:00Z
Manchester,2021,02-11-2021,04:00:00,0,6.236406243,-3.652030862,2021-11-02T04:00:00Z
Manchester,2021,02-11-2021,05:00:00,0,13.77231844,7.494843151,2021-11-02T05:00:00Z
Manchester,2021,02-11-2021,06:00:00,7.888085756,37.76499767,21.6445108,2021-11-02T06:00:00Z
Manchester,2021,02-11-2021,07:00:00,10.8765675,1.006239675,6.974458067,2021-11-02T07:00:00Z
Manchester,2021,02-11-2021,08:00:00,17.6772415,17.36616216,16.35236816,2021-11-02T08:00:00Z
Manchester,2021,02-11-2021,09:00:00,4.456935859,24.64004396,9.235637671,2021-11-02T09:00:00Z
Manchester,2021,02-11-2021,10:00:00,12.39438056,-2.796248307,14.26295889,2021-11-02T10:00:00Z
Manchester,2021,02-11-2021,11:00:00,24.32566426,7.277622762,22.99262515,2021-11-02T11:00:00Z
Manchester,2021,02-11-2021,12:00:00,3.469475888,3.715581474,6.282248274,2021-11-02T12:00:00Z
Manchester,2021,02-11-2021,13:00:00,15.76913933,44.134596,13.98892887,2021-11-02T13:00:00Z
Manchester,2021,02-11-2021,14:00:00,3.778040187,18.83192193,13.11388279,2021-11-02T14:00:00Z
Manchester,2021,02-11-2021,15:00:00,0.988445107,21.64215106,8.83179808,2021-11-02T15:00:00Z
Manchester,2021,02-11-2021,16:00:00,28.52012628,53.46176079,30.90964783,2021-11-02T16:00:00Z
Manchester,2021,02-11-2021,17:00:00,14.82115973,43.10501287,23.23617142,2021-11-02T17:00:00Z
Manchester,2021,02-11-2021,18:00:00,23.11117723,41.70116918,26.79539463,2021-11-02T18:00:00Z
Manchester,2021,02-11-2021,19:00:00,1.296350764,10.45997931,9.398067603,2021-11-02T19:00:00Z
Manchester,2021,02-11-2021,20:00:00,2.474411289,18.03921312,17.63441892,2021-11-02T20:00:00Z
Manchester,2021,02-11-2021,21:00:00,7.351155048,4.663334756,18.47972932,2021-11-02T21:00:00Z
Manchester,2021,02-11-2021,22:00:00,13.02309734,9.84899541,16.3683851,2021-11-02T22:00:00Z
Manchester,2021,02-11-2021,23:00:00,2.089989914,-10.80158962,7.980347304,2021-11-02T23:00:00Z
Manchester,2021,03-11-2021,00:00:00,3.110900221,20.67449129,9.662199677,2021-11-03T00:00:00Z
Manchester,2021,03-11-2021,01:00:00,8.086565861,10.66722266,20.41385679,2021-11-03T01:00:00Z
Manchester,2021,03-11-2021,02:00:00,5.758158516,-3.389384846,14.42166994,2021-11-03T02:00:00Z
Manchester,2021,03-11-2021,03:00:00,0,25.50089298,6.34160543,2021-11-03T03:00:00Z
Manchester,2021,03-11-2021,04:00:00,13.38679372,40.42704581,31.29664285,2021-11-03T04:00:00Z
Manchester,2021,03-11-2021,05:00:00,0.220127277,-12.97631671,2.022840212,2021-11-03T05:00:00Z
Manchester,2021,03-11-2021,06:00:00,7.269288516,23.27974919,16.3971793,2021-11-03T06:00:00Z
Manchester,2021,03-11-2021,07:00:00,6.075924673,11.58912297,8.78750749,2021-11-03T07:00:00Z
Manchester,2021,03-11-2021,08:00:00,5.02781565,28.74883131,18.38532733,2021-11-03T08:00:00Z
Manchester,2021,03-11-2021,09:00:00,0,12.99486471,16.18014198,2021-11-03T09:00:00Z
Manchester,2021,03-11-2021,10:00:00,14.11129906,17.93829313,9.830890657,2021-11-03T10:00:00Z
Manchester,2021,03-11-2021,11:00:00,8.474046645,40.01391278,17.1742075,2021-11-03T11:00:00Z
Manchester,2021,03-11-2021,12:00:00,29.24804761,23.32827498,21.66875608,2021-11-03T12:00:00Z
Manchester,2021,03-11-2021,13:00:00,3.578649442,13.89267789,2.965620428,2021-11-03T13:00:00Z
Manchester,2021,03-11-2021,14:00:00,7.011709376,40.05674,25.96249723,2021-11-03T14:00:00Z
Manchester,2021,03-11-2021,15:00:00,8.244489041,19.00993444,17.86769445,2021-11-03T15:00:00Z
Manchester,2021,03-11-2021,16:00:00,2.225497459,3.963564926,1.041557544,2021-11-03T16:00:00Z
Manchester,2021,03-11-2021,17:00:00,11.48016752,42.82036373,25.43046048,2021-11-03T17:00:00Z
Manchester,2021,03-11-2021,18:00:00,9.32644207,22.03383611,12.18619339,2021-11-03T18:00:00Z
Manchester,2021,03-11-2021,19:00:00,7.424801929,29.46771514,24.3786766,2021-11-03T19:00:00Z
Manchester,2021,03-11-2021,20:00:00,9.168398788,32.46948277,13.66943992,2021-11-03T20:00:00Z
Manchester,2021,03-11-2021,21:00:00,7.796657875,28.39011542,17.15850558,2021-11-03T21:00:00Z
Manchester,2021,03-11-2021,22:00:00,3.350870896,13.12644912,16.87566213,2021-11-03T22:00:00Z
Manchester,2021,03-11-2021,23:00:00,3.312594349,24.42739698,25.39987803,2021-11-03T23:00:00Z
Manchester,2021,04-11-2021,00:00:00,18.14980092,55.67879892,26.4192712,2021-11-04T00:00:00Z
Manchester,2021,04-11-2021,01:00:00,9.296507467,38.02720259,17.74345522,2021-11-04T01:00:00Z
Manchester,2021,04-11-2021,02:00:00,12.3601708,14.99755698,11.04423594,2021-11-04T02:00:00Z
Manchester,2021,04-11-2021,03:00:00,12.27876223,6.865117853,14.89054096,2021-11-04T03:00:00Z
Manchester,2021,04-11-2021,04:00:00,8.444074967,46.47147128,26.42745952,2021-11-04T04:00:00Z
Manchester,2021,04-11-2021,05:00:00,0.630158332,3.335202296,4.419993526,2021-11-04T05:00:00Z
Manchester,2021,04-11-2021,06:00:00,21.16836197,34.83806999,21.52000764,2021-11-04T06:00:00Z
Manchester,2021,04-11-2021,07:00:00,6.434518776,20.81451125,19.38747194,2021-11-04T07:00:00Z
Manchester,2021,04-11-2021,08:00:00,9.777934959,32.33909965,24.88821912,2021-11-04T08:00:00Z
Manchester,2021,04-11-2021,09:00:00,14.82499442,22.59074621,16.32307837,2021-11-04T09:00:00Z
Manchester,2021,04-11-2021,10:00:00,14.71318419,46.19904719,22.28112823,2021-11-04T10:00:00Z
Manchester,2021,04-11-2021,11:00:00,0,26.34974962,16.76803512,2021-11-04T11:00:00Z
Manchester,2021,04-11-2021,12:00:00,13.95798834,3.074162045,12.72307501,2021-11-04T12:00:00Z
Manchester,2021,04-11-2021,13:00:00,0,12.58531253,-2.962785686,2021-11-04T13:00:00Z
Manchester,2021,04-11-2021,14:00:00,5.583472844,33.35793214,25.40805633,2021-11-04T14:00:00Z
Manchester,2021,04-11-2021,15:00:00,6.454415436,-6.618716229,6.303548665,2021-11-04T15:00:00Z
Manchester,2021,04-11-2021,16:00:00,0,19.4001727,5.800590262,2021-11-04T16:00:00Z
Manchester,2021,04-11-2021,17:00:00,0,41.3162227,15.6924142,2021-11-04T17:00:00Z
Manchester,2021,04-11-2021,18:00:00,7.57595559,22.10542647,16.53433566,2021-11-04T18:00:00Z
Manchester,2021,04-11-2021,19:00:00,0.8643203,31.76697336,8.233932244,2021-11-04T19:00:00Z
Manchester,2021,04-11-2021,20:00:00,7.184306051,30.54931547,19.44277719,2021-11-04T20:00:00Z
Manchester,2021,04-11-2021,21:00:00,7.741896586,39.27141528,24.99284655,2021-11-04T21:00:00Z
Manchester,2021,04-11-2021,22:00:00,4.111016482,23.90887141,15.29431993,2021-11-04T22:00:00Z
Manchester,2021,04-11-2021,23:00:00,0,22.3908034,9.86718744,2021-11-04T23:00:00Z
Manchester,2021,05-11-2021,00:00:00,54.98121109,125.3581315,83.23138114,2021-11-05T00:00:00Z
Manchester,2021,05-11-2021,01:00:00,61.40826944,123.233288,96.77697365,2021-11-05T01:00:00Z
Manchester,2021,05-11-2021,02:00:00,26.14347158,86.16057604,64.57755813,2021-11-05T02:00:00Z
Manchester,2021,05-11-2021,03:00:00,70.89896113,179.7596333,136.2191504,2021-11-05T03:00:00Z
Manchester,2021,05-11-2021,04:00:00,27.6722907,69.10727961,61.05607576,2021-11-05T04:00:00Z
Manchester,2021,05-11-2021,05:00:00,55.63588058,154.7706826,117.4192694,2021-11-05T05:00:00Z
Manchester,2021,05-11-2021,06:00:00,15.3025309,49.51930347,39.59121489,2021-11-05T06:00:00Z
Manchester,2021,05-11-2021,07:00:00,27.86515005,75.17355086,58.04109349,2021-11-05T07:00:00Z
Manchester,2021,05-11-2021,08:00:00,67.21998721,159.7431789,119.2538152,2021-11-05T08:00:00Z
Manchester,2021,05-11-2021,09:00:00,31.75995146,92.84664191,76.8096857,2021-11-05T09:00:00Z
Manchester,2021,05-11-2021,10:00:00,52.93673989,163.9230174,124.0946918,2021-11-05T10:00:00Z
Manchester,2021,05-11-2021,11:00:00,50.46927986,112.3519083,81.09160544,2021-11-05T11:00:00Z
Manchester,2021,05-11-2021,12:00:00,84.63179961,146.731129,123.1730757,2021-11-05T12:00:00Z
Manchester,2021,05-11-2021,13:00:00,27.92427576,100.3719638,65.67262255,2021-11-05T13:00:00Z
Manchester,2021,05-11-2021,14:00:00,50.02555265,101.5988243,84.83987246,2021-11-05T14:00:00Z
Manchester,2021,05-11-2021,15:00:00,53.96580653,119.703593,78.25436728,2021-11-05T15:00:00Z
Manchester,2021,05-11-2021,16:00:00,25.62948718,60.15654624,55.69034975,2021-11-05T16:00:00Z
Manchester,2021,05-11-2021,17:00:00,33.76767802,130.207859,96.7115586,2021-11-05T17:00:00Z
Manchester,2021,05-11-2021,18:00:00,55.86189849,133.8520508,99.86516379,2021-11-05T18:00:00Z
Manchester,2021,05-11-2021,19:00:00,45.01488715,130.6779784,94.6617481,2021-11-05T19:00:00Z
Manchester,2021,05-11-2021,20:00:00,72.57783307,125.3207454,98.26515523,2021-11-05T20:00:00Z
Manchester,2021,05-11-2021,21:00:00,46.26957577,108.9099356,83.54967057,2021-11-05T21:00:00Z
Manchester,2021,05-11-2021,22:00:00,33.23676164,81.16936165,73.14987054,2021-11-05T22:00:00Z
Manchester,2021,05-11-2021,23:00:00,41.21235003,153.0839942,100.4513082,2021-11-05T23:00:00Z
Manchester,2021,06-11-2021,00:00:00,6.049106399,4.565952339,8.264628151,2021-11-06T00:00:00Z
Manchester,2021,06-11-2021,01:00:00,8.379693084,7.874861388,2.87063034,2021-11-06T01:00:00Z
Manchester,2021,06-11-2021,02:00:00,12.1997557,30.6054254,20.25447538,2021-11-06T02:00:00Z
Manchester,2021,06-11-2021,03:00:00,13.74500447,49.4404633,37.45491364,2021-11-06T03:00:00Z
Manchester,2021,06-11-2021,04:00:00,17.44819627,33.01786268,24.13714198,2021-11-06T04:00:00Z
Manchester,2021,06-11-2021,05:00:00,0,13.98234194,13.27723614,2021-11-06T05:00:00Z
Manchester,2021,06-11-2021,06:00:00,10.6145971,39.91729689,19.79943378,2021-11-06T06:00:00Z
Manchester,2021,06-11-2021,07:00:00,21.79684679,23.51894728,27.17276846,2021-11-06T07:00:00Z
Manchester,2021,06-11-2021,08:00:00,26.82880256,59.86737914,39.18890986,2021-11-06T08:00:00Z
Manchester,2021,06-11-2021,09:00:00,3.957279895,10.77630307,6.348646135,2021-11-06T09:00:00Z
Manchester,2021,06-11-2021,10:00:00,8.323136052,29.29511466,17.02212438,2021-11-06T10:00:00Z
Manchester,2021,06-11-2021,11:00:00,0.815072378,11.23188827,5.30619912,2021-11-06T11:00:00Z
Manchester,2021,06-11-2021,12:00:00,9.034220346,6.149370547,7.165174497,2021-11-06T12:00:00Z
Manchester,2021,06-11-2021,13:00:00,9.098790185,9.594850645,8.671676657,2021-11-06T13:00:00Z
Manchester,2021,06-11-2021,14:00:00,8.633302879,-5.9745902,6.978183969,2021-11-06T14:00:00Z
Manchester,2021,06-11-2021,15:00:00,9.182361965,32.09583701,22.7388103,2021-11-06T15:00:00Z
Manchester,2021,06-11-2021,16:00:00,19.44644204,23.75383675,16.4882628,2021-11-06T16:00:00Z
Manchester,2021,06-11-2021,17:00:00,19.3660752,19.50878287,22.89457589,2021-11-06T17:00:00Z
Manchester,2021,06-11-2021,18:00:00,6.771196588,16.55978286,5.223726995,2021-11-06T18:00:00Z
Manchester,2021,06-11-2021,19:00:00,20.05086614,26.38906913,19.06631553,2021-11-06T19:00:00Z
Manchester,2021,06-11-2021,20:00:00,11.16425129,43.23663937,27.76267274,2021-11-06T20:00:00Z
Manchester,2021,06-11-2021,21:00:00,0,-0.609112491,-0.815613854,2021-11-06T21:00:00Z
Manchester,2021,06-11-2021,22:00:00,2.689303093,27.40600361,10.67628203,2021-11-06T22:00:00Z
Manchester,2021,06-11-2021,23:00:00,15.05590839,32.2524724,35.66677706,2021-11-06T23:00:00Z
Manchester,2021,07-11-2021,00:00:00,0.409505499,4.349741552,4.792344081,2021-11-07T00:00:00Z
Manchester,2021,07-11-2021,01:00:00,0,4.409590064,1.752080718,2021-11-07T01:00:00Z
Manchester,2021,07-11-2021,02:00:00,0,-1.290437973,10.46570602,2021-11-07T02:00:00Z
Manchester,2021,07-11-2021,03:00:00,0,10.48757731,6.205210473,2021-11-07T03:00:00Z
Manchester,2021,07-11-2021,04:00:00,7.00506581,8.599838791,7.911370668,2021-11-07T04:00:00Z
Manchester,2021,07-11-2021,05:00:00,20.10911461,41.96087699,31.57383288,2021-11-07T05:00:00Z
Manchester,2021,07-11-2021,06:00:00,14.60102875,32.80077505,27.86771295,2021-11-07T06:00:00Z
Manchester,2021,07-11-2021,07:00:00,9.993571094,15.32754271,11.26107147,2021-11-07T07:00:00Z
Manchester,2021,07-11-2021,08:00:00,21.11941471,42.22686095,34.48829517,2021-11-07T08:00:00Z
Manchester,2021,07-11-2021,09:00:00,19.0575276,23.13691608,19.13471686,2021-11-07T09:00:00Z
Manchester,2021,07-11-2021,10:00:00,19.18415624,25.87386983,15.33442052,2021-11-07T10:00:00Z
Manchester,2021,07-11-2021,11:00:00,6.307734957,9.150776685,15.56858519,2021-11-07T11:00:00Z
Manchester,2021,07-11-2021,12:00:00,4.422211508,11.29681585,4.157144461,2021-11-07T12:00:00Z
Manchester,2021,07-11-2021,13:00:00,5.434756863,28.94010843,15.69112642,2021-11-07T13:00:00Z
Manchester,2021,07-11-2021,14:00:00,4.277293516,31.51368189,19.58390047,2021-11-07T14:00:00Z
Manchester,2021,07-11-2021,15:00:00,5.574493213,36.34310446,19.93904927,2021-11-07T15:00:00Z
Manchester,2021,07-11-2021,16:00:00,0,2.575161555,-2.219794702,2021-11-07T16:00:00Z
Manchester,2021,07-11-2021,17:00:00,10.67984867,42.33872618,26.86022291,2021-11-07T17:00:00Z
Manchester,2021,07-11-2021,18:00:00,1.136283365,-7.098307324,0.543702808,2021-11-07T18:00:00Z
Manchester,2021,07-11-2021,19:00:00,7.976541243,25.34426543,5.089654765,2021-11-07T19:00:00Z
Manchester,2021,07-11-2021,20:00:00,11.99110723,20.4422296,13.36119889,2021-11-07T20:00:00Z
Manchester,2021,07-11-2021,21:00:00,5.721962752,8.293569161,19.72684898,2021-11-07T21:00:00Z
Manchester,2021,07-11-2021,22:00:00,10.9349947,38.81457401,17.53045919,2021-11-07T22:00:00Z
Manchester,2021,07-11-2021,23:00:00,10.66609676,16.42009063,14.30546124,2021-11-07T23:00:00Z
Manchester,2021,08-11-2021,00:00:00,0.039121004,14.95807111,13.22316658,2021-11-08T00:00:00Z
Manchester,2021,08-11-2021,01:00:00,8.360203319,36.70300039,12.56388054,2021-11-08T01:00:00Z
Manchester,2021,08-11-2021,02:00:00,2.265996142,14.43074067,9.693444415,2021-11-08T02:00:00Z
Manchester,2021,08-11-2021,03:00:00,0,0.67490214,0.603133445,2021-11-08T03:00:00Z
Manchester,2021,08-11-2021,04:00:00,10.12135714,35.38494093,15.12152567,2021-11-08T04:00:00Z
Manchester,2021,08-11-2021,05:00:00,15.53580832,29.40961535,29.48857731,2021-11-08T05:00:00Z
Manchester,2021,08-11-2021,06:00:00,5.310125824,17.99713009,21.15415014,2021-11-08T06:00:00Z
Manchester,2021,08-11-2021,07:00:00,0,-15.90348926,2.665478549,2021-11-08T07:00:00Z
Manchester,2021,08-11-2021,08:00:00,3.449297371,29.82847851,5.929675277,2021-11-08T08:00:00Z
Manchester,2021,08-11-2021,09:00:00,15.9887033,21.10235667,27.00224543,2021-11-08T09:00:00Z
Manchester,2021,08-11-2021,10:00:00,4.872952611,16.94891166,11.97249443,2021-11-08T10:00:00Z
Manchester,2021,08-11-2021,11:00:00,15.16559291,11.40810199,9.473043174,2021-11-08T11:00:00Z
Manchester,2021,08-11-2021,12:00:00,13.96223053,47.73569283,27.97676841,2021-11-08T12:00:00Z
Manchester,2021,08-11-2021,13:00:00,10.57469597,33.49237415,16.66035209,2021-11-08T13:00:00Z
Manchester,2021,08-11-2021,14:00:00,7.503460649,9.747294143,10.91170045,2021-11-08T14:00:00Z
Manchester,2021,08-11-2021,15:00:00,1.233646946,14.28344512,7.834176853,2021-11-08T15:00:00Z
Manchester,2021,08-11-2021,16:00:00,8.975039955,-2.461410364,16.99821442,2021-11-08T16:00:00Z
Manchester,2021,08-11-2021,17:00:00,9.012069502,8.092229807,8.934510205,2021-11-08T17:00:00Z
Manchester,2021,08-11-2021,18:00:00,14.04620028,40.95622951,25.49347995,2021-11-08T18:00:00Z
Manchester,2021,08-11-2021,19:00:00,0,-11.57051758,-8.071393069,2021-11-08T19:00:00Z
Manchester,2021,08-11-2021,20:00:00,9.10119843,28.82948689,19.8987554,2021-11-08T20:00:00Z
Manchester,2021,08-11-2021,21:00:00,4.57623681,39.87892105,21.04751877,2021-11-08T21:00:00Z
Manchester,2021,08-11-2021,22:00:00,3.013299433,32.26705205,18.17050703,2021-11-08T22:00:00Z
Manchester,2021,08-11-2021,23:00:00,3.71177264,11.23390121,12.5171539,2021-11-08T23:00:00Z
Manchester,2021,09-11-2021,00:00:00,0,0.334758057,3.379749047,2021-11-09T00:00:00Z
Manchester,2021,09-11-2021,01:00:00,7.157711296,19.35737326,17.74839176,2021-11-09T01:00:00Z
Manchester,2021,09-11-2021,02:00:00,14.43702633,22.57803716,18.23151267,2021-11-09T02:00:00Z
Manchester,2021,09-11-2021,03:00:00,9.819651183,15.93047409,16.58183284,2021-11-09T03:00:00Z
Manchester,2021,09-11-2021,04:00:00,8.775798013,14.67749319,20.20926345,2021-11-09T04:00:00Z
Manchester,2021,09-11-2021,05:00:00,12.48702378,21.34595224,13.52919217,2021-11-09T05:00:00Z
Manchester,2021,09-11-2021,06:00:00,5.441936254,45.17666914,19.01518177,2021-11-09T06:00:00Z
Manchester,2021,09-11-2021,07:00:00,8.24121939,-8.867940397,5.878773249,2021-11-09T07:00:00Z
Manchester,2021,09-11-2021,08:00:00,5.930173968,32.52204992,14.00180798,2021-11-09T08:00:00Z
Manchester,2021,09-11-2021,09:00:00,0,13.75487624,12.27560482,2021-11-09T09:00:00Z
Manchester,2021,09-11-2021,10:00:00,12.59521621,12.92882437,19.20006316,2021-11-09T10:00:00Z
Manchester,2021,09-11-2021,11:00:00,17.28732297,18.66343698,23.92785187,2021-11-09T11:00:00Z
Manchester,2021,09-11-2021,12:00:00,9.771216372,-13.03418106,3.0636444,2021-11-09T12:00:00Z
Manchester,2021,09-11-2021,13:00:00,0,-2.138420873,-2.918054001,2021-11-09T13:00:00Z
Manchester,2021,09-11-2021,14:00:00,10.62349643,10.56327929,11.96230788,2021-11-09T14:00:00Z
Manchester,2021,09-11-2021,15:00:00,3.449928682,21.21519154,24.04820774,2021-11-09T15:00:00Z
Manchester,2021,09-11-2021,16:00:00,11.60557575,22.62401876,10.41244043,2021-11-09T16:00:00Z
Manchester,2021,09-11-2021,17:00:00,11.25739759,19.72877782,6.821425097,2021-11-09T17:00:00Z
Manchester,2021,09-11-2021,18:00:00,11.27660452,23.89869953,11.62630069,2021-11-09T18:00:00Z
Manchester,2021,09-11-2021,19:00:00,4.419955797,15.26419798,9.140217394,2021-11-09T19:00:00Z
Manchester,2021,09-11-2021,20:00:00,6.047056138,11.23232698,9.754122046,2021-11-09T20:00:00Z
Manchester,2021,09-11-2021,21:00:00,8.744972291,28.38299014,17.26975181,2021-11-09T21:00:00Z
Manchester,2021,09-11-2021,22:00:00,2.162014132,13.79093922,7.124970543,2021-11-09T22:00:00Z
Manchester,2021,09-11-2021,23:00:00,14.38561704,39.71256744,20.62726764,2021-11-09T23:00:00Z
Manchester,2021,10-11-2021,00:00:00,11.85952852,14.6961683,12.33335174,2021-11-10T00:00:00Z
Manchester,2021,10-11-2021,01:00:00,15.16254893,42.43379281,28.11906499,2021-11-10T01:00:00Z
Manchester,2021,10-11-2021,02:00:00,7.23632152,40.49271611,21.67308837,2021-11-10T02:00:00Z
Manchester,2021,10-11-2021,03:00:00,20.02112566,13.27768612,20.51658004,2021-11-10T03:00:00Z
Manchester,2021,10-11-2021,04:00:00,10.46718371,60.39208591,24.49966438,2021-11-10T04:00:00Z
Manchester,2021,10-11-2021,05:00:00,6.138637569,15.22118261,12.47822657,2021-11-10T05:00:00Z
Manchester,2021,10-11-2021,06:00:00,4.058627131,20.41623687,16.85811324,2021-11-10T06:00:00Z
Manchester,2021,10-11-2021,07:00:00,7.336833575,-9.278354206,4.455113002,2021-11-10T07:00:00Z
Manchester,2021,10-11-2021,08:00:00,7.149216502,29.71574804,22.39042103,2021-11-10T08:00:00Z
Manchester,2021,10-11-2021,09:00:00,7.86402373,22.74286387,11.968788290000001,2021-11-10T09:00:00Z
Manchester,2021,10-11-2021,10:00:00,6.87764973,-3.322652064,8.993290332,2021-11-10T10:00:00Z
Manchester,2021,10-11-2021,11:00:00,0,8.068843872,4.75836924,2021-11-10T11:00:00Z
Manchester,2021,10-11-2021,12:00:00,16.9761086,6.185290558,15.87503842,2021-11-10T12:00:00Z
Manchester,2021,10-11-2021,13:00:00,18.18677587,41.03494574,27.50284366,2021-11-10T13:00:00Z
Manchester,2021,10-11-2021,14:00:00,11.13470643,35.91774878,19.17953245,2021-11-10T14:00:00Z
Manchester,2021,10-11-2021,15:00:00,0,24.16729364,11.16172693,2021-11-10T15:00:00Z
Manchester,2021,10-11-2021,16:00:00,9.259184327,36.58835921,25.30718356,2021-11-10T16:00:00Z
Manchester,2021,10-11-2021,17:00:00,4.970334563,7.372304751,8.769740125,2021-11-10T17:00:00Z
Manchester,2021,10-11-2021,18:00:00,11.13466035,9.55521947,14.17549077,2021-11-10T18:00:00Z
Manchester,2021,10-11-2021,19:00:00,18.72082951,19.40140287,24.85239466,2021-11-10T19:00:00Z
Manchester,2021,10-11-2021,20:00:00,3.450030411,18.30463703,12.68540751,2021-11-10T20:00:00Z
Manchester,2021,10-11-2021,21:00:00,7.702099976,49.19466614,26.94495196,2021-11-10T21:00:00Z
Manchester,2021,10-11-2021,22:00:00,9.76126609,20.07847468,2.84832016,2021-11-10T22:00:00Z
Manchester,2021,10-11-2021,23:00:00,23.88590591,49.6486986,33.60915536,2021-11-10T23:00:00Z
Manchester,2022,01-11-2022,00:00:00,2.83325442,27.30741344,22.04591571,2022-11-01T00:00:00Z
Manchester,2022,01-11-2022,01:00:00,6.516819785,21.27117246,19.00554587,2022-11-01T01:00:00Z
Manchester,2022,01-11-2022,02:00:00,25.72052161,38.48002132,31.46493899,2022-11-01T02:00:00Z
Manchester,2022,01-11-2022,03:00:00,11.53602287,19.673351,22.66700471,2022-11-01T03:00:00Z
Manchester,2022,01-11-2022,04:00:00,3.269447078,17.9207937,15.27420259,2022-11-01T04:00:00Z
Manchester,2022,01-11-2022,05:00:00,9.5875566,2.432782685,18.76675956,2022-11-01T05:00:00Z
Manchester,2022,01-11-2022,06:00:00,0,-1.981100319,-3.647723221,2022-11-01T06:00:00Z
Manchester,2022,01-11-2022,07:00:00,17.28822445,20.96526718,23.24019217,2022-11-01T07:00:00Z
Manchester,2022,01-11-2022,08:00:00,13.25627957,23.49339348,27.94030519,2022-11-01T08:00:00Z
Manchester,2022,01-11-2022,09:00:00,0.769610208,20.6957258,12.85092179,2022-11-01T09:00:00Z
Manchester,2022,01-11-2022,10:00:00,7.305226161,54.90230467,24.47968686,2022-11-01T10:00:00Z
Manchester,2022,01-11-2022,11:00:00,4.00610677,23.07786398,9.576627761,2022-11-01T11:00:00Z
Manchester,2022,01-11-2022,12:00:00,12.09290335,17.95480107,17.57597214,2022-11-01T12:00:00Z
Manchester,2022,01-11-2022,13:00:00,11.62003343,38.91991132,28.30978169,2022-11-01T13:00:00Z
Manchester,2022,01-11-2022,14:00:00,6.015637247,9.996410782,11.16931332,2022-11-01T14:00:00Z
Manchester,2022,01-11-2022,15:00:00,9.897020127,25.48274415,19.59380574,2022-11-01T15:00:00Z
Manchester,2022,01-11-2022,16:00:00,3.7949305,36.10908381,15.17492215,2022-11-01T16:00:00Z
Manchester,2022,01-11-2022,17:00:00,1.961079153,25.07934979,7.486231095,2022-11-01T17:00:00Z
Manchester,2022,01-11-2022,18:00:00,0,15.61541764,3.947691873,2022-11-01T18:00:00Z
Manchester,2022,01-11-2022,19:00:00,6.691483514,27.21207882,16.43429871,2022-11-01T19:00:00Z
Manchester,2022,01-11-2022,20:00:00,9.340380603,16.21058249,17.16945154,2022-11-01T20:00:00Z
Manchester,2022,01-11-2022,21:00:00,14.87498237,17.47345324,18.14905389,2022-11-01T21:00:00Z
Manchester,2022,01-11-2022,22:00:00,0,-2.995235179,-4.129013391,2022-11-01T22:00:00Z
Manchester,2022,01-11-2022,23:00:00,2.939731245,6.428671989,10.46295428,2022-11-01T23:00:00Z
Manchester,2022,02-11-2022,00:00:00,1.094903613,16.92948631,13.00993044,2022-11-02T00:00:00Z
Manchester,2022,02-11-2022,01:00:00,9.574648065,12.60274051,7.993520748,2022-11-02T01:00:00Z
Manchester,2022,02-11-2022,02:00:00,19.4136274,18.78406596,8.640441017,2022-11-02T02:00:00Z
Manchester,2022,02-11-2022,03:00:00,15.31054943,32.65848289,19.62686923,2022-11-02T03:00:00Z
Manchester,2022,02-11-2022,04:00:00,10.77061986,30.27394277,17.06038978,2022-11-02T04:00:00Z
Manchester,2022,02-11-2022,05:00:00,17.56146325,33.57255814,27.37683831,2022-11-02T05:00:00Z
Manchester,2022,02-11-2022,06:00:00,20.83173677,38.55327119,19.81719547,2022-11-02T06:00:00Z
Manchester,2022,02-11-2022,07:00:00,10.44264482,24.87484105,9.181396157,2022-11-02T07:00:00Z
Manchester,2022,02-11-2022,08:00:00,16.51747576,24.63038599,26.43714269,2022-11-02T08:00:00Z
Manchester,2022,02-11-2022,09:00:00,7.002199313,17.40474479,18.61640908,2022-11-02T09:00:00Z
Manchester,2022,02-11-2022,10:00:00,8.06529695,12.93015866,14.25149594,2022-11-02T10:00:00Z
Manchester,2022,02-11-2022,11:00:00,4.839046934,5.346446886,14.70160238,2022-11-02T11:00:00Z
Manchester,2022,02-11-2022,12:00:00,9.49541923,16.74143717,4.124840399,2022-11-02T12:00:00Z
Manchester,2022,02-11-2022,13:00:00,7.94687905,18.5349506,10.20244866,2022-11-02T13:00:00Z
Manchester,2022,02-11-2022,14:00:00,4.691096929,6.694341768,6.399134779,2022-11-02T14:00:00Z
Manchester,2022,02-11-2022,15:00:00,0.154776487,4.352547197,5.424946264,2022-11-02T15:00:00Z
Manchester,2022,02-11-2022,16:00:00,8.674862064,35.33695961,13.5898489,2022-11-02T16:00:00Z
Manchester,2022,02-11-2022,17:00:00,3.79699168,6.491584453,11.00421528,2022-11-02T17:00:00Z
Manchester,2022,02-11-2022,18:00:00,3.860279419,12.23762074,12.44811952,2022-11-02T18:00:00Z
Manchester,2022,02-11-2022,19:00:00,6.548225274,19.93374907,18.91752735,2022-11-02T19:00:00Z
Manchester,2022,02-11-2022,20:00:00,13.45439043,6.578964177,9.535414996,2022-11-02T20:00:00Z
Manchester,2022,02-11-2022,21:00:00,13.78603231,68.52871925,32.73498529,2022-11-02T21:00:00Z
Manchester,2022,02-11-2022,22:00:00,12.30029669,18.30775016,15.76344673,2022-11-02T22:00:00Z
Manchester,2022,02-11-2022,23:00:00,0,4.081242202,6.025527449,2022-11-02T23:00:00Z
Manchester,2022,03-11-2022,00:00:00,28.96469226,40.38147478,33.0753033,2022-11-03T00:00:00Z
Manchester,2022,03-11-2022,01:00:00,20.23605972,28.73502128,27.20564905,2022-11-03T01:00:00Z
Manchester,2022,03-11-2022,02:00:00,9.059553475,18.39582205,21.81848548,2022-11-03T02:00:00Z
Manchester,2022,03-11-2022,03:00:00,6.38254795,-0.60586958,4.938743119,2022-11-03T03:00:00Z
Manchester,2022,03-11-2022,04:00:00,13.98896084,18.83718779,13.24414541,2022-11-03T04:00:00Z
Manchester,2022,03-11-2022,05:00:00,25.30972439,21.25895361,27.3231629,2022-11-03T05:00:00Z
Manchester,2022,03-11-2022,06:00:00,13.72053404,32.27426337,20.12343283,2022-11-03T06:00:00Z
Manchester,2022,03-11-2022,07:00:00,12.01877665,35.20375412,19.03698381,2022-11-03T07:00:00Z
Manchester,2022,03-11-2022,08:00:00,5.165453432,4.892740558,6.111663096,2022-11-03T08:00:00Z
Manchester,2022,03-11-2022,09:00:00,17.13340068,60.27905803,35.68563395,2022-11-03T09:00:00Z
Manchester,2022,03-11-2022,10:00:00,15.90234385,38.99305328,36.6614534,2022-11-03T10:00:00Z
Manchester,2022,03-11-2022,11:00:00,8.341748313,18.25031506,19.11599476,2022-11-03T11:00:00Z
Manchester,2022,03-11-2022,12:00:00,15.79476661,32.63252951,21.39737723,2022-11-03T12:00:00Z
Manchester,2022,03-11-2022,13:00:00,10.68129687,20.57344717,21.03294302,2022-11-03T13:00:00Z
Manchester,2022,03-11-2022,14:00:00,13.40205743,15.94489339,19.21531595,2022-11-03T14:00:00Z
Manchester,2022,03-11-2022,15:00:00,0,15.29332852,9.348394475,2022-11-03T15:00:00Z
Manchester,2022,03-11-2022,16:00:00,8.585051901,6.28778508,15.95054834,2022-11-03T16:00:00Z
Manchester,2022,03-11-2022,17:00:00,15.75794361,47.09895793,21.73801438,2022-11-03T17:00:00Z
Manchester,2022,03-11-2022,18:00:00,9.257071902,18.78896555,15.39078354,2022-11-03T18:00:00Z
Manchester,2022,03-11-2022,19:00:00,10.49992694,21.59124589,12.21905024,2022-11-03T19:00:00Z
Manchester,2022,03-11-2022,20:00:00,6.231131229,27.22384309,21.92321733,2022-11-03T20:00:00Z
Manchester,2022,03-11-2022,21:00:00,6.887807291,29.1884898,19.71168643,2022-11-03T21:00:00Z
Manchester,2022,03-11-2022,22:00:00,13.25574535,-2.256602079,10.88234948,2022-11-03T22:00:00Z
Manchester,2022,03-11-2022,23:00:00,5.457866104,3.263673303,6.560486142,2022-11-03T23:00:00Z
Manchester,2022,04-11-2022,00:00:00,0,1.812911904,6.851618591,2022-11-04T00:00:00Z
Manchester,2022,04-11-2022,01:00:00,0,3.845853421,2.354053802,2022-11-04T01:00:00Z
Manchester,2022,04-11-2022,02:00:00,11.38860727,29.93356651,19.85054567,2022-11-04T02:00:00Z
Manchester,2022,04-11-2022,03:00:00,4.187670804,30.39021897,19.92413192,2022-11-04T03:00:00Z
Manchester,2022,04-11-2022,04:00:00,24.60058932,24.47397558,26.73711051,2022-11-04T04:00:00Z
Manchester,2022,04-11-2022,05:00:00,0,5.586490275,1.951803222,2022-11-04T05:00:00Z
Manchester,2022,04-11-2022,06:00:00,8.012673836,44.70376178,25.49763997,2022-11-04T06:00:00Z
Manchester,2022,04-11-2022,07:00:00,0,12.31634935,9.682542141,2022-11-04T07:00:00Z
Manchester,2022,04-11-2022,08:00:00,13.45269491,42.69742707,22.19429202,2022-11-04T08:00:00Z
Manchester,2022,04-11-2022,09:00:00,0,11.09066287,7.965804228,2022-11-04T09:00:00Z
Manchester,2022,04-11-2022,10:00:00,3.417830809,6.703962983,13.87668334,2022-11-04T10:00:00Z
Manchester,2022,04-11-2022,11:00:00,7.04491158,-5.118015853,16.44878907,2022-11-04T11:00:00Z
Manchester,2022,04-11-2022,12:00:00,11.17448345,19.27418704,24.67423895,2022-11-04T12:00:00Z
Manchester,2022,04-11-2022,13:00:00,0,10.25149617,-1.583545223,2022-11-04T13:00:00Z
Manchester,2022,04-11-2022,14:00:00,7.622677636,15.02371172,14.14797605,2022-11-04T14:00:00Z
Manchester,2022,04-11-2022,15:00:00,0,14.39198338,15.82696379,2022-11-04T15:00:00Z
Manchester,2022,04-11-2022,16:00:00,0,25.03339556,4.902581492,2022-11-04T16:00:00Z
Manchester,2022,04-11-2022,17:00:00,25.54361384,24.81699898,14.75050195,2022-11-04T17:00:00Z
Manchester,2022,04-11-2022,18:00:00,2.89813565,7.456226225,18.98359594,2022-11-04T18:00:00Z
Manchester,2022,04-11-2022,19:00:00,6.120520018,-2.46770891,1.535527724,2022-11-04T19:00:00Z
Manchester,2022,04-11-2022,20:00:00,0,33.09062964,14.12227224,2022-11-04T20:00:00Z
Manchester,2022,04-11-2022,21:00:00,17.00293248,20.22069403,18.62124654,2022-11-04T21:00:00Z
Manchester,2022,04-11-2022,22:00:00,15.91277943,24.26680391,16.64090045,2022-11-04T22:00:00Z
Manchester,2022,04-11-2022,23:00:00,7.023230219,6.923572964,7.219661197,2022-11-04T23:00:00Z
Manchester,2022,05-11-2022,00:00:00,25.15220666,63.04930868,38.39170742,2022-11-05T00:00:00Z
Manchester,2022,05-11-2022,01:00:00,36.30912828,102.5794904,73.19764597,2022-11-05T01:00:00Z
Manchester,2022,05-11-2022,02:00:00,57.12410179,119.698094,88.5797272,2022-11-05T02:00:00Z
Manchester,2022,05-11-2022,03:00:00,45.43046401,117.2098684,78.36179042,2022-11-05T03:00:00Z
Manchester,2022,05-11-2022,04:00:00,42.76955399,102.6944769,80.92657534,2022-11-05T04:00:00Z
Manchester,2022,05-11-2022,05:00:00,46.73450207,93.06639425,75.17058421,2022-11-05T05:00:00Z
Manchester,2022,05-11-2022,06:00:00,44.98121796,129.8278849,88.77926517,2022-11-05T06:00:00Z
Manchester,2022,05-11-2022,07:00:00,43.18124373,106.7204585,82.113767,2022-11-05T07:00:00Z
Manchester,2022,05-11-2022,08:00:00,40.80683614,121.9881531,94.08944123,2022-11-05T08:00:00Z
Manchester,2022,05-11-2022,09:00:00,77.68366741,176.3174628,143.5899274,2022-11-05T09:00:00Z
Manchester,2022,05-11-2022,10:00:00,59.10698983,104.5927025,94.66828109,2022-11-05T10:00:00Z
Manchester,2022,05-11-2022,11:00:00,40.20938299,103.5487664,77.84824388,2022-11-05T11:00:00Z
Manchester,2022,05-11-2022,12:00:00,40.05110471,116.8597544,80.66319166,2022-11-05T12:00:00Z
Manchester,2022,05-11-2022,13:00:00,43.60683026,105.2771106,73.15494096,2022-11-05T13:00:00Z
Manchester,2022,05-11-2022,14:00:00,15.88354356,28.7249809,28.45924197,2022-11-05T14:00:00Z
Manchester,2022,05-11-2022,15:00:00,47.16077361,102.7391964,91.69080178,2022-11-05T15:00:00Z
Manchester,2022,05-11-2022,16:00:00,38.07225199,84.24502743,45.78653552,2022-11-05T16:00:00Z
Manchester,2022,05-11-2022,17:00:00,11.18954554,43.64333598,40.04438134,2022-11-05T17:00:00Z
Manchester,2022,05-11-2022,18:00:00,56.35000122,131.9549132,108.8452833,2022-11-05T18:00:00Z
Manchester,2022,05-11-2022,19:00:00,41.35376379,106.5234526,73.14155417,2022-11-05T19:00:00Z
Manchester,2022,05-11-2022,20:00:00,78.61567829,141.9349479,117.6549425,2022-11-05T20:00:00Z
Manchester,2022,05-11-2022,21:00:00,27.47454928,104.8799325,81.30975143,2022-11-05T21:00:00Z
Manchester,2022,05-11-2022,22:00:00,46.24001995,129.8748918,97.39664327,2022-11-05T22:00:00Z
Manchester,2022,05-11-2022,23:00:00,34.72325968,95.21850388,72.12668831,2022-11-05T23:00:00Z
Manchester,2022,06-11-2022,00:00:00,19.02144481,22.85837014,22.35828043,2022-11-06T00:00:00Z
Manchester,2022,06-11-2022,01:00:00,9.862460246,29.73348105,27.29914049,2022-11-06T01:00:00Z
Manchester,2022,06-11-2022,02:00:00,0,10.30273784,6.278265205,2022-11-06T02:00:00Z
Manchester,2022,06-11-2022,03:00:00,10.6385962,33.94457464,13.15427241,2022-11-06T03:00:00Z
Manchester,2022,06-11-2022,04:00:00,11.26139906,11.48503575,14.69683229,2022-11-06T04:00:00Z
Manchester,2022,06-11-2022,05:00:00,3.866030404,46.32111608,25.55325531,2022-11-06T05:00:00Z
Manchester,2022,06-11-2022,06:00:00,18.79827385,39.92555973,26.29831136,2022-11-06T06:00:00Z
Manchester,2022,06-11-2022,07:00:00,4.463016971,23.52545916,26.25512935,2022-11-06T07:00:00Z
Manchester,2022,06-11-2022,08:00:00,3.699772848,48.55430998,21.29938487,2022-11-06T08:00:00Z
Manchester,2022,06-11-2022,09:00:00,3.292438008,8.964935686,14.03785711,2022-11-06T09:00:00Z
Manchester,2022,06-11-2022,10:00:00,9.796452729,15.02200129,7.532858748,2022-11-06T10:00:00Z
Manchester,2022,06-11-2022,11:00:00,14.09697662,4.293141258,23.81153803,2022-11-06T11:00:00Z
Manchester,2022,06-11-2022,12:00:00,12.32951608,34.54726223,17.60306112,2022-11-06T12:00:00Z
Manchester,2022,06-11-2022,13:00:00,3.795544831,6.78620104,7.451183298,2022-11-06T13:00:00Z
Manchester,2022,06-11-2022,14:00:00,6.211825401,8.760066328,3.054603251,2022-11-06T14:00:00Z
Manchester,2022,06-11-2022,15:00:00,0,28.26224959,16.13852718,2022-11-06T15:00:00Z
Manchester,2022,06-11-2022,16:00:00,3.514923099,28.3578888,15.71266725,2022-11-06T16:00:00Z
Manchester,2022,06-11-2022,17:00:00,0,-2.519280315,12.88432969,2022-11-06T17:00:00Z
Manchester,2022,06-11-2022,18:00:00,5.468613682,26.52002537,15.49773472,2022-11-06T18:00:00Z
Manchester,2022,06-11-2022,19:00:00,5.391752338,-6.036878284,6.971153812,2022-11-06T19:00:00Z
Manchester,2022,06-11-2022,20:00:00,8.743360211,33.9880912,17.96658876,2022-11-06T20:00:00Z
Manchester,2022,06-11-2022,21:00:00,29.3102031,28.70797499,32.7725423,2022-11-06T21:00:00Z
Manchester,2022,06-11-2022,22:00:00,10.41987106,13.71324605,17.22273659,2022-11-06T22:00:00Z
Manchester,2022,06-11-2022,23:00:00,0,8.639478741,5.289096056,2022-11-06T23:00:00Z
Manchester,2022,07-11-2022,00:00:00,0,15.55079789,9.510076138,2022-11-07T00:00:00Z
Manchester,2022,07-11-2022,01:00:00,6.085776968,24.22304048,21.32692875,2022-11-07T01:00:00Z
Manchester,2022,07-11-2022,02:00:00,3.764050811,7.824749904,13.52431601,2022-11-07T02:00:00Z
Manchester,2022,07-11-2022,03:00:00,11.89075191,37.416543,22.02060182,2022-11-07T03:00:00Z
Manchester,2022,07-11-2022,04:00:00,0,4.481638152,6.603072656,2022-11-07T04:00:00Z
Manchester,2022,07-11-2022,05:00:00,10.29956935,16.57609853,17.472790410000002,2022-11-07T05:00:00Z
Manchester,2022,07-11-2022,06:00:00,7.128956521,12.61201453,8.480502111,2022-11-07T06:00:00Z
Manchester,2022,07-11-2022,07:00:00,11.27943226,38.70970439,20.95293882,2022-11-07T07:00:00Z
Manchester,2022,07-11-2022,08:00:00,9.209172914,15.13819855,9.793110226,2022-11-07T08:00:00Z
Manchester,2022,07-11-2022,09:00:00,0,-6.127668833,4.369383133,2022-11-07T09:00:00Z
Manchester,2022,07-11-2022,10:00:00,9.799848919,29.32685574,17.61571204,2022-11-07T10:00:00Z
Manchester,2022,07-11-2022,11:00:00,7.247476248,16.77045726,12.19967978,2022-11-07T11:00:00Z
Manchester,2022,07-11-2022,12:00:00,10.60746048,40.73454964,22.97822542,2022-11-07T12:00:00Z
Manchester,2022,07-11-2022,13:00:00,12.0678115,41.32264972,18.64473338,2022-11-07T13:00:00Z
Manchester,2022,07-11-2022,14:00:00,22.06950579,55.81124441,36.51578573,2022-11-07T14:00:00Z
Manchester,2022,07-11-2022,15:00:00,14.87727475,25.81838501,25.68369748,2022-11-07T15:00:00Z
Manchester,2022,07-11-2022,16:00:00,5.176502776,-10.74618098,0.02906727,2022-11-07T16:00:00Z
Manchester,2022,07-11-2022,17:00:00,26.43058298,28.91208169,20.70442111,2022-11-07T17:00:00Z
Manchester,2022,07-11-2022,18:00:00,14.35802008,6.965604327,18.47637025,2022-11-07T18:00:00Z
Manchester,2022,07-11-2022,19:00:00,24.81965568,56.26920981,37.47443652,2022-11-07T19:00:00Z
Manchester,2022,07-11-2022,20:00:00,8.345588549,1.706885646,10.40379449,2022-11-07T20:00:00Z
Manchester,2022,07-11-2022,21:00:00,0,-2.231027331,1.828508659,2022-11-07T21:00:00Z
Manchester,2022,07-11-2022,22:00:00,0,13.75501447,8.580197633,2022-11-07T22:00:00Z
Manchester,2022,07-11-2022,23:00:00,0,36.35873347,13.5834587,2022-11-07T23:00:00Z
Manchester,2022,08-11-2022,00:00:00,0,24.01759902,8.878077082,2022-11-08T00:00:00Z
Manchester,2022,08-11-2022,01:00:00,13.1953756,41.93650737,22.80905414,2022-11-08T01:00:00Z
Manchester,2022,08-11-2022,02:00:00,9.640110961,11.1048703,9.938248233,2022-11-08T02:00:00Z
Manchester,2022,08-11-2022,03:00:00,22.43104124,31.98502344,14.50904633,2022-11-08T03:00:00Z
Manchester,2022,08-11-2022,04:00:00,9.392048605,20.82440773,13.9738994,2022-11-08T04:00:00Z
Manchester,2022,08-11-2022,05:00:00,19.0937469,35.24397573,35.87520537,2022-11-08T05:00:00Z
Manchester,2022,08-11-2022,06:00:00,9.335489732,1.176200474,16.48560728,2022-11-08T06:00:00Z
Manchester,2022,08-11-2022,07:00:00,12.78775587,43.41786451,29.51403031,2022-11-08T07:00:00Z
Manchester,2022,08-11-2022,08:00:00,2.021680581,10.88493915,23.16744994,2022-11-08T08:00:00Z
Manchester,2022,08-11-2022,09:00:00,0,18.0219966,16.52460943,2022-11-08T09:00:00Z
Manchester,2022,08-11-2022,10:00:00,25.55857677,44.13659549,26.22279833,2022-11-08T10:00:00Z
Manchester,2022,08-11-2022,11:00:00,0,13.86661083,4.13430023,2022-11-08T11:00:00Z
Manchester,2022,08-11-2022,12:00:00,8.916536722,1.289977948,10.34179633,2022-11-08T12:00:00Z
Manchester,2022,08-11-2022,13:00:00,0,8.086078116,11.7880615,2022-11-08T13:00:00Z
Manchester,2022,08-11-2022,14:00:00,0,20.85645195,10.61341963,2022-11-08T14:00:00Z
Manchester,2022,08-11-2022,15:00:00,4.939404256,10.0722858,8.797886764,2022-11-08T15:00:00Z
Manchester,2022,08-11-2022,16:00:00,9.83532964,18.08677022,20.61946883,2022-11-08T16:00:00Z
Manchester,2022,08-11-2022,17:00:00,13.04238222,5.046779387,8.56945267,2022-11-08T17:00:00Z
Manchester,2022,08-11-2022,18:00:00,18.05235713,45.37221001,25.04996787,2022-11-08T18:00:00Z
Manchester,2022,08-11-2022,19:00:00,6.909523815,21.62233968,15.42665794,2022-11-08T19:00:00Z
Manchester,2022,08-11-2022,20:00:00,8.380329643,30.00423604,24.11585303,2022-11-08T20:00:00Z
Manchester,2022,08-11-2022,21:00:00,12.49514087,11.65889652,9.541265662,2022-11-08T21:00:00Z
Manchester,2022,08-11-2022,22:00:00,3.328580311,31.60093261,15.12778737,2022-11-08T22:00:00Z
Manchester,2022,08-11-2022,23:00:00,9.779498325,3.469880944,12.59331122,2022-11-08T23:00:00Z
Manchester,2022,09-11-2022,00:00:00,11.80021492,11.47564282,14.61247276,2022-11-09T00:00:00Z
Manchester,2022,09-11-2022,01:00:00,0,-5.643822772,8.566004339,2022-11-09T01:00:00Z
Manchester,2022,09-11-2022,02:00:00,6.494252494,11.70283141,7.323602457,2022-11-09T02:00:00Z
Manchester,2022,09-11-2022,03:00:00,0,6.643970197,5.701914771,2022-11-09T03:00:00Z
Manchester,2022,09-11-2022,04:00:00,8.845766893,32.73204769,25.6592496,2022-11-09T04:00:00Z
Manchester,2022,09-11-2022,05:00:00,8.396343851,38.19653038,32.1864557,2022-11-09T05:00:00Z
Manchester,2022,09-11-2022,06:00:00,5.188128239,14.5503848,17.21011408,2022-11-09T06:00:00Z
Manchester,2022,09-11-2022,07:00:00,7.879364585,9.047921513,17.58207485,2022-11-09T07:00:00Z
Manchester,2022,09-11-2022,08:00:00,10.73720948,40.77569017,35.58559515,2022-11-09T08:00:00Z
Manchester,2022,09-11-2022,09:00:00,4.14516895,32.8005376,18.76506168,2022-11-09T09:00:00Z
Manchester,2022,09-11-2022,10:00:00,7.165388598,27.99668991,14.6401796,2022-11-09T10:00:00Z
Manchester,2022,09-11-2022,11:00:00,4.858310324,23.15974462,10.44513451,2022-11-09T11:00:00Z
Manchester,2022,09-11-2022,12:00:00,8.704009701,-6.743609112,7.017812216,2022-11-09T12:00:00Z
Manchester,2022,09-11-2022,13:00:00,5.44191625,19.77816803,9.012913696,2022-11-09T13:00:00Z
Manchester,2022,09-11-2022,14:00:00,6.649801545,-0.913344097,7.899252233,2022-11-09T14:00:00Z
Manchester,2022,09-11-2022,15:00:00,16.1041385,19.56412008,17.82661164,2022-11-09T15:00:00Z
Manchester,2022,09-11-2022,16:00:00,12.031378460000001,32.03839754,16.28213214,2022-11-09T16:00:00Z
Manchester,2022,09-11-2022,17:00:00,9.86266468,27.82879068,17.49132949,2022-11-09T17:00:00Z
Manchester,2022,09-11-2022,18:00:00,3.416946364,20.66058649,14.72920316,2022-11-09T18:00:00Z
Manchester,2022,09-11-2022,19:00:00,1.078458031,15.87404675,2.506008082,2022-11-09T19:00:00Z
Manchester,2022,09-11-2022,20:00:00,14.3281726,36.79871609,26.92701204,2022-11-09T20:00:00Z
Manchester,2022,09-11-2022,21:00:00,0,-12.09832879,-4.176040224,2022-11-09T21:00:00Z
Manchester,2022,09-11-2022,22:00:00,0,6.92337709,2.953892909,2022-11-09T22:00:00Z
Manchester,2022,09-11-2022,23:00:00,0,19.51732291,12.24045384,2022-11-09T23:00:00Z
Manchester,2022,10-11-2022,00:00:00,16.87509363,24.18868497,20.78501954,2022-11-10T00:00:00Z
Manchester,2022,10-11-2022,01:00:00,0.484007213,24.93418049,16.37582889,2022-11-10T01:00:00Z
Manchester,2022,10-11-2022,02:00:00,8.806875923,19.8473686,20.85056604,2022-11-10T02:00:00Z
Manchester,2022,10-11-2022,03:00:00,8.982081766,3.129945002,14.5636132,2022-11-10T03:00:00Z
Manchester,2022,10-11-2022,04:00:00,16.19456374,24.93501977,26.4986139,2022-11-10T04:00:00Z
Manchester,2022,10-11-2022,05:00:00,12.98903263,11.8239116,12.02819377,2022-11-10T05:00:00Z
Manchester,2022,10-11-2022,06:00:00,0.57683521,23.60538229,9.150078094,2022-11-10T06:00:00Z
Manchester,2022,10-11-2022,07:00:00,0,3.489026142,15.54732721,2022-11-10T07:00:00Z
Manchester,2022,10-11-2022,08:00:00,13.88246066,10.51208592,15.4820026,2022-11-10T08:00:00Z
Manchester,2022,10-11-2022,09:00:00,1.515177741,11.94206527,11.58474365,2022-11-10T09:00:00Z
Manchester,2022,10-11-2022,10:00:00,11.41194091,48.35585234,23.82660088,2022-11-10T10:00:00Z
Manchester,2022,10-11-2022,11:00:00,0,-6.621867137,-2.088331733,2022-11-10T11:00:00Z
Manchester,2022,10-11-2022,12:00:00,0,-8.093660557,1.273582284,2022-11-10T12:00:00Z
Manchester,2022,10-11-2022,13:00:00,6.552139502,38.805333160000004,21.56285545,2022-11-10T13:00:00Z
Manchester,2022,10-11-2022,14:00:00,14.18952354,24.04018645,14.04932365,2022-11-10T14:00:00Z
Manchester,2022,10-11-2022,15:00:00,1.256901242,2.066166124,-3.284431718,2022-11-10T15:00:00Z
Manchester,2022,10-11-2022,16:00:00,15.46142461,29.74334121,17.03079157,2022-11-10T16:00:00Z
Manchester,2022,10-11-2022,17:00:00,12.37517525,-2.048528623,6.679532104,2022-11-10T17:00:00Z
Manchester,2022,10-11-2022,18:00:00,5.991900882,15.05002079,4.171546961,2022-11-10T18:00:00Z
Manchester,2022,10-11-2022,19:00:00,11.50320474,12.98026101,12.71159571,2022-11-10T19:00:00Z
Manchester,2022,10-11-2022,20:00:00,0,-8.012419037,-1.947854299,2022-11-10T20:00:00Z
Manchester,2022,10-11-2022,21:00:00,8.582374787,36.69452493,20.92034273,2022-11-10T21:00:00Z
Manchester,2022,10-11-2022,22:00:00,0,6.645840104,1.318612672,2022-11-10T22:00:00Z
Manchester,2022,10-11-2022,23:00:00,6.268185444,13.81738243,18.87704894,2022-11-10T23:00:00Z
Manchester,2023,01-11-2023,00:00:00,4.160582809,26.82452817,17.1100404,2023-11-01T00:00:00Z
Manchester,2023,01-11-2023,01:00:00,13.84544258,29.54387025,21.06732682,2023-11-01T01:00:00Z
Manchester,2023,01-11-2023,02:00:00,5.113740738,30.89552376,19.21811697,2023-11-01T02:00:00Z
Manchester,2023,01-11-2023,03:00:00,21.81524428,30.82495473,26.33432451,2023-11-01T03:00:00Z
Manchester,2023,01-11-2023,04:00:00,18.43564686,44.72013632,25.3657139,2023-11-01T04:00:00Z
Manchester,2023,01-11-2023,05:00:00,10.32903592,22.33705796,19.09359589,2023-11-01T05:00:00Z
Manchester,2023,01-11-2023,06:00:00,13.82961723,35.91654327,18.17023781,2023-11-01T06:00:00Z
Manchester,2023,01-11-2023,07:00:00,2.824480441,2.065327271,12.44119797,2023-11-01T07:00:00Z
Manchester,2023,01-11-2023,08:00:00,4.929177044,24.45399441,18.30455348,2023-11-01T08:00:00Z
Manchester,2023,01-11-2023,09:00:00,7.561325476,22.78985066,13.62692192,2023-11-01T09:00:00Z
Manchester,2023,01-11-2023,10:00:00,8.125443443,17.6729915,21.48447246,2023-11-01T10:00:00Z
Manchester,2023,01-11-2023,11:00:00,17.86262304,25.07499867,18.11087031,2023-11-01T11:00:00Z
Manchester,2023,01-11-2023,12:00:00,11.72006108,12.76018995,8.599339072,2023-11-01T12:00:00Z
Manchester,2023,01-11-2023,13:00:00,9.698261036,37.0138755,21.76725892,2023-11-01T13:00:00Z
Manchester,2023,01-11-2023,14:00:00,8.342249424,8.785058012,14.81090459,2023-11-01T14:00:00Z
Manchester,2023,01-11-2023,15:00:00,11.47678933,26.95182598,16.94292952,2023-11-01T15:00:00Z
Manchester,2023,01-11-2023,16:00:00,2.251412754,34.28395816,19.82861688,2023-11-01T16:00:00Z
Manchester,2023,01-11-2023,17:00:00,1.409065161,13.00921779,0.95383325,2023-11-01T17:00:00Z
Manchester,2023,01-11-2023,18:00:00,5.233115267,9.814790109,7.330331544,2023-11-01T18:00:00Z
Manchester,2023,01-11-2023,19:00:00,8.561254235,7.888914748,10.7716351,2023-11-01T19:00:00Z
Manchester,2023,01-11-2023,20:00:00,3.309661812,11.72671189,13.25167205,2023-11-01T20:00:00Z
Manchester,2023,01-11-2023,21:00:00,5.255653286,34.66451254,10.95764732,2023-11-01T21:00:00Z
Manchester,2023,01-11-2023,22:00:00,6.338201969,13.68564729,16.63170286,2023-11-01T22:00:00Z
Manchester,2023,01-11-2023,23:00:00,0,1.938701516,8.787526524,2023-11-01T23:00:00Z
Manchester,2023,02-11-2023,00:00:00,14.84519788,38.32441981,20.50703017,2023-11-02T00:00:00Z
Manchester,2023,02-11-2023,01:00:00,4.995733429,11.74909225,9.288825321,2023-11-02T01:00:00Z
Manchester,2023,02-11-2023,02:00:00,9.462686898,10.44191592,8.423591555,2023-11-02T02:00:00Z
Manchester,2023,02-11-2023,03:00:00,8.659049736,13.08603903,16.05405463,2023-11-02T03:00:00Z
Manchester,2023,02-11-2023,04:00:00,2.469195191,-11.47513216,4.990658404,2023-11-02T04:00:00Z
Manchester,2023,02-11-2023,05:00:00,18.1854296,24.90437106,24.47569048,2023-11-02T05:00:00Z
Manchester,2023,02-11-2023,06:00:00,7.802694609,10.55846425,9.021013872,2023-11-02T06:00:00Z
Manchester,2023,02-11-2023,07:00:00,9.004898113,6.28142952,7.954827129,2023-11-02T07:00:00Z
Manchester,2023,02-11-2023,08:00:00,6.464861799,40.91435021,21.00760024,2023-11-02T08:00:00Z
Manchester,2023,02-11-2023,09:00:00,17.07509034,30.31107394,22.59045732,2023-11-02T09:00:00Z
Manchester,2023,02-11-2023,10:00:00,4.466324407,27.85674561,15.01515997,2023-11-02T10:00:00Z
Manchester,2023,02-11-2023,11:00:00,11.76598373,33.87818355,22.62425681,2023-11-02T11:00:00Z
Manchester,2023,02-11-2023,12:00:00,7.951710008,-1.08658811,13.00142236,2023-11-02T12:00:00Z
Manchester,2023,02-11-2023,13:00:00,0,25.29940577,12.78761809,2023-11-02T13:00:00Z
Manchester,2023,02-11-2023,14:00:00,14.49361609,9.606369149,15.47622459,2023-11-02T14:00:00Z
Manchester,2023,02-11-2023,15:00:00,6.705951409,24.93220658,21.1089049,2023-11-02T15:00:00Z
Manchester,2023,02-11-2023,16:00:00,6.450457756,2.68436668,10.57226344,2023-11-02T16:00:00Z
Manchester,2023,02-11-2023,17:00:00,4.098952724,12.52105653,13.59887207,2023-11-02T17:00:00Z
Manchester,2023,02-11-2023,18:00:00,14.36331495,27.39051964,21.12659136,2023-11-02T18:00:00Z
Manchester,2023,02-11-2023,19:00:00,3.272133642,10.48857471,2.576767877,2023-11-02T19:00:00Z
Manchester,2023,02-11-2023,20:00:00,4.690766081,1.473936618,6.601720101,2023-11-02T20:00:00Z
Manchester,2023,02-11-2023,21:00:00,7.484402931,28.45837851,22.39090281,2023-11-02T21:00:00Z
Manchester,2023,02-11-2023,22:00:00,5.932899814,25.07795584,19.92267909,2023-11-02T22:00:00Z
Manchester,2023,02-11-2023,23:00:00,0,-9.827763387,5.977126475,2023-11-02T23:00:00Z
Manchester,2023,03-11-2023,00:00:00,17.95588662,39.45511788,19.21597669,2023-11-03T00:00:00Z
Manchester,2023,03-11-2023,01:00:00,7.069635602,29.91838363,15.79491184,2023-11-03T01:00:00Z
Manchester,2023,03-11-2023,02:00:00,2.724103245,26.60240513,9.42249412,2023-11-03T02:00:00Z
Manchester,2023,03-11-2023,03:00:00,0,16.02005364,15.06270514,2023-11-03T03:00:00Z
Manchester,2023,03-11-2023,04:00:00,6.3602482910000004,37.71591589,26.13857901,2023-11-03T04:00:00Z
Manchester,2023,03-11-2023,05:00:00,6.993261423,11.62007692,15.88342698,2023-11-03T05:00:00Z
Manchester,2023,03-11-2023,06:00:00,0,18.25696101,14.32059431,2023-11-03T06:00:00Z
Manchester,2023,03-11-2023,07:00:00,7.481033541,17.76187831,15.73912787,2023-11-03T07:00:00Z
Manchester,2023,03-11-2023,08:00:00,21.50961775,15.40437238,26.61229839,2023-11-03T08:00:00Z
Manchester,2023,03-11-2023,09:00:00,9.297226209,4.227414001,0.672786584,2023-11-03T09:00:00Z
Manchester,2023,03-11-2023,10:00:00,2.454321592,16.797804759999998,14.16313636,2023-11-03T10:00:00Z
Manchester,2023,03-11-2023,11:00:00,6.509196312,38.26673427,25.29934113,2023-11-03T11:00:00Z
Manchester,2023,03-11-2023,12:00:00,2.516679864,10.17540431,-0.563534041,2023-11-03T12:00:00Z
Manchester,2023,03-11-2023,13:00:00,31.22903168,44.44116133,30.08787093,2023-11-03T13:00:00Z
Manchester,2023,03-11-2023,14:00:00,7.825230321,14.47571323,6.813114962,2023-11-03T14:00:00Z
Manchester,2023,03-11-2023,15:00:00,5.505923351,18.18899494,12.06169199,2023-11-03T15:00:00Z
Manchester,2023,03-11-2023,16:00:00,9.559696281,10.14746838,13.62407601,2023-11-03T16:00:00Z
Manchester,2023,03-11-2023,17:00:00,6.569707789,30.33831278,17.52121175,2023-11-03T17:00:00Z
Manchester,2023,03-11-2023,18:00:00,9.946120545,-2.430767481,7.260891547,2023-11-03T18:00:00Z
Manchester,2023,03-11-2023,19:00:00,3.758291295,26.15514786,23.74690163,2023-11-03T19:00:00Z
Manchester,2023,03-11-2023,20:00:00,1.196499626,4.332993184,14.08060375,2023-11-03T20:00:00Z
Manchester,2023,03-11-2023,21:00:00,1.721494967,28.27396203,20.47138585,2023-11-03T21:00:00Z
Manchester,2023,03-11-2023,22:00:00,12.92452419,5.008933111,20.16819629,2023-11-03T22:00:00Z
Manchester,2023,03-11-2023,23:00:00,9.994442776,29.60528474,22.87356477,2023-11-03T23:00:00Z
Manchester,2023,04-11-2023,00:00:00,16.19722907,25.9186942,23.296559769999998,2023-11-04T00:00:00Z
Manchester,2023,04-11-2023,01:00:00,0,3.124179036,0.353605068,2023-11-04T01:00:00Z
Manchester,2023,04-11-2023,02:00:00,3.620500808,19.01085846,13.79570673,2023-11-04T02:00:00Z
Manchester,2023,04-11-2023,03:00:00,0,7.314990875,-4.338985086,2023-11-04T03:00:00Z
Manchester,2023,04-11-2023,04:00:00,16.73816887,21.29743282,23.19643721,2023-11-04T04:00:00Z
Manchester,2023,04-11-2023,05:00:00,11.7980537,47.84758652,30.54961948,2023-11-04T05:00:00Z
Manchester,2023,04-11-2023,06:00:00,7.484864944,29.67934815,20.95906056,2023-11-04T06:00:00Z
Manchester,2023,04-11-2023,07:00:00,15.39925266,-12.04696265,9.066210242,2023-11-04T07:00:00Z
Manchester,2023,04-11-2023,08:00:00,20.89915431,40.00852997,22.8710591,2023-11-04T08:00:00Z
Manchester,2023,04-11-2023,09:00:00,12.07790272,14.64691905,12.6758837,2023-11-04T09:00:00Z
Manchester,2023,04-11-2023,10:00:00,9.308543706,24.00928158,15.69723932,2023-11-04T10:00:00Z
Manchester,2023,04-11-2023,11:00:00,0.934893642,-8.794693746,2.711354074,2023-11-04T11:00:00Z
Manchester,2023,04-11-2023,12:00:00,0,1.343000833,7.631859601,2023-11-04T12:00:00Z
Manchester,2023,04-11-2023,13:00:00,3.014959283,23.46484738,10.888674,2023-11-04T13:00:00Z
Manchester,2023,04-11-2023,14:00:00,1.401525086,14.00079475,11.33601419,2023-11-04T14:00:00Z
Manchester,2023,04-11-2023,15:00:00,19.97284518,50.43400813,25.74744013,2023-11-04T15:00:00Z
Manchester,2023,04-11-2023,16:00:00,19.78530744,27.78365353,23.40620317,2023-11-04T16:00:00Z
Manchester,2023,04-11-2023,17:00:00,0,9.558965288,5.74132459,2023-11-04T17:00:00Z
Manchester,2023,04-11-2023,18:00:00,12.92913734,24.69927431,15.44235053,2023-11-04T18:00:00Z
Manchester,2023,04-11-2023,19:00:00,18.72694507,24.1082424,15.19690602,2023-11-04T19:00:00Z
Manchester,2023,04-11-2023,20:00:00,12.5464563,4.320976118,16.32361217,2023-11-04T20:00:00Z
Manchester,2023,04-11-2023,21:00:00,5.963184907,-6.510308522,6.778071845,2023-11-04T21:00:00Z
Manchester,2023,04-11-2023,22:00:00,8.346451125,6.519104487,9.911311766,2023-11-04T22:00:00Z
Manchester,2023,04-11-2023,23:00:00,15.4938935,4.703894755,19.71329969,2023-11-04T23:00:00Z
Manchester,2023,05-11-2023,00:00:00,37.81353323,114.9433543,94.55217451,2023-11-05T00:00:00Z
Manchester,2023,05-11-2023,01:00:00,58.05717123,130.4892939,93.93715676,2023-11-05T01:00:00Z
Manchester,2023,05-11-2023,02:00:00,53.92070652,127.6126491,92.87905579,2023-11-05T02:00:00Z
Manchester,2023,05-11-2023,03:00:00,47.41895341,99.53206453,73.97725072,2023-11-05T03:00:00Z
Manchester,2023,05-11-2023,04:00:00,57.02526331,112.024745,81.34958004,2023-11-05T04:00:00Z
Manchester,2023,05-11-2023,05:00:00,55.33620874,123.0103309,93.30130088,2023-11-05T05:00:00Z
Manchester,2023,05-11-2023,06:00:00,57.4568854,114.6428213,86.91383543,2023-11-05T06:00:00Z
Manchester,2023,05-11-2023,07:00:00,46.31795731,106.4454646,69.6911416,2023-11-05T07:00:00Z
Manchester,2023,05-11-2023,08:00:00,44.02332989,115.0055945,78.66165458,2023-11-05T08:00:00Z
Manchester,2023,05-11-2023,09:00:00,44.7417161,116.3728059,84.27156359,2023-11-05T09:00:00Z
Manchester,2023,05-11-2023,10:00:00,62.04654417,138.7789968,104.2764447,2023-11-05T10:00:00Z
Manchester,2023,05-11-2023,11:00:00,52.79889647,97.28306885,70.02837843,2023-11-05T11:00:00Z
Manchester,2023,05-11-2023,12:00:00,80.3638784,168.5152836,133.7104229,2023-11-05T12:00:00Z
Manchester,2023,05-11-2023,13:00:00,71.46117985,179.3544869,135.5317492,2023-11-05T13:00:00Z
Manchester,2023,05-11-2023,14:00:00,24.78562693,76.27143454,53.86000772,2023-11-05T14:00:00Z
Manchester,2023,05-11-2023,15:00:00,56.30935718,122.310566,85.70105245,2023-11-05T15:00:00Z
Manchester,2023,05-11-2023,16:00:00,30.1316685,64.65535334,55.02945546,2023-11-05T16:00:00Z
Manchester,2023,05-11-2023,17:00:00,26.52317056,44.61398859,39.96594978,2023-11-05T17:00:00Z
Manchester,2023,05-11-2023,18:00:00,36.85270779,52.1069206,53.22511165,2023-11-05T18:00:00Z
Manchester,2023,05-11-2023,19:00:00,61.53469072,153.4859089,124.0852832,2023-11-05T19:00:00Z
Manchester,2023,05-11-2023,20:00:00,50.9305425,109.4521137,90.68459577,2023-11-05T20:00:00Z
Manchester,2023,05-11-2023,21:00:00,45.13172099,116.945872,98.4649671,2023-11-05T21:00:00Z
Manchester,2023,05-11-2023,22:00:00,63.31368437,158.6093549,118.8035572,2023-11-05T22:00:00Z
Manchester,2023,05-11-2023,23:00:00,65.68344242,131.0847192,110.1685314,2023-11-05T23:00:00Z
Manchester,2023,06-11-2023,00:00:00,5.519633632,21.81334786,12.8161238,2023-11-06T00:00:00Z
Manchester,2023,06-11-2023,01:00:00,4.705960636,25.46807654,18.2338104,2023-11-06T01:00:00Z
Manchester,2023,06-11-2023,02:00:00,6.376878956,-0.701972706,3.5282269,2023-11-06T02:00:00Z
Manchester,2023,06-11-2023,03:00:00,19.93577499,23.14065422,13.85294339,2023-11-06T03:00:00Z
Manchester,2023,06-11-2023,04:00:00,6.425669921,30.87322378,12.19771141,2023-11-06T04:00:00Z
Manchester,2023,06-11-2023,05:00:00,0,6.867807734,8.875018126,2023-11-06T05:00:00Z
Manchester,2023,06-11-2023,06:00:00,9.263845272,10.15372795,12.6118267,2023-11-06T06:00:00Z
Manchester,2023,06-11-2023,07:00:00,3.295702584,41.40038402,8.931877353,2023-11-06T07:00:00Z
Manchester,2023,06-11-2023,08:00:00,0,12.62020222,16.86710035,2023-11-06T08:00:00Z
Manchester,2023,06-11-2023,09:00:00,9.648983379,22.42432361,14.83064419,2023-11-06T09:00:00Z
Manchester,2023,06-11-2023,10:00:00,9.765845773,23.07693116,12.9573054,2023-11-06T10:00:00Z
Manchester,2023,06-11-2023,11:00:00,0.64637705,4.185294975,7.169980666,2023-11-06T11:00:00Z
Manchester,2023,06-11-2023,12:00:00,0,26.1388629,4.322053637,2023-11-06T12:00:00Z
Manchester,2023,06-11-2023,13:00:00,11.73191855,5.518416777,11.90719689,2023-11-06T13:00:00Z
Manchester,2023,06-11-2023,14:00:00,20.76202933,16.0377385,29.09606444,2023-11-06T14:00:00Z
Manchester,2023,06-11-2023,15:00:00,5.826896972,14.48284875,12.97890009,2023-11-06T15:00:00Z
Manchester,2023,06-11-2023,16:00:00,6.978864529,33.61004545,16.940357,2023-11-06T16:00:00Z
Manchester,2023,06-11-2023,17:00:00,7.201218909,12.6313541,17.51087951,2023-11-06T17:00:00Z
Manchester,2023,06-11-2023,18:00:00,7.395724653,13.28698878,0.603854192,2023-11-06T18:00:00Z
Manchester,2023,06-11-2023,19:00:00,0,16.38632932,7.803288818,2023-11-06T19:00:00Z
Manchester,2023,06-11-2023,20:00:00,15.48285765,55.80123192,27.84151707,2023-11-06T20:00:00Z
Manchester,2023,06-11-2023,21:00:00,0.083343991,5.024077233,2.467723533,2023-11-06T21:00:00Z
Manchester,2023,06-11-2023,22:00:00,6.948108671,1.777932409,13.7726392,2023-11-06T22:00:00Z
Manchester,2023,06-11-2023,23:00:00,13.79868987,41.32948702,27.75733679,2023-11-06T23:00:00Z
Manchester,2023,07-11-2023,00:00:00,7.86236635,20.08019766,16.29868156,2023-11-07T00:00:00Z
Manchester,2023,07-11-2023,01:00:00,8.042359708,32.07543952,25.58468164,2023-11-07T01:00:00Z
Manchester,2023,07-11-2023,02:00:00,31.97352395,35.74730037,39.58558877,2023-11-07T02:00:00Z
Manchester,2023,07-11-2023,03:00:00,3.364686622,9.816762974,6.300580986,2023-11-07T03:00:00Z
Manchester,2023,07-11-2023,04:00:00,7.501554869,26.78459925,16.76137514,2023-11-07T04:00:00Z
Manchester,2023,07-11-2023,05:00:00,15.4042236,34.21964409,21.06981829,2023-11-07T05:00:00Z
Manchester,2023,07-11-2023,06:00:00,12.50069525,38.09161548,19.73095725,2023-11-07T06:00:00Z
Manchester,2023,07-11-2023,07:00:00,5.837372343,14.45632685,22.84503964,2023-11-07T07:00:00Z
Manchester,2023,07-11-2023,08:00:00,4.086768535,41.27632456,27.75232288,2023-11-07T08:00:00Z
Manchester,2023,07-11-2023,09:00:00,6.109417511,15.37791379,8.053253126,2023-11-07T09:00:00Z
Manchester,2023,07-11-2023,10:00:00,11.83020458,36.05446747,16.85073542,2023-11-07T10:00:00Z
Manchester,2023,07-11-2023,11:00:00,9.682744886,19.48579583,26.48636674,2023-11-07T11:00:00Z
Manchester,2023,07-11-2023,12:00:00,16.78131462,21.01193507,18.19099094,2023-11-07T12:00:00Z
Manchester,2023,07-11-2023,13:00:00,6.059741642,14.17973384,11.14863195,2023-11-07T13:00:00Z
Manchester,2023,07-11-2023,14:00:00,12.52229924,-7.927722983,5.462004476,2023-11-07T14:00:00Z
Manchester,2023,07-11-2023,15:00:00,2.884684606,16.7286313,21.35517765,2023-11-07T15:00:00Z
Manchester,2023,07-11-2023,16:00:00,11.21721168,3.050460442,12.13486961,2023-11-07T16:00:00Z
Manchester,2023,07-11-2023,17:00:00,0,-2.68966743,-2.87526826,2023-11-07T17:00:00Z
Manchester,2023,07-11-2023,18:00:00,17.6521928,30.26393223,15.65879526,2023-11-07T18:00:00Z
Manchester,2023,07-11-2023,19:00:00,14.41782336,31.21082486,24.16012065,2023-11-07T19:00:00Z
Manchester,2023,07-11-2023,20:00:00,17.65208948,44.97455349,24.29222243,2023-11-07T20:00:00Z
Manchester,2023,07-11-2023,21:00:00,0.470860277,8.905117522,11.37743909,2023-11-07T21:00:00Z
Manchester,2023,07-11-2023,22:00:00,22.13504025,22.39754485,12.87611383,2023-11-07T22:00:00Z
Manchester,2023,07-11-2023,23:00:00,0,34.09863145,10.48739991,2023-11-07T23:00:00Z
Manchester,2023,08-11-2023,00:00:00,7.966231692,22.82816601,11.85515124,2023-11-08T00:00:00Z
Manchester,2023,08-11-2023,01:00:00,5.182684022,-5.56334126,10.20868167,2023-11-08T01:00:00Z
Manchester,2023,08-11-2023,02:00:00,5.88297992,17.51102897,18.40817401,2023-11-08T02:00:00Z
Manchester,2023,08-11-2023,03:00:00,9.029246402,13.2452674,15.02216917,2023-11-08T03:00:00Z
Manchester,2023,08-11-2023,04:00:00,5.540485168,5.790200651,10.66165028,2023-11-08T04:00:00Z
Manchester,2023,08-11-2023,05:00:00,10.93927093,30.14383299,15.77629545,2023-11-08T05:00:00Z
Manchester,2023,08-11-2023,06:00:00,13.73741848,4.329760292,10.98745201,2023-11-08T06:00:00Z
Manchester,2023,08-11-2023,07:00:00,7.4504819,10.22541254,17.82741371,2023-11-08T07:00:00Z
Manchester,2023,08-11-2023,08:00:00,6.199681077,33.51743669,12.91321761,2023-11-08T08:00:00Z
Manchester,2023,08-11-2023,09:00:00,9.633478274,28.00327911,19.43080866,2023-11-08T09:00:00Z
Manchester,2023,08-11-2023,10:00:00,2.020680486,13.02957273,15.67303577,2023-11-08T10:00:00Z
Manchester,2023,08-11-2023,11:00:00,15.45879493,26.25716537,14.48374264,2023-11-08T11:00:00Z
Manchester,2023,08-11-2023,12:00:00,1.032750063,18.17940958,14.36866537,2023-11-08T12:00:00Z
Manchester,2023,08-11-2023,13:00:00,9.071454886,15.11868975,20.36007465,2023-11-08T13:00:00Z
Manchester,2023,08-11-2023,14:00:00,5.99532585,9.622095984,11.1002152,2023-11-08T14:00:00Z
Manchester,2023,08-11-2023,15:00:00,3.145126539,-10.41170543,2.416642987,2023-11-08T15:00:00Z
Manchester,2023,08-11-2023,16:00:00,6.874950075,36.07936968,15.45071401,2023-11-08T16:00:00Z
Manchester,2023,08-11-2023,17:00:00,5.631515451,21.2017896,10.85178648,2023-11-08T17:00:00Z
Manchester,2023,08-11-2023,18:00:00,23.84563984,38.82348654,26.11270454,2023-11-08T18:00:00Z
Manchester,2023,08-11-2023,19:00:00,14.0597986,20.57936444,21.09925652,2023-11-08T19:00:00Z
Manchester,2023,08-11-2023,20:00:00,3.44663899,11.84433596,7.603064863,2023-11-08T20:00:00Z
Manchester,2023,08-11-2023,21:00:00,0,-6.170604599,-1.61686979,2023-11-08T21:00:00Z
Manchester,2023,08-11-2023,22:00:00,6.028775303,-2.379115196,-2.719532989,2023-11-08T22:00:00Z
Manchester,2023,08-11-2023,23:00:00,3.620975207,14.83238483,4.86783355,2023-11-08T23:00:00Z
Manchester,2023,09-11-2023,00:00:00,3.443558547,8.408882859,11.44396763,2023-11-09T00:00:00Z
Manchester,2023,09-11-2023,01:00:00,1.269007109,12.74284263,19.31926827,2023-11-09T01:00:00Z
Manchester,2023,09-11-2023,02:00:00,10.33606445,30.04071292,11.52195439,2023-11-09T02:00:00Z
Manchester,2023,09-11-2023,03:00:00,13.20013243,23.98227398,18.67441349,2023-11-09T03:00:00Z
Manchester,2023,09-11-2023,04:00:00,2.383205896,16.15039934,11.62862374,2023-11-09T04:00:00Z
Manchester,2023,09-11-2023,05:00:00,8.438636883,46.51903828,15.78565039,2023-11-09T05:00:00Z
Manchester,2023,09-11-2023,06:00:00,9.363078559,13.27103227,15.58226659,2023-11-09T06:00:00Z
Manchester,2023,09-11-2023,07:00:00,3.654569449,30.40456639,18.815389,2023-11-09T07:00:00Z
Manchester,2023,09-11-2023,08:00:00,7.790567647,20.00293518,19.56872285,2023-11-09T08:00:00Z
Manchester,2023,09-11-2023,09:00:00,8.820539169,10.27081243,9.33577033,2023-11-09T09:00:00Z
Manchester,2023,09-11-2023,10:00:00,15.00713695,22.893088,22.82057546,2023-11-09T10:00:00Z
Manchester,2023,09-11-2023,11:00:00,12.89494973,34.61782021,19.97769381,2023-11-09T11:00:00Z
Manchester,2023,09-11-2023,12:00:00,10.6888258,28.17277268,19.5494949,2023-11-09T12:00:00Z
Manchester,2023,09-11-2023,13:00:00,9.233865899,26.33493824,19.3355832,2023-11-09T13:00:00Z
Manchester,2023,09-11-2023,14:00:00,10.05207659,24.85955268,19.43808383,2023-11-09T14:00:00Z
Manchester,2023,09-11-2023,15:00:00,8.344153208,20.73772752,17.67214179,2023-11-09T15:00:00Z
Manchester,2023,09-11-2023,16:00:00,16.36113118,49.64713538,30.71050521,2023-11-09T16:00:00Z
Manchester,2023,09-11-2023,17:00:00,2.323674358,-2.044440974,7.795146693,2023-11-09T17:00:00Z
Manchester,2023,09-11-2023,18:00:00,3.662451883,18.78566079,20.03475623,2023-11-09T18:00:00Z
Manchester,2023,09-11-2023,19:00:00,9.733952818,38.64010987,21.0026967,2023-11-09T19:00:00Z
Manchester,2023,09-11-2023,20:00:00,16.7443527,37.5783493,21.54038601,2023-11-09T20:00:00Z
Manchester,2023,09-11-2023,21:00:00,8.928098503,19.75498534,19.3978417,2023-11-09T21:00:00Z
Manchester,2023,09-11-2023,22:00:00,8.542050282,23.75444083,19.07775985,2023-11-09T22:00:00Z
Manchester,2023,09-11-2023,23:00:00,18.46720594,-3.53589451,10.44065712,2023-11-09T23:00:00Z
Manchester,2023,10-11-2023,00:00:00,25.47539544,44.15682727,33.01868822,2023-11-10T00:00:00Z
Manchester,2023,10-11-2023,01:00:00,10.07270942,9.999082291,16.33232299,2023-11-10T01:00:00Z
Manchester,2023,10-11-2023,02:00:00,16.13758093,13.35027653,19.86886168,2023-11-10T02:00:00Z
Manchester,2023,10-11-2023,03:00:00,9.655976812,10.01317154,11.68351558,2023-11-10T03:00:00Z
Manchester,2023,10-11-2023,04:00:00,7.063634529,3.698645664,11.28004248,2023-11-10T04:00:00Z
Manchester,2023,10-11-2023,05:00:00,4.099239655,10.32099284,9.718144492,2023-11-10T05:00:00Z
Manchester,2023,10-11-2023,06:00:00,7.43377307,34.86889355,28.22152387,2023-11-10T06:00:00Z
Manchester,2023,10-11-2023,07:00:00,9.424981646,24.97578152,10.26174435,2023-11-10T07:00:00Z
Manchester,2023,10-11-2023,08:00:00,2.244812114,27.39968261,12.73039536,2023-11-10T08:00:00Z
Manchester,2023,10-11-2023,09:00:00,11.00874993,10.22323569,24.84940122,2023-11-10T09:00:00Z
Manchester,2023,10-11-2023,10:00:00,14.65641064,40.93672343,12.22575109,2023-11-10T10:00:00Z
Manchester,2023,10-11-2023,11:00:00,0.308488844,7.800399359,-0.654674657,2023-11-10T11:00:00Z
Manchester,2023,10-11-2023,12:00:00,5.594646802,29.01513119,14.53623629,2023-11-10T12:00:00Z
Manchester,2023,10-11-2023,13:00:00,9.086028278,26.90206089,17.48496661,2023-11-10T13:00:00Z
Manchester,2023,10-11-2023,14:00:00,6.928981213,17.45109043,21.48020249,2023-11-10T14:00:00Z
Manchester,2023,10-11-2023,15:00:00,10.51464352,15.28218597,28.06445189,2023-11-10T15:00:00Z
Manchester,2023,10-11-2023,16:00:00,0.724086036,-0.192258326,10.83817958,2023-11-10T16:00:00Z
Manchester,2023,10-11-2023,17:00:00,25.44476432,25.52825045,30.918629,2023-11-10T17:00:00Z
Manchester,2023,10-11-2023,18:00:00,19.87973371,56.49193236,23.76506594,2023-11-10T18:00:00Z
Manchester,2023,10-11-2023,19:00:00,7.36161479,20.56035802,11.91705687,2023-11-10T19:00:00Z
Manchester,2023,10-11-2023,20:00:00,17.27463386,-1.41916014,5.690877193,2023-11-10T20:00:00Z
Manchester,2023,10-11-2023,21:00:00,16.37718635,27.92104597,28.99656839,2023-11-10T21:00:00Z
Manchester,2023,10-11-2023,22:00:00,0,12.20090167,17.52166666,2023-11-10T22:00:00Z
Manchester,2023,10-11-2023,23:00:00,10.51231285,-5.159957537,6.396627612,2023-11-10T23:00:00Z
Manchester,2024,01-11-2024,00:00:00,10.18307334,22.34365661,13.01763957,2024-11-01T00:00:00Z
Manchester,2024,01-11-2024,01:00:00,0.002207005,9.633597078,9.847740482,2024-11-01T01:00:00Z
Manchester,2024,01-11-2024,02:00:00,14.15979342,16.15515584,19.11434505,2024-11-01T02:00:00Z
Manchester,2024,01-11-2024,03:00:00,0,-1.872163403,-13.27077182,2024-11-01T03:00:00Z
Manchester,2024,01-11-2024,04:00:00,1.277655922,-6.481438814,8.534331366,2024-11-01T04:00:00Z
Manchester,2024,01-11-2024,05:00:00,8.365435998,21.27595596,14.08801264,2024-11-01T05:00:00Z
Manchester,2024,01-11-2024,06:00:00,0,-14.6333996,-3.021944714,2024-11-01T06:00:00Z
Manchester,2024,01-11-2024,07:00:00,10.15860766,29.63080448,21.17055932,2024-11-01T07:00:00Z
Manchester,2024,01-11-2024,08:00:00,19.08571179,13.3056314,14.72816817,2024-11-01T08:00:00Z
Manchester,2024,01-11-2024,09:00:00,0,17.52624435,5.337905446,2024-11-01T09:00:00Z
Manchester,2024,01-11-2024,10:00:00,7.211097014,20.33390857,10.76226571,2024-11-01T10:00:00Z
Manchester,2024,01-11-2024,11:00:00,6.248007284,4.450428811,10.38226195,2024-11-01T11:00:00Z
Manchester,2024,01-11-2024,12:00:00,8.328880338,1.215091808,7.632711203,2024-11-01T12:00:00Z
Manchester,2024,01-11-2024,13:00:00,0.603715837,20.08122885,6.995062385,2024-11-01T13:00:00Z
Manchester,2024,01-11-2024,14:00:00,11.26892751,10.63847724,4.262599827,2024-11-01T14:00:00Z
Manchester,2024,01-11-2024,15:00:00,11.93767068,32.87015047,27.05123743,2024-11-01T15:00:00Z
Manchester,2024,01-11-2024,16:00:00,18.7182295,28.44505547,20.85569812,2024-11-01T16:00:00Z
Manchester,2024,01-11-2024,17:00:00,9.534730172,33.18691143,26.95994987,2024-11-01T17:00:00Z
Manchester,2024,01-11-2024,18:00:00,7.886492268,36.70373559,16.59712272,2024-11-01T18:00:00Z
Manchester,2024,01-11-2024,19:00:00,18.53503864,11.33155727,17.92326129,2024-11-01T19:00:00Z
Manchester,2024,01-11-2024,20:00:00,9.602903364,14.82789173,9.036945711,2024-11-01T20:00:00Z
Manchester,2024,01-11-2024,21:00:00,22.92260443,3.919212717,14.82453198,2024-11-01T21:00:00Z
Manchester,2024,01-11-2024,22:00:00,8.495471524,26.94776222,9.514437141,2024-11-01T22:00:00Z
Manchester,2024,01-11-2024,23:00:00,2.227471179,27.20723253,12.50593186,2024-11-01T23:00:00Z
Manchester,2024,02-11-2024,00:00:00,14.72012617,11.38245512,14.81648061,2024-11-02T00:00:00Z
Manchester,2024,02-11-2024,01:00:00,23.97161804,40.1207045,20.95261608,2024-11-02T01:00:00Z
Manchester,2024,02-11-2024,02:00:00,9.597647742,34.49672607,26.94346011,2024-11-02T02:00:00Z
Manchester,2024,02-11-2024,03:00:00,4.134600998,20.81023474,6.229158956,2024-11-02T03:00:00Z
Manchester,2024,02-11-2024,04:00:00,7.199943733,0.401434015,4.222766303,2024-11-02T04:00:00Z
Manchester,2024,02-11-2024,05:00:00,1.672865929,-2.089210241,6.67091473,2024-11-02T05:00:00Z
Manchester,2024,02-11-2024,06:00:00,13.75140707,6.70617661,16.10730377,2024-11-02T06:00:00Z
Manchester,2024,02-11-2024,07:00:00,0,-2.425387233,0.375271952,2024-11-02T07:00:00Z
Manchester,2024,02-11-2024,08:00:00,1.289224327,10.19288665,13.22293886,2024-11-02T08:00:00Z
Manchester,2024,02-11-2024,09:00:00,12.05379601,28.06893165,13.577098,2024-11-02T09:00:00Z
Manchester,2024,02-11-2024,10:00:00,15.57468586,35.21404809,20.47642107,2024-11-02T10:00:00Z
Manchester,2024,02-11-2024,11:00:00,0,25.26337038,9.24219812,2024-11-02T11:00:00Z
Manchester,2024,02-11-2024,12:00:00,14.60344156,23.50896183,9.81604659,2024-11-02T12:00:00Z
Manchester,2024,02-11-2024,13:00:00,5.71979151,16.02328149,10.50149274,2024-11-02T13:00:00Z
Manchester,2024,02-11-2024,14:00:00,7.746288313,15.1715925,9.412457511,2024-11-02T14:00:00Z
Manchester,2024,02-11-2024,15:00:00,6.290683999,40.42222385,13.02840649,2024-11-02T15:00:00Z
Manchester,2024,02-11-2024,16:00:00,7.380215748,7.462178569,13.37542127,2024-11-02T16:00:00Z
Manchester,2024,02-11-2024,17:00:00,0,0.52805204,0.85260929,2024-11-02T17:00:00Z
Manchester,2024,02-11-2024,18:00:00,14.43770796,29.13378723,19.58985526,2024-11-02T18:00:00Z
Manchester,2024,02-11-2024,19:00:00,0,12.53872575,15.07696205,2024-11-02T19:00:00Z
Manchester,2024,02-11-2024,20:00:00,9.857387015,34.77714885,18.80594218,2024-11-02T20:00:00Z
Manchester,2024,02-11-2024,21:00:00,4.93550475,21.77301424,4.508037702,2024-11-02T21:00:00Z
Manchester,2024,02-11-2024,22:00:00,0,20.77424164,3.305309875,2024-11-02T22:00:00Z
Manchester,2024,02-11-2024,23:00:00,4.125265322,10.56792916,2.344505996,2024-11-02T23:00:00Z
Manchester,2024,03-11-2024,00:00:00,16.38062001,16.8336068,17.13090843,2024-11-03T00:00:00Z
Manchester,2024,03-11-2024,01:00:00,0,31.0837797,15.42575323,2024-11-03T01:00:00Z
Manchester,2024,03-11-2024,02:00:00,7.686583865,16.29526559,15.73813107,2024-11-03T02:00:00Z
Manchester,2024,03-11-2024,03:00:00,0.488691411,-4.815215343,-2.078229252,2024-11-03T03:00:00Z
Manchester,2024,03-11-2024,04:00:00,6.617011631,48.32534804,16.28127287,2024-11-03T04:00:00Z
Manchester,2024,03-11-2024,05:00:00,0,0.33069823,4.316401077,2024-11-03T05:00:00Z
Manchester,2024,03-11-2024,06:00:00,12.108584,32.57578404,26.87047999,2024-11-03T06:00:00Z
Manchester,2024,03-11-2024,07:00:00,4.511503702,18.97004031,12.16613491,2024-11-03T07:00:00Z
Manchester,2024,03-11-2024,08:00:00,0,-17.91461451,1.597403158,2024-11-03T08:00:00Z
Manchester,2024,03-11-2024,09:00:00,10.71766471,25.18679747,17.15076012,2024-11-03T09:00:00Z
Manchester,2024,03-11-2024,10:00:00,14.92017827,32.83974651,16.43680962,2024-11-03T10:00:00Z
Manchester,2024,03-11-2024,11:00:00,0,-5.915053965,11.1936166,2024-11-03T11:00:00Z
Manchester,2024,03-11-2024,12:00:00,15.54772757,29.22304397,12.83679877,2024-11-03T12:00:00Z
Manchester,2024,03-11-2024,13:00:00,10.15356729,19.25137373,9.981021428,2024-11-03T13:00:00Z
Manchester,2024,03-11-2024,14:00:00,9.787655061,34.49110545,26.63961749,2024-11-03T14:00:00Z
Manchester,2024,03-11-2024,15:00:00,11.41200303,44.38293666,21.94985652,2024-11-03T15:00:00Z
Manchester,2024,03-11-2024,16:00:00,14.89421374,23.42551019,14.06430676,2024-11-03T16:00:00Z
Manchester,2024,03-11-2024,17:00:00,1.80804302,1.611806429,5.348554583,2024-11-03T17:00:00Z
Manchester,2024,03-11-2024,18:00:00,13.74934442,9.893532619,9.350999929,2024-11-03T18:00:00Z
Manchester,2024,03-11-2024,19:00:00,16.23998494,35.37105524,20.70594864,2024-11-03T19:00:00Z
Manchester,2024,03-11-2024,20:00:00,22.59825743,19.74379108,27.80308538,2024-11-03T20:00:00Z
Manchester,2024,03-11-2024,21:00:00,9.682617044,19.77097548,22.57725633,2024-11-03T21:00:00Z
Manchester,2024,03-11-2024,22:00:00,0.918682188,2.027315609,7.171248141,2024-11-03T22:00:00Z
Manchester,2024,03-11-2024,23:00:00,0,-0.288528198,10.51740747,2024-11-03T23:00:00Z
Manchester,2024,04-11-2024,00:00:00,3.779690076,21.97425085,13.0677915,2024-11-04T00:00:00Z
Manchester,2024,04-11-2024,01:00:00,22.62431361,29.44673425,24.07235415,2024-11-04T01:00:00Z
Manchester,2024,04-11-2024,02:00:00,12.16514569,28.57097488,19.2588672,2024-11-04T02:00:00Z
Manchester,2024,04-11-2024,03:00:00,0,-7.205856234,0.425720766,2024-11-04T03:00:00Z
Manchester,2024,04-11-2024,04:00:00,7.358043326,16.09723075,12.67457792,2024-11-04T04:00:00Z
Manchester,2024,04-11-2024,05:00:00,7.115915622,-13.59384952,4.534858034,2024-11-04T05:00:00Z
Manchester,2024,04-11-2024,06:00:00,27.25884717,37.27139468,28.63971281,2024-11-04T06:00:00Z
Manchester,2024,04-11-2024,07:00:00,20.49804704,25.45301092,24.37896089,2024-11-04T07:00:00Z
Manchester,2024,04-11-2024,08:00:00,11.22586374,17.09842804,17.56649789,2024-11-04T08:00:00Z
Manchester,2024,04-11-2024,09:00:00,4.06375435,14.86625857,14.35235401,2024-11-04T09:00:00Z
Manchester,2024,04-11-2024,10:00:00,2.85343755,-3.308223044,1.699457907,2024-11-04T10:00:00Z
Manchester,2024,04-11-2024,11:00:00,0,10.01904542,3.932879849,2024-11-04T11:00:00Z
Manchester,2024,04-11-2024,12:00:00,9.909832612,40.18745858,17.42150104,2024-11-04T12:00:00Z
Manchester,2024,04-11-2024,13:00:00,10.68532494,12.70958379,11.25693885,2024-11-04T13:00:00Z
Manchester,2024,04-11-2024,14:00:00,15.13007721,63.33243214,47.22821531,2024-11-04T14:00:00Z
Manchester,2024,04-11-2024,15:00:00,9.539573655,27.99126929,18.67612048,2024-11-04T15:00:00Z
Manchester,2024,04-11-2024,16:00:00,0,2.655183978,7.760197705,2024-11-04T16:00:00Z
Manchester,2024,04-11-2024,17:00:00,22.48144081,51.52874243,27.15582894,2024-11-04T17:00:00Z
Manchester,2024,04-11-2024,18:00:00,4.864102273,54.03131174,34.73105532,2024-11-04T18:00:00Z
Manchester,2024,04-11-2024,19:00:00,7.462482562,5.623936615,14.26079208,2024-11-04T19:00:00Z
Manchester,2024,04-11-2024,20:00:00,22.75244323,31.86200465,22.05407045,2024-11-04T20:00:00Z
Manchester,2024,04-11-2024,21:00:00,18.11131554,35.35878779,17.57974304,2024-11-04T21:00:00Z
Manchester,2024,04-11-2024,22:00:00,0,7.971007324,2.973386776,2024-11-04T22:00:00Z
Manchester,2024,04-11-2024,23:00:00,0.378322831,16.89138283,6.872651386,2024-11-04T23:00:00Z
Manchester,2024,05-11-2024,00:00:00,45.4243515,106.1343321,72.41777129,2024-11-05T00:00:00Z
Manchester,2024,05-11-2024,01:00:00,56.80455037,128.4805182,94.31143126,2024-11-05T01:00:00Z
Manchester,2024,05-11-2024,02:00:00,29.36185238,76.25895561,61.17597101,2024-11-05T02:00:00Z
Manchester,2024,05-11-2024,03:00:00,40.80432537,86.24638844,65.53926804,2024-11-05T03:00:00Z
Manchester,2024,05-11-2024,04:00:00,59.37638303,126.2510833,103.1709429,2024-11-05T04:00:00Z
Manchester,2024,05-11-2024,05:00:00,38.41580657,70.84524794,64.94213988,2024-11-05T05:00:00Z
Manchester,2024,05-11-2024,06:00:00,90.31825268,186.4316828,132.2437855,2024-11-05T06:00:00Z
Manchester,2024,05-11-2024,07:00:00,53.14072367,117.8520328,88.08793231,2024-11-05T07:00:00Z
Manchester,2024,05-11-2024,08:00:00,34.80924622,96.54692432,81.75142588,2024-11-05T08:00:00Z
Manchester,2024,05-11-2024,09:00:00,31.00562821,68.19814769,67.23053859,2024-11-05T09:00:00Z
Manchester,2024,05-11-2024,10:00:00,30.58925627,82.24848989,58.5767996,2024-11-05T10:00:00Z
Manchester,2024,05-11-2024,11:00:00,14.55487808,75.17069713,52.47923976,2024-11-05T11:00:00Z
Manchester,2024,05-11-2024,12:00:00,39.552507,74.95162071,66.4801924,2024-11-05T12:00:00Z
Manchester,2024,05-11-2024,13:00:00,67.58694633,120.2999874,104.977085,2024-11-05T13:00:00Z
Manchester,2024,05-11-2024,14:00:00,32.44885553,119.48056,103.5474787,2024-11-05T14:00:00Z
Manchester,2024,05-11-2024,15:00:00,62.1588677,156.9279276,127.4817747,2024-11-05T15:00:00Z
Manchester,2024,05-11-2024,16:00:00,48.19172054,128.0002166,89.44949068,2024-11-05T16:00:00Z
Manchester,2024,05-11-2024,17:00:00,36.95404093,70.21565166,47.89887419,2024-11-05T17:00:00Z
Manchester,2024,05-11-2024,18:00:00,28.79806564,69.2451616,62.21356745,2024-11-05T18:00:00Z
Manchester,2024,05-11-2024,19:00:00,70.89498383,130.9779038,102.6601127,2024-11-05T19:00:00Z
Manchester,2024,05-11-2024,20:00:00,55.70878715,141.2475997,121.2337234,2024-11-05T20:00:00Z
Manchester,2024,05-11-2024,21:00:00,32.90740981,95.61948791,72.238304780000007,2024-11-05T21:00:00Z
Manchester,2024,05-11-2024,22:00:00,50.59762547,107.1043817,77.11571071,2024-11-05T22:00:00Z
Manchester,2024,05-11-2024,23:00:00,56.41165897,136.6641483,98.82493842,2024-11-05T23:00:00Z
Manchester,2024,06-11-2024,00:00:00,8.975684486,36.0063689,22.07788218,2024-11-06T00:00:00Z
Manchester,2024,06-11-2024,01:00:00,11.1370018,2.946222188,13.17885468,2024-11-06T01:00:00Z
Manchester,2024,06-11-2024,02:00:00,6.364435176,35.25286456,18.49909077,2024-11-06T02:00:00Z
Manchester,2024,06-11-2024,03:00:00,7.214569097,19.69993521,14.06254996,2024-11-06T03:00:00Z
Manchester,2024,06-11-2024,04:00:00,6.643674616,33.00188952,13.34622739,2024-11-06T04:00:00Z
Manchester,2024,06-11-2024,05:00:00,0,25.04756276,10.71240504,2024-11-06T05:00:00Z
Manchester,2024,06-11-2024,06:00:00,13.07025574,-1.045572274,9.10020501,2024-11-06T06:00:00Z
Manchester,2024,06-11-2024,07:00:00,10.62474973,14.59074742,11.42530303,2024-11-06T07:00:00Z
Manchester,2024,06-11-2024,08:00:00,0,-4.27945223,-3.663992398,2024-11-06T08:00:00Z
Manchester,2024,06-11-2024,09:00:00,10.06707321,20.36375835,13.75042509,2024-11-06T09:00:00Z
Manchester,2024,06-11-2024,10:00:00,5.004114276,15.8148734,20.59369219,2024-11-06T10:00:00Z
Manchester,2024,06-11-2024,11:00:00,4.373321063,-2.576634598,13.53265541,2024-11-06T11:00:00Z
Manchester,2024,06-11-2024,12:00:00,10.17304595,27.63826665,21.0560258,2024-11-06T12:00:00Z
Manchester,2024,06-11-2024,13:00:00,10.17904745,37.59992057,18.04804411,2024-11-06T13:00:00Z
Manchester,2024,06-11-2024,14:00:00,3.246054635,-10.86974085,8.893990841,2024-11-06T14:00:00Z
Manchester,2024,06-11-2024,15:00:00,10.67748322,13.39301824,20.57157217,2024-11-06T15:00:00Z
Manchester,2024,06-11-2024,16:00:00,1.122090657,14.24025806,18.57173325,2024-11-06T16:00:00Z
Manchester,2024,06-11-2024,17:00:00,15.2372993,21.08302646,14.88610777,2024-11-06T17:00:00Z
Manchester,2024,06-11-2024,18:00:00,13.14911132,33.77225219,28.34501113,2024-11-06T18:00:00Z
Manchester,2024,06-11-2024,19:00:00,2.178903684,18.70642193,9.964203564,2024-11-06T19:00:00Z
Manchester,2024,06-11-2024,20:00:00,0,9.150358293,12.05022632,2024-11-06T20:00:00Z
Manchester,2024,06-11-2024,21:00:00,2.388486651,-9.535019806,12.04373903,2024-11-06T21:00:00Z
Manchester,2024,06-11-2024,22:00:00,11.50274975,43.67416823,22.02630781,2024-11-06T22:00:00Z
Manchester,2024,06-11-2024,23:00:00,0,-10.33855335,-2.269198173,2024-11-06T23:00:00Z
Manchester,2024,07-11-2024,00:00:00,10.80682596,1.994400409,9.943457438,2024-11-07T00:00:00Z
Manchester,2024,07-11-2024,01:00:00,1.97442305,1.817189832,5.521527114,2024-11-07T01:00:00Z
Manchester,2024,07-11-2024,02:00:00,8.394635247,25.08482318,7.975794887,2024-11-07T02:00:00Z
Manchester,2024,07-11-2024,03:00:00,15.20256133,29.32761246,24.08917866,2024-11-07T03:00:00Z
Manchester,2024,07-11-2024,04:00:00,6.654082169,59.48997239,30.89414967,2024-11-07T04:00:00Z
Manchester,2024,07-11-2024,05:00:00,0,7.345485332,3.61464969,2024-11-07T05:00:00Z
Manchester,2024,07-11-2024,06:00:00,6.139623346,-1.757174864,5.024366698,2024-11-07T06:00:00Z
Manchester,2024,07-11-2024,07:00:00,4.14863224,-4.378256841,5.972437548,2024-11-07T07:00:00Z
Manchester,2024,07-11-2024,08:00:00,4.425147814,11.64255148,17.23773392,2024-11-07T08:00:00Z
Manchester,2024,07-11-2024,09:00:00,0,-4.267020372,5.793183882,2024-11-07T09:00:00Z
Manchester,2024,07-11-2024,10:00:00,8.022884827,13.61827055,11.76932317,2024-11-07T10:00:00Z
Manchester,2024,07-11-2024,11:00:00,15.22758008,32.24804042,21.23112575,2024-11-07T11:00:00Z
Manchester,2024,07-11-2024,12:00:00,3.815639601,16.33591544,9.165623971,2024-11-07T12:00:00Z
Manchester,2024,07-11-2024,13:00:00,16.4244278,7.094287549,15.53508823,2024-11-07T13:00:00Z
Manchester,2024,07-11-2024,14:00:00,0.248586634,32.98685062,8.849568678,2024-11-07T14:00:00Z
Manchester,2024,07-11-2024,15:00:00,5.336174617,18.90217678,12.77078996,2024-11-07T15:00:00Z
Manchester,2024,07-11-2024,16:00:00,7.620236023,3.461351796,17.03079963,2024-11-07T16:00:00Z
Manchester,2024,07-11-2024,17:00:00,15.04269642,25.44891776,20.67508829,2024-11-07T17:00:00Z
Manchester,2024,07-11-2024,18:00:00,11.27125336,23.80409767,23.5173099,2024-11-07T18:00:00Z
Manchester,2024,07-11-2024,19:00:00,12.72339465,26.64621926,15.12661058,2024-11-07T19:00:00Z
Manchester,2024,07-11-2024,20:00:00,3.125243726,21.96161938,9.728550637,2024-11-07T20:00:00Z
Manchester,2024,07-11-2024,21:00:00,20.33221926,12.96556476,24.6707434,2024-11-07T21:00:00Z
Manchester,2024,07-11-2024,22:00:00,9.574797434,13.62658954,17.28130758,2024-11-07T22:00:00Z
Manchester,2024,07-11-2024,23:00:00,9.133201852,2.851225845,3.036550617,2024-11-07T23:00:00Z
Manchester,2024,08-11-2024,00:00:00,23.00984326,38.37343902,24.89173283,2024-11-08T00:00:00Z
Manchester,2024,08-11-2024,01:00:00,3.810757081,9.106008093,12.73352211,2024-11-08T01:00:00Z
Manchester,2024,08-11-2024,02:00:00,2.399874227,53.61974656,32.00698974,2024-11-08T02:00:00Z
Manchester,2024,08-11-2024,03:00:00,9.535358322,14.10142714,23.53744045,2024-11-08T03:00:00Z
Manchester,2024,08-11-2024,04:00:00,0,25.35946887,10.78295354,2024-11-08T04:00:00Z
Manchester,2024,08-11-2024,05:00:00,5.38525323,-9.629501728,10.68534583,2024-11-08T05:00:00Z
Manchester,2024,08-11-2024,06:00:00,23.43016405,18.28765679,25.50043111,2024-11-08T06:00:00Z
Manchester,2024,08-11-2024,07:00:00,11.90763277,32.75876609,28.8865359,2024-11-08T07:00:00Z
Manchester,2024,08-11-2024,08:00:00,4.613080942,10.81632694,13.24898054,2024-11-08T08:00:00Z
Manchester,2024,08-11-2024,09:00:00,10.96127393,-2.704275777,12.91133493,2024-11-08T09:00:00Z
Manchester,2024,08-11-2024,10:00:00,5.750170554,2.990607936,10.91825148,2024-11-08T10:00:00Z
Manchester,2024,08-11-2024,11:00:00,8.844303162,24.75437722,23.25693535,2024-11-08T11:00:00Z
Manchester,2024,08-11-2024,12:00:00,2.594118836,13.44239518,4.220289398,2024-11-08T12:00:00Z
Manchester,2024,08-11-2024,13:00:00,26.0893631,27.50898752,32.73598329,2024-11-08T13:00:00Z
Manchester,2024,08-11-2024,14:00:00,3.296658123,18.98927071,14.11938004,2024-11-08T14:00:00Z
Manchester,2024,08-11-2024,15:00:00,10.20522901,-4.339766847,1.936927843,2024-11-08T15:00:00Z
Manchester,2024,08-11-2024,16:00:00,11.32138684,7.780867211,15.72198566,2024-11-08T16:00:00Z
Manchester,2024,08-11-2024,17:00:00,0,-6.933748688,4.084012698,2024-11-08T17:00:00Z
Manchester,2024,08-11-2024,18:00:00,3.62622809,-0.269533333,11.006815659999999,2024-11-08T18:00:00Z
Manchester,2024,08-11-2024,19:00:00,3.130953102,0.778889377,11.89268837,2024-11-08T19:00:00Z
Manchester,2024,08-11-2024,20:00:00,6.606200799,6.558384019,0.947564612,2024-11-08T20:00:00Z
Manchester,2024,08-11-2024,21:00:00,14.63633781,21.99170051,20.36809137,2024-11-08T21:00:00Z
Manchester,2024,08-11-2024,22:00:00,8.150143551,33.44563276,24.29922535,2024-11-08T22:00:00Z
Manchester,2024,08-11-2024,23:00:00,2.249278316,14.73977086,12.48582294,2024-11-08T23:00:00Z
Manchester,2024,09-11-2024,00:00:00,6.410201815,19.78644534,11.06914884,2024-11-09T00:00:00Z
Manchester,2024,09-11-2024,01:00:00,8.415397892,-0.174915962,11.04280198,2024-11-09T01:00:00Z
Manchester,2024,09-11-2024,02:00:00,28.2352165,31.0680183,16.1257978,2024-11-09T02:00:00Z
Manchester,2024,09-11-2024,03:00:00,4.5698768,21.47613955,17.90536707,2024-11-09T03:00:00Z
Manchester,2024,09-11-2024,04:00:00,1.93509617,5.817517968,9.55683302,2024-11-09T04:00:00Z
Manchester,2024,09-11-2024,05:00:00,0,-12.63196676,3.80933851,2024-11-09T05:00:00Z
Manchester,2024,09-11-2024,06:00:00,0,19.1809776,4.935364184,2024-11-09T06:00:00Z
Manchester,2024,09-11-2024,07:00:00,3.54484591,-2.251851131,7.572733511,2024-11-09T07:00:00Z
Manchester,2024,09-11-2024,08:00:00,0,11.73399883,11.98500182,2024-11-09T08:00:00Z
Manchester,2024,09-11-2024,09:00:00,15.26233798,40.09072205,14.07484413,2024-11-09T09:00:00Z
Manchester,2024,09-11-2024,10:00:00,4.391880282,20.16414257,11.60212263,2024-11-09T10:00:00Z
Manchester,2024,09-11-2024,11:00:00,15.09272504,21.3980069,22.2323911,2024-11-09T11:00:00Z
Manchester,2024,09-11-2024,12:00:00,12.03034101,27.89632547,26.39582604,2024-11-09T12:00:00Z
Manchester,2024,09-11-2024,13:00:00,13.16069438,20.57690237,16.86492387,2024-11-09T13:00:00Z
Manchester,2024,09-11-2024,14:00:00,13.076627,36.35081814,26.24765707,2024-11-09T14:00:00Z
Manchester,2024,09-11-2024,15:00:00,2.333039916,-15.42150966,-5.0092317,2024-11-09T15:00:00Z
Manchester,2024,09-11-2024,16:00:00,0,10.72408114,4.667298723,2024-11-09T16:00:00Z
Manchester,2024,09-11-2024,17:00:00,0.812463283,15.44679332,11.10165133,2024-11-09T17:00:00Z
Manchester,2024,09-11-2024,18:00:00,2.936880834,14.68369796,17.46992839,2024-11-09T18:00:00Z
Manchester,2024,09-11-2024,19:00:00,14.35492038,12.29462507,21.35502301,2024-11-09T19:00:00Z
Manchester,2024,09-11-2024,20:00:00,9.766330895,32.95436899,20.24777427,2024-11-09T20:00:00Z
Manchester,2024,09-11-2024,21:00:00,6.247927991,6.941871433,14.17599814,2024-11-09T21:00:00Z
Manchester,2024,09-11-2024,22:00:00,12.12077781,33.63855458,15.62810958,2024-11-09T22:00:00Z
Manchester,2024,09-11-2024,23:00:00,2.287889226,22.43446761,13.8083532,2024-11-09T23:00:00Z
Manchester,2024,10-11-2024,00:00:00,1.699131061,-6.285476128,9.563555593,2024-11-10T00:00:00Z
Manchester,2024,10-11-2024,01:00:00,21.73129465,14.10746904,14.47581451,2024-11-10T01:00:00Z
Manchester,2024,10-11-2024,02:00:00,3.412437688,33.59773963,13.26832564,2024-11-10T02:00:00Z
Manchester,2024,10-11-2024,03:00:00,6.949505311,3.740901289,5.358631793,2024-11-10T03:00:00Z
Manchester,2024,10-11-2024,04:00:00,17.93143623,13.02360554,21.35754823,2024-11-10T04:00:00Z
Manchester,2024,10-11-2024,05:00:00,1.014355766,-18.08206556,4.672484868,2024-11-10T05:00:00Z
Manchester,2024,10-11-2024,06:00:00,12.90468673,1.272354247,5.167714125,2024-11-10T06:00:00Z
Manchester,2024,10-11-2024,07:00:00,0,6.746866964,12.90352396,2024-11-10T07:00:00Z
Manchester,2024,10-11-2024,08:00:00,11.13506392,8.900913865,15.48377198,2024-11-10T08:00:00Z
Manchester,2024,10-11-2024,09:00:00,4.356756347,22.5559272,16.0001097,2024-11-10T09:00:00Z
Manchester,2024,10-11-2024,10:00:00,16.89497324,33.03179922,29.57050556,2024-11-10T10:00:00Z
Manchester,2024,10-11-2024,11:00:00,12.88588447,34.08907771,25.94599542,2024-11-10T11:00:00Z
Manchester,2024,10-11-2024,12:00:00,6.213884485,-2.870659362,4.346092461,2024-11-10T12:00:00Z
Manchester,2024,10-11-2024,13:00:00,0,13.94515642,3.50646105,2024-11-10T13:00:00Z
Manchester,2024,10-11-2024,14:00:00,0,-16.56118227,2.241267205,2024-11-10T14:00:00Z
Manchester,2024,10-11-2024,15:00:00,12.31698552,24.74127339,20.06235533,2024-11-10T15:00:00Z
Manchester,2024,10-11-2024,16:00:00,29.47232274,50.61627949,38.36645208,2024-11-10T16:00:00Z
Manchester,2024,10-11-2024,17:00:00,2.112162965,9.55381258,-2.114724704,2024-11-10T17:00:00Z
Manchester,2024,10-11-2024,18:00:00,11.47305834,11.09457833,9.873014128,2024-11-10T18:00:00Z
Manchester,2024,10-11-2024,19:00:00,3.398279873,0.893471223,11.31078401,2024-11-10T19:00:00Z
Manchester,2024,10-11-2024,20:00:00,7.573776839,6.006342868,8.471676673,2024-11-10T20:00:00Z
Manchester,2024,10-11-2024,21:00:00,1.169507148,-4.629686016,11.53487731,2024-11-10T21:00:00Z
Manchester,2024,10-11-2024,22:00:00,5.961569947,16.76723384,8.025444758,2024-11-10T22:00:00Z
Manchester,2024,10-11-2024,23:00:00,8.544578728,26.4405605,17.55165045,2024-11-10T23:00:00Z
Nottingham,2017,01-11-2017,00:00:00,15.28320052,32.90540691,18.53880848,2017-11-01T00:00:00Z
Nottingham,2017,01-11-2017,01:00:00,4.586745192,7.197535819,4.36427572,2017-11-01T01:00:00Z
Nottingham,2017,01-11-2017,02:00:00,13.23523652,50.01796634,14.09993639,2017-11-01T02:00:00Z
Nottingham,2017,01-11-2017,03:00:00,14.08329598,1.922153716,7.900649495,2017-11-01T03:00:00Z
Nottingham,2017,01-11-2017,04:00:00,9.573811998,35.84174359,27.50395048,2017-11-01T04:00:00Z
Nottingham,2017,01-11-2017,05:00:00,18.0690555,33.73890287,19.08227489,2017-11-01T05:00:00Z
Nottingham,2017,01-11-2017,06:00:00,17.03710313,28.73213439,6.97864797,2017-11-01T06:00:00Z
Nottingham,2017,01-11-2017,07:00:00,6.471109254,0,9.514475554,2017-11-01T07:00:00Z
Nottingham,2017,01-11-2017,08:00:00,13.9149277,36.12062288,25.424233,2017-11-01T08:00:00Z
Nottingham,2017,01-11-2017,09:00:00,0,33.83561862,20.20297405,2017-11-01T09:00:00Z
Nottingham,2017,01-11-2017,10:00:00,9.610273382,22.10454814,16.067575,2017-11-01T10:00:00Z
Nottingham,2017,01-11-2017,11:00:00,6.901520739,6.069518293,1.295535535,2017-11-01T11:00:00Z
Nottingham,2017,01-11-2017,12:00:00,13.78828433,0,5.813455718,2017-11-01T12:00:00Z
Nottingham,2017,01-11-2017,13:00:00,1.725091712,0,9.190529684,2017-11-01T13:00:00Z
Nottingham,2017,01-11-2017,14:00:00,8.27993848,35.07574029,15.38433478,2017-11-01T14:00:00Z
Nottingham,2017,01-11-2017,15:00:00,6.311037168,10.02341002,3.126182187,2017-11-01T15:00:00Z
Nottingham,2017,01-11-2017,16:00:00,0,31.65408803,8.0726962,2017-11-01T16:00:00Z
Nottingham,2017,01-11-2017,17:00:00,1.387761744,0,0,2017-11-01T17:00:00Z
Nottingham,2017,01-11-2017,18:00:00,15.5890421,10.18168278,17.48553843,2017-11-01T18:00:00Z
Nottingham,2017,01-11-2017,19:00:00,7.941151356,27.52821212,14.17020596,2017-11-01T19:00:00Z
Nottingham,2017,01-11-2017,20:00:00,2.094408774,12.48237915,4.854568906,2017-11-01T20:00:00Z
Nottingham,2017,01-11-2017,21:00:00,7.664030945,35.71861356,16.61001184,2017-11-01T21:00:00Z
Nottingham,2017,01-11-2017,22:00:00,6.863279768,4.164838184,13.10477558,2017-11-01T22:00:00Z
Nottingham,2017,01-11-2017,23:00:00,6.746933953,24.51757729,16.17095773,2017-11-01T23:00:00Z
Nottingham,2017,02-11-2017,00:00:00,9.111637186,6.265578373,13.52138264,2017-11-02T00:00:00Z
Nottingham,2017,02-11-2017,01:00:00,3.168632123,11.78121067,0,2017-11-02T01:00:00Z
Nottingham,2017,02-11-2017,02:00:00,20.34102208,43.22213944,33.90351016,2017-11-02T02:00:00Z
Nottingham,2017,02-11-2017,03:00:00,18.34096697,67.9492963,34.99600412,2017-11-02T03:00:00Z
Nottingham,2017,02-11-2017,04:00:00,27.92927833,35.06713411,26.32689247,2017-11-02T04:00:00Z
Nottingham,2017,02-11-2017,05:00:00,10.30922802,25.43620105,24.4396102,2017-11-02T05:00:00Z
Nottingham,2017,02-11-2017,06:00:00,5.342221772,17.57241152,3.005894514,2017-11-02T06:00:00Z
Nottingham,2017,02-11-2017,07:00:00,6.189850357,16.7574256,22.895463,2017-11-02T07:00:00Z
Nottingham,2017,02-11-2017,08:00:00,4.459197352,21.42729075,7.396736449,2017-11-02T08:00:00Z
Nottingham,2017,02-11-2017,09:00:00,9.776725424,32.77581767,20.90084488,2017-11-02T09:00:00Z
Nottingham,2017,02-11-2017,10:00:00,1.284530807,9.274947396,1.093625439,2017-11-02T10:00:00Z
Nottingham,2017,02-11-2017,11:00:00,14.94005014,38.15577737,28.66984846,2017-11-02T11:00:00Z
Nottingham,2017,02-11-2017,12:00:00,16.75855758,27.49021633,14.90691795,2017-11-02T12:00:00Z
Nottingham,2017,02-11-2017,13:00:00,0,21.83871865,12.63768307,2017-11-02T13:00:00Z
Nottingham,2017,02-11-2017,14:00:00,0,9.519568396,12.31512469,2017-11-02T14:00:00Z
Nottingham,2017,02-11-2017,15:00:00,13.86120623,51.10454219,33.47946276,2017-11-02T15:00:00Z
Nottingham,2017,02-11-2017,16:00:00,22.0343319,41.53828088,18.72163012,2017-11-02T16:00:00Z
Nottingham,2017,02-11-2017,17:00:00,10.06303968,20.34067404,13.67160234,2017-11-02T17:00:00Z
Nottingham,2017,02-11-2017,18:00:00,5.305674415,28.04921988,14.71195583,2017-11-02T18:00:00Z
Nottingham,2017,02-11-2017,19:00:00,20.58486115,10.48289193,23.63357633,2017-11-02T19:00:00Z
Nottingham,2017,02-11-2017,20:00:00,9.793902718,2.212454517,10.18764183,2017-11-02T20:00:00Z
Nottingham,2017,02-11-2017,21:00:00,8.34812876,23.03095372,28.81356962,2017-11-02T21:00:00Z
Nottingham,2017,02-11-2017,22:00:00,7.679179295,16.89492893,11.41212168,2017-11-02T22:00:00Z
Nottingham,2017,02-11-2017,23:00:00,8.900014845,18.55699264,21.47595431,2017-11-02T23:00:00Z
Nottingham,2017,03-11-2017,00:00:00,9.660105904,2.655325002,13.37889704,2017-11-03T00:00:00Z
Nottingham,2017,03-11-2017,01:00:00,0.718518309,0,5.571467191,2017-11-03T01:00:00Z
Nottingham,2017,03-11-2017,02:00:00,7.792098146,25.3678214,16.95307169,2017-11-03T02:00:00Z
Nottingham,2017,03-11-2017,03:00:00,0,14.07700118,15.60138586,2017-11-03T03:00:00Z
Nottingham,2017,03-11-2017,04:00:00,1.930003877,24.59842967,14.61237764,2017-11-03T04:00:00Z
Nottingham,2017,03-11-2017,05:00:00,12.38300572,0,15.81968229,2017-11-03T05:00:00Z
Nottingham,2017,03-11-2017,06:00:00,7.731725813,16.78725642,15.22442585,2017-11-03T06:00:00Z
Nottingham,2017,03-11-2017,07:00:00,10.33733129,35.98362436,7.541365691,2017-11-03T07:00:00Z
Nottingham,2017,03-11-2017,08:00:00,14.25788578,34.06692831,28.31674466,2017-11-03T08:00:00Z
Nottingham,2017,03-11-2017,09:00:00,11.22869714,31.71238934,23.50433484,2017-11-03T09:00:00Z
Nottingham,2017,03-11-2017,10:00:00,19.74035134,30.68966338,16.58570222,2017-11-03T10:00:00Z
Nottingham,2017,03-11-2017,11:00:00,17.70105911,18.07240725,0,2017-11-03T11:00:00Z
Nottingham,2017,03-11-2017,12:00:00,21.62801077,14.87658675,25.21433831,2017-11-03T12:00:00Z
Nottingham,2017,03-11-2017,13:00:00,3.656936005,7.11230574,6.597174049,2017-11-03T13:00:00Z
Nottingham,2017,03-11-2017,14:00:00,6.983378279,37.52844384,18.47842616,2017-11-03T14:00:00Z
Nottingham,2017,03-11-2017,15:00:00,13.82465442,10.98256739,19.45647716,2017-11-03T15:00:00Z
Nottingham,2017,03-11-2017,16:00:00,15.5855655,37.20483908,19.4768176,2017-11-03T16:00:00Z
Nottingham,2017,03-11-2017,17:00:00,8.133402969,34.37693857,21.04519249,2017-11-03T17:00:00Z
Nottingham,2017,03-11-2017,18:00:00,14.89084265,52.56015591,31.56299572,2017-11-03T18:00:00Z
Nottingham,2017,03-11-2017,19:00:00,15.69777515,39.27084894,20.87063584,2017-11-03T19:00:00Z
Nottingham,2017,03-11-2017,20:00:00,13.36030615,24.06324201,10.23898291,2017-11-03T20:00:00Z
Nottingham,2017,03-11-2017,21:00:00,5.236912673,27.38739929,12.16661821,2017-11-03T21:00:00Z
Nottingham,2017,03-11-2017,22:00:00,7.182929343,41.69517542,28.12271347,2017-11-03T22:00:00Z
Nottingham,2017,03-11-2017,23:00:00,2.020542984,9.634530446,8.085787397,2017-11-03T23:00:00Z
Nottingham,2017,04-11-2017,00:00:00,9.526508264,33.87995205,10.83214396,2017-11-04T00:00:00Z
Nottingham,2017,04-11-2017,01:00:00,7.495294655,0,13.38410215,2017-11-04T01:00:00Z
Nottingham,2017,04-11-2017,02:00:00,4.602669668,10.81109573,24.98397653,2017-11-04T02:00:00Z
Nottingham,2017,04-11-2017,03:00:00,19.44446238,28.29706986,26.3235131,2017-11-04T03:00:00Z
Nottingham,2017,04-11-2017,04:00:00,12.74038063,13.11603735,17.97240639,2017-11-04T04:00:00Z
Nottingham,2017,04-11-2017,05:00:00,19.54647729,19.55363743,31.69283698,2017-11-04T05:00:00Z
Nottingham,2017,04-11-2017,06:00:00,6.953958686,21.80494865,15.38333195,2017-11-04T06:00:00Z
Nottingham,2017,04-11-2017,07:00:00,7.768349705,22.68806585,13.51987775,2017-11-04T07:00:00Z
Nottingham,2017,04-11-2017,08:00:00,13.45064161,29.17621888,9.694855533,2017-11-04T08:00:00Z
Nottingham,2017,04-11-2017,09:00:00,16.46015734,3.178043846,0.062968254,2017-11-04T09:00:00Z
Nottingham,2017,04-11-2017,10:00:00,7.16533052,23.71608505,12.84385703,2017-11-04T10:00:00Z
Nottingham,2017,04-11-2017,11:00:00,10.24302664,18.10426599,12.64664292,2017-11-04T11:00:00Z
Nottingham,2017,04-11-2017,12:00:00,10.42696519,17.0816835,10.41502776,2017-11-04T12:00:00Z
Nottingham,2017,04-11-2017,13:00:00,0,10.67132729,3.425148794,2017-11-04T13:00:00Z
Nottingham,2017,04-11-2017,14:00:00,9.670336535,6.977406514,17.91763806,2017-11-04T14:00:00Z
Nottingham,2017,04-11-2017,15:00:00,15.59240487,42.0505553,15.80860446,2017-11-04T15:00:00Z
Nottingham,2017,04-11-2017,16:00:00,19.15709024,30.13382154,23.02146523,2017-11-04T16:00:00Z
Nottingham,2017,04-11-2017,17:00:00,10.90329133,39.90186081,15.01135251,2017-11-04T17:00:00Z
Nottingham,2017,04-11-2017,18:00:00,3.87836977,34.68362032,16.87557078,2017-11-04T18:00:00Z
Nottingham,2017,04-11-2017,19:00:00,8.375873018,21.30854575,26.35404001,2017-11-04T19:00:00Z
Nottingham,2017,04-11-2017,20:00:00,3.916217163,7.65159535,9.075297018,2017-11-04T20:00:00Z
Nottingham,2017,04-11-2017,21:00:00,7.600374309,9.666335501,8.084303844,2017-11-04T21:00:00Z
Nottingham,2017,04-11-2017,22:00:00,6.082973737,23.53016839,9.248712882,2017-11-04T22:00:00Z
Nottingham,2017,04-11-2017,23:00:00,11.75483388,16.44366389,23.49159298,2017-11-04T23:00:00Z
Nottingham,2017,05-11-2017,00:00:00,50.0325807,134.9315119,90.12995844,2017-11-05T00:00:00Z
Nottingham,2017,05-11-2017,01:00:00,85.03472245,151.0505335,115.9958285,2017-11-05T01:00:00Z
Nottingham,2017,05-11-2017,02:00:00,34.35518549,114.2186719,76.98007011,2017-11-05T02:00:00Z
Nottingham,2017,05-11-2017,03:00:00,41.35465668,75.52836481,71.2281473,2017-11-05T03:00:00Z
Nottingham,2017,05-11-2017,04:00:00,46.62094046,74.55246478,60.11753117,2017-11-05T04:00:00Z
Nottingham,2017,05-11-2017,05:00:00,42.43030449,99.64332675,78.17686371,2017-11-05T05:00:00Z
Nottingham,2017,05-11-2017,06:00:00,41.07305445,107.9555781,81.85670022,2017-11-05T06:00:00Z
Nottingham,2017,05-11-2017,07:00:00,62.92631453,153.3842208,117.6228891,2017-11-05T07:00:00Z
Nottingham,2017,05-11-2017,08:00:00,46.23791334,90.5111984,80.652374,2017-11-05T08:00:00Z
Nottingham,2017,05-11-2017,09:00:00,51.51578398,104.460638,74.81519516,2017-11-05T09:00:00Z
Nottingham,2017,05-11-2017,10:00:00,25.73163456,42.87335135,44.51402666,2017-11-05T10:00:00Z
Nottingham,2017,05-11-2017,11:00:00,54.24919889,129.9664703,94.73005029,2017-11-05T11:00:00Z
Nottingham,2017,05-11-2017,12:00:00,45.470663,101.9589522,76.37405851,2017-11-05T12:00:00Z
Nottingham,2017,05-11-2017,13:00:00,22.21814326,75.66235969,60.86548549,2017-11-05T13:00:00Z
Nottingham,2017,05-11-2017,14:00:00,57.5136348,157.356011,116.8406126,2017-11-05T14:00:00Z
Nottingham,2017,05-11-2017,15:00:00,27.8192683,88.87652523,71.59623991,2017-11-05T15:00:00Z
Nottingham,2017,05-11-2017,16:00:00,38.64140548,81.48733571,51.21437922,2017-11-05T16:00:00Z
Nottingham,2017,05-11-2017,17:00:00,59.62844698,142.5673276,113.0360491,2017-11-05T17:00:00Z
Nottingham,2017,05-11-2017,18:00:00,60.40399983,162.3974181,123.2161603,2017-11-05T18:00:00Z
Nottingham,2017,05-11-2017,19:00:00,22.1626785,59.85986501,43.52343548,2017-11-05T19:00:00Z
Nottingham,2017,05-11-2017,20:00:00,60.03403343,112.863842,89.86727751,2017-11-05T20:00:00Z
Nottingham,2017,05-11-2017,21:00:00,22.36150288,68.17396624,63.43749856,2017-11-05T21:00:00Z
Nottingham,2017,05-11-2017,22:00:00,41.82958801,125.6681677,81.24391345,2017-11-05T22:00:00Z
Nottingham,2017,05-11-2017,23:00:00,59.03505952,140.6760462,115.7765863,2017-11-05T23:00:00Z
Nottingham,2017,06-11-2017,00:00:00,5.247464901,8.522591992,0,2017-11-06T00:00:00Z
Nottingham,2017,06-11-2017,01:00:00,9.965780971,21.3578918,23.23847829,2017-11-06T01:00:00Z
Nottingham,2017,06-11-2017,02:00:00,14.23908673,38.93278222,28.29293085,2017-11-06T02:00:00Z
Nottingham,2017,06-11-2017,03:00:00,28.4617742,51.15755576,31.70480653,2017-11-06T03:00:00Z
Nottingham,2017,06-11-2017,04:00:00,4.038569838,4.162159487,0,2017-11-06T04:00:00Z
Nottingham,2017,06-11-2017,05:00:00,3.765559051,30.40374133,17.69230805,2017-11-06T05:00:00Z
Nottingham,2017,06-11-2017,06:00:00,5.219655998,10.81337648,11.60845798,2017-11-06T06:00:00Z
Nottingham,2017,06-11-2017,07:00:00,6.984435193,16.77639828,0.482998441,2017-11-06T07:00:00Z
Nottingham,2017,06-11-2017,08:00:00,0,15.04420265,17.39065847,2017-11-06T08:00:00Z
Nottingham,2017,06-11-2017,09:00:00,15.78049165,29.6905276,24.51495017,2017-11-06T09:00:00Z
Nottingham,2017,06-11-2017,10:00:00,19.108039,31.55017676,21.6401342,2017-11-06T10:00:00Z
Nottingham,2017,06-11-2017,11:00:00,7.203419406,19.13257241,7.535816912,2017-11-06T11:00:00Z
Nottingham,2017,06-11-2017,12:00:00,6.178045845,20.92702455,9.921291755,2017-11-06T12:00:00Z
Nottingham,2017,06-11-2017,13:00:00,18.17071872,61.32511681,37.36069988,2017-11-06T13:00:00Z
Nottingham,2017,06-11-2017,14:00:00,24.07502567,28.71540899,33.04340211,2017-11-06T14:00:00Z
Nottingham,2017,06-11-2017,15:00:00,2.007055924,0,0,2017-11-06T15:00:00Z
Nottingham,2017,06-11-2017,16:00:00,1.605912125,0,10.4435029,2017-11-06T16:00:00Z
Nottingham,2017,06-11-2017,17:00:00,0,24.4168577,7.697147102,2017-11-06T17:00:00Z
Nottingham,2017,06-11-2017,18:00:00,0,16.3290712,14.72241572,2017-11-06T18:00:00Z
Nottingham,2017,06-11-2017,19:00:00,16.68258082,4.985351637,6.985098913,2017-11-06T19:00:00Z
Nottingham,2017,06-11-2017,20:00:00,10.16433769,9.620888606,19.28328531,2017-11-06T20:00:00Z
Nottingham,2017,06-11-2017,21:00:00,0,0,6.694557833,2017-11-06T21:00:00Z
Nottingham,2017,06-11-2017,22:00:00,10.76312678,18.94573703,12.95170121,2017-11-06T22:00:00Z
Nottingham,2017,06-11-2017,23:00:00,0.755332746,22.84781984,4.80327769,2017-11-06T23:00:00Z
Nottingham,2017,07-11-2017,00:00:00,26.28708876,37.11722764,32.92702042,2017-11-07T00:00:00Z
Nottingham,2017,07-11-2017,01:00:00,22.89337704,26.37862691,13.48018306,2017-11-07T01:00:00Z
Nottingham,2017,07-11-2017,02:00:00,8.993866248,3.279247915,3.572535406,2017-11-07T02:00:00Z
Nottingham,2017,07-11-2017,03:00:00,7.701309088,27.61666487,11.8817902,2017-11-07T03:00:00Z
Nottingham,2017,07-11-2017,04:00:00,1.1669553,37.36365938,12.97665223,2017-11-07T04:00:00Z
Nottingham,2017,07-11-2017,05:00:00,10.96523396,3.640856391,13.13771143,2017-11-07T05:00:00Z
Nottingham,2017,07-11-2017,06:00:00,18.33518806,0.578421401,10.45770373,2017-11-07T06:00:00Z
Nottingham,2017,07-11-2017,07:00:00,17.6601518,46.9391112,23.27981823,2017-11-07T07:00:00Z
Nottingham,2017,07-11-2017,08:00:00,2.142651046,12.37058256,0,2017-11-07T08:00:00Z
Nottingham,2017,07-11-2017,09:00:00,20.60192063,25.3920239,14.99322262,2017-11-07T09:00:00Z
Nottingham,2017,07-11-2017,10:00:00,22.30095841,43.46590116,23.42909294,2017-11-07T10:00:00Z
Nottingham,2017,07-11-2017,11:00:00,11.99441529,43.07910108,32.68428581,2017-11-07T11:00:00Z
Nottingham,2017,07-11-2017,12:00:00,24.3846482,37.83505111,32.23921977,2017-11-07T12:00:00Z
Nottingham,2017,07-11-2017,13:00:00,10.39680416,35.62215381,34.37495027,2017-11-07T13:00:00Z
Nottingham,2017,07-11-2017,14:00:00,0,7.40394082,0.204539507,2017-11-07T14:00:00Z
Nottingham,2017,07-11-2017,15:00:00,7.386406024,35.31095601,19.40556068,2017-11-07T15:00:00Z
Nottingham,2017,07-11-2017,16:00:00,5.336403403,9.849196429,12.40503533,2017-11-07T16:00:00Z
Nottingham,2017,07-11-2017,17:00:00,3.094889273,19.02231035,13.34440407,2017-11-07T17:00:00Z
Nottingham,2017,07-11-2017,18:00:00,14.43244288,12.496015,19.1257209,2017-11-07T18:00:00Z
Nottingham,2017,07-11-2017,19:00:00,0,0,7.530689543,2017-11-07T19:00:00Z
Nottingham,2017,07-11-2017,20:00:00,0,2.832966003,6.112622789,2017-11-07T20:00:00Z
Nottingham,2017,07-11-2017,21:00:00,4.572046299,1.253801428,13.37975337,2017-11-07T21:00:00Z
Nottingham,2017,07-11-2017,22:00:00,0,22.80515864,11.71659584,2017-11-07T22:00:00Z
Nottingham,2017,07-11-2017,23:00:00,0,34.35449932,16.65097568,2017-11-07T23:00:00Z
Nottingham,2017,08-11-2017,00:00:00,1.969510277,27.15265698,23.88204437,2017-11-08T00:00:00Z
Nottingham,2017,08-11-2017,01:00:00,18.76263957,37.60635341,16.08804784,2017-11-08T01:00:00Z
Nottingham,2017,08-11-2017,02:00:00,0,0,4.179004846,2017-11-08T02:00:00Z
Nottingham,2017,08-11-2017,03:00:00,1.056087742,3.660180155,6.997726398,2017-11-08T03:00:00Z
Nottingham,2017,08-11-2017,04:00:00,15.91293554,0,14.49761274,2017-11-08T04:00:00Z
Nottingham,2017,08-11-2017,05:00:00,3.508847409,11.53177133,12.66552723,2017-11-08T05:00:00Z
Nottingham,2017,08-11-2017,06:00:00,5.437298116,24.58099136,7.027592968,2017-11-08T06:00:00Z
Nottingham,2017,08-11-2017,07:00:00,6.727762169,41.41978192,18.81935737,2017-11-08T07:00:00Z
Nottingham,2017,08-11-2017,08:00:00,0,4.674724899,1.875263161,2017-11-08T08:00:00Z
Nottingham,2017,08-11-2017,09:00:00,0,10.53622318,3.325053061,2017-11-08T09:00:00Z
Nottingham,2017,08-11-2017,10:00:00,6.098577463,0,4.97538381,2017-11-08T10:00:00Z
Nottingham,2017,08-11-2017,11:00:00,0.228415558,26.17671743,13.71354772,2017-11-08T11:00:00Z
Nottingham,2017,08-11-2017,12:00:00,13.60960555,14.8226869,11.34194524,2017-11-08T12:00:00Z
Nottingham,2017,08-11-2017,13:00:00,0.35424291,12.44771735,17.17027261,2017-11-08T13:00:00Z
Nottingham,2017,08-11-2017,14:00:00,11.30657883,27.21610302,20.86215472,2017-11-08T14:00:00Z
Nottingham,2017,08-11-2017,15:00:00,3.41105846,16.25123747,14.44064913,2017-11-08T15:00:00Z
Nottingham,2017,08-11-2017,16:00:00,14.1152453,16.10842151,5.757399342,2017-11-08T16:00:00Z
Nottingham,2017,08-11-2017,17:00:00,6.786808275,16.39544545,23.8429138,2017-11-08T17:00:00Z
Nottingham,2017,08-11-2017,18:00:00,4.93043564,2.89986337,8.03499966,2017-11-08T18:00:00Z
Nottingham,2017,08-11-2017,19:00:00,0.110778963,19.30030229,14.98077027,2017-11-08T19:00:00Z
Nottingham,2017,08-11-2017,20:00:00,17.23494549,17.85960331,21.53463708,2017-11-08T20:00:00Z
Nottingham,2017,08-11-2017,21:00:00,14.26685733,23.75052859,10.15417289,2017-11-08T21:00:00Z
Nottingham,2017,08-11-2017,22:00:00,14.43068256,25.28599248,19.07254236,2017-11-08T22:00:00Z
Nottingham,2017,08-11-2017,23:00:00,13.19324992,21.44128636,16.40442451,2017-11-08T23:00:00Z
Nottingham,2017,09-11-2017,00:00:00,2.404588204,19.82878329,14.5069922,2017-11-09T00:00:00Z
Nottingham,2017,09-11-2017,01:00:00,26.70461537,31.72744631,17.18474831,2017-11-09T01:00:00Z
Nottingham,2017,09-11-2017,02:00:00,7.398644289,37.49133938,20.12402151,2017-11-09T02:00:00Z
Nottingham,2017,09-11-2017,03:00:00,0,1.512903364,13.71616764,2017-11-09T03:00:00Z
Nottingham,2017,09-11-2017,04:00:00,8.556115733,15.3697699,25.3306684,2017-11-09T04:00:00Z
Nottingham,2017,09-11-2017,05:00:00,0,9.775207839,6.143300215,2017-11-09T05:00:00Z
Nottingham,2017,09-11-2017,06:00:00,7.766794936,7.569915242,20.9317307,2017-11-09T06:00:00Z
Nottingham,2017,09-11-2017,07:00:00,1.267306404,16.54226015,10.93972578,2017-11-09T07:00:00Z
Nottingham,2017,09-11-2017,08:00:00,11.01436897,26.69114274,20.76211081,2017-11-09T08:00:00Z
Nottingham,2017,09-11-2017,09:00:00,9.264958441,38.33717392,22.91113422,2017-11-09T09:00:00Z
Nottingham,2017,09-11-2017,10:00:00,19.29302776,23.03049627,27.99956042,2017-11-09T10:00:00Z
Nottingham,2017,09-11-2017,11:00:00,0,10.17584229,6.25594968,2017-11-09T11:00:00Z
Nottingham,2017,09-11-2017,12:00:00,2.574676226,19.2339217,3.204800782,2017-11-09T12:00:00Z
Nottingham,2017,09-11-2017,13:00:00,2.725144651,29.21078364,15.77908017,2017-11-09T13:00:00Z
Nottingham,2017,09-11-2017,14:00:00,7.359603273,6.466723063,19.26396186,2017-11-09T14:00:00Z
Nottingham,2017,09-11-2017,15:00:00,10.14657594,2.554424593,6.979726458,2017-11-09T15:00:00Z
Nottingham,2017,09-11-2017,16:00:00,14.92287082,33.75526021,18.07156225,2017-11-09T16:00:00Z
Nottingham,2017,09-11-2017,17:00:00,0.29154478,15.42151353,13.80936589,2017-11-09T17:00:00Z
Nottingham,2017,09-11-2017,18:00:00,15.38507986,21.42840837,22.83270523,2017-11-09T18:00:00Z
Nottingham,2017,09-11-2017,19:00:00,0,16.56550206,2.959730433,2017-11-09T19:00:00Z
Nottingham,2017,09-11-2017,20:00:00,9.615591771,16.70384989,22.91025745,2017-11-09T20:00:00Z
Nottingham,2017,09-11-2017,21:00:00,5.921930364,35.36161316,21.40273671,2017-11-09T21:00:00Z
Nottingham,2017,09-11-2017,22:00:00,4.589442703,14.47948269,5.916642387,2017-11-09T22:00:00Z
Nottingham,2017,09-11-2017,23:00:00,10.08152226,15.70119573,11.18455361,2017-11-09T23:00:00Z
Nottingham,2017,10-11-2017,00:00:00,23.83559776,35.02448164,35.62106926,2017-11-10T00:00:00Z
Nottingham,2017,10-11-2017,01:00:00,3.924538576,40.12888107,19.60458203,2017-11-10T01:00:00Z
Nottingham,2017,10-11-2017,02:00:00,16.75346747,20.16280629,15.78394161,2017-11-10T02:00:00Z
Nottingham,2017,10-11-2017,03:00:00,16.62863053,37.52449951,21.41032437,2017-11-10T03:00:00Z
Nottingham,2017,10-11-2017,04:00:00,7.07903354,7.929718172,6.599106281,2017-11-10T04:00:00Z
Nottingham,2017,10-11-2017,05:00:00,17.56201637,24.91372909,13.61496295,2017-11-10T05:00:00Z
Nottingham,2017,10-11-2017,06:00:00,6.873752928,0,12.29494701,2017-11-10T06:00:00Z
Nottingham,2017,10-11-2017,07:00:00,17.36871681,52.79674827,16.25796845,2017-11-10T07:00:00Z
Nottingham,2017,10-11-2017,08:00:00,0,18.31339518,7.636676487,2017-11-10T08:00:00Z
Nottingham,2017,10-11-2017,09:00:00,15.25549728,16.44689827,14.71065689,2017-11-10T09:00:00Z
Nottingham,2017,10-11-2017,10:00:00,4.439601142,3.946080941,5.909757293,2017-11-10T10:00:00Z
Nottingham,2017,10-11-2017,11:00:00,0,2.979738478,7.323145683,2017-11-10T11:00:00Z
Nottingham,2017,10-11-2017,12:00:00,15.54311523,31.05442933,18.99113393,2017-11-10T12:00:00Z
Nottingham,2017,10-11-2017,13:00:00,2.674662343,22.3976489,9.968860462,2017-11-10T13:00:00Z
Nottingham,2017,10-11-2017,14:00:00,13.85636023,33.3894689,35.18352501,2017-11-10T14:00:00Z
Nottingham,2017,10-11-2017,15:00:00,3.850945724,18.96669839,21.12211251,2017-11-10T15:00:00Z
Nottingham,2017,10-11-2017,16:00:00,0,23.43532237,22.80910092,2017-11-10T16:00:00Z
Nottingham,2017,10-11-2017,17:00:00,2.340322477,20.78555915,9.564287857,2017-11-10T17:00:00Z
Nottingham,2017,10-11-2017,18:00:00,3.330262349,16.46343086,5.988357216,2017-11-10T18:00:00Z
Nottingham,2017,10-11-2017,19:00:00,18.69003967,30.62603067,26.02049442,2017-11-10T19:00:00Z
Nottingham,2017,10-11-2017,20:00:00,7.113818913,18.06203486,23.94100708,2017-11-10T20:00:00Z
Nottingham,2017,10-11-2017,21:00:00,0,18.77635497,4.979695529,2017-11-10T21:00:00Z
Nottingham,2017,10-11-2017,22:00:00,16.87878746,41.2159627,29.22347462,2017-11-10T22:00:00Z
Nottingham,2017,10-11-2017,23:00:00,0,0,0,2017-11-10T23:00:00Z
Nottingham,2018,01-11-2018,00:00:00,0,0.228624412,5.562352329,2018-11-01T00:00:00Z
Nottingham,2018,01-11-2018,01:00:00,12.64153053,26.60908058,10.50597671,2018-11-01T01:00:00Z
Nottingham,2018,01-11-2018,02:00:00,25.85788215,44.44153898,22.85107504,2018-11-01T02:00:00Z
Nottingham,2018,01-11-2018,03:00:00,9.317942884,0,3.535793989,2018-11-01T03:00:00Z
Nottingham,2018,01-11-2018,04:00:00,0,3.105397665,0,2018-11-01T04:00:00Z
Nottingham,2018,01-11-2018,05:00:00,1.633573637,24.20831375,15.38373122,2018-11-01T05:00:00Z
Nottingham,2018,01-11-2018,06:00:00,12.38887067,17.6958784,14.9853959,2018-11-01T06:00:00Z
Nottingham,2018,01-11-2018,07:00:00,2.427880942,4.759545466,0,2018-11-01T07:00:00Z
Nottingham,2018,01-11-2018,08:00:00,6.615438,43.14052865,18.73077261,2018-11-01T08:00:00Z
Nottingham,2018,01-11-2018,09:00:00,10.36398024,31.59058485,25.85284368,2018-11-01T09:00:00Z
Nottingham,2018,01-11-2018,10:00:00,16.86710413,32.02132347,17.33005054,2018-11-01T10:00:00Z
Nottingham,2018,01-11-2018,11:00:00,2.396279908,19.87294562,17.45098385,2018-11-01T11:00:00Z
Nottingham,2018,01-11-2018,12:00:00,23.29257592,25.10285092,19.95219151,2018-11-01T12:00:00Z
Nottingham,2018,01-11-2018,13:00:00,17.23556059,22.81367799,20.20494159,2018-11-01T13:00:00Z
Nottingham,2018,01-11-2018,14:00:00,9.145929241,17.35923774,9.14735912,2018-11-01T14:00:00Z
Nottingham,2018,01-11-2018,15:00:00,0,8.574117756,11.0623856,2018-11-01T15:00:00Z
Nottingham,2018,01-11-2018,16:00:00,8.227515229,30.9936138,24.89427164,2018-11-01T16:00:00Z
Nottingham,2018,01-11-2018,17:00:00,14.88227663,38.07297445,15.45483392,2018-11-01T17:00:00Z
Nottingham,2018,01-11-2018,18:00:00,4.655250884,0,2.570539183,2018-11-01T18:00:00Z
Nottingham,2018,01-11-2018,19:00:00,8.132455308,56.45684849,23.55767306,2018-11-01T19:00:00Z
Nottingham,2018,01-11-2018,20:00:00,1.29170991,20.64837619,17.50436348,2018-11-01T20:00:00Z
Nottingham,2018,01-11-2018,21:00:00,1.473105966,0,6.134182973,2018-11-01T21:00:00Z
Nottingham,2018,01-11-2018,22:00:00,11.57088627,23.19059294,20.49269899,2018-11-01T22:00:00Z
Nottingham,2018,01-11-2018,23:00:00,15.06339693,20.94041863,27.81545032,2018-11-01T23:00:00Z
Nottingham,2018,02-11-2018,00:00:00,13.20362863,40.51304931,20.53976518,2018-11-02T00:00:00Z
Nottingham,2018,02-11-2018,01:00:00,4.931660517,13.65502604,0,2018-11-02T01:00:00Z
Nottingham,2018,02-11-2018,02:00:00,7.263242609,41.70486033,16.29450829,2018-11-02T02:00:00Z
Nottingham,2018,02-11-2018,03:00:00,8.810848514,0,8.711227207,2018-11-02T03:00:00Z
Nottingham,2018,02-11-2018,04:00:00,5.713170005,20.43887189,16.92898821,2018-11-02T04:00:00Z
Nottingham,2018,02-11-2018,05:00:00,15.48030094,47.37939161,30.12748641,2018-11-02T05:00:00Z
Nottingham,2018,02-11-2018,06:00:00,11.95924592,27.10511134,20.18285083,2018-11-02T06:00:00Z
Nottingham,2018,02-11-2018,07:00:00,16.58480157,48.32879432,19.70829916,2018-11-02T07:00:00Z
Nottingham,2018,02-11-2018,08:00:00,4.052742642,24.46122895,1.145511282,2018-11-02T08:00:00Z
Nottingham,2018,02-11-2018,09:00:00,10.06838667,23.89461998,18.41915924,2018-11-02T09:00:00Z
Nottingham,2018,02-11-2018,10:00:00,0,3.468517001,16.81692911,2018-11-02T10:00:00Z
Nottingham,2018,02-11-2018,11:00:00,7.461729138,15.64698755,18.474951,2018-11-02T11:00:00Z
Nottingham,2018,02-11-2018,12:00:00,14.93202495,24.1368631,26.46248361,2018-11-02T12:00:00Z
Nottingham,2018,02-11-2018,13:00:00,11.48164664,17.62077923,14.81230217,2018-11-02T13:00:00Z
Nottingham,2018,02-11-2018,14:00:00,16.61060641,47.34172454,14.60479548,2018-11-02T14:00:00Z
Nottingham,2018,02-11-2018,15:00:00,0,0,11.14846999,2018-11-02T15:00:00Z
Nottingham,2018,02-11-2018,16:00:00,0,6.696877182,13.63399384,2018-11-02T16:00:00Z
Nottingham,2018,02-11-2018,17:00:00,0,20.55758879,0,2018-11-02T17:00:00Z
Nottingham,2018,02-11-2018,18:00:00,13.49766967,14.83574861,19.79356304,2018-11-02T18:00:00Z
Nottingham,2018,02-11-2018,19:00:00,2.439881454,5.869970733,0,2018-11-02T19:00:00Z
Nottingham,2018,02-11-2018,20:00:00,0,12.90205692,10.0907977,2018-11-02T20:00:00Z
Nottingham,2018,02-11-2018,21:00:00,9.417175425,25.33191016,21.21058992,2018-11-02T21:00:00Z
Nottingham,2018,02-11-2018,22:00:00,3.47662513,1.354954505,9.24453803,2018-11-02T22:00:00Z
Nottingham,2018,02-11-2018,23:00:00,9.624150154,22.6955945,12.87167603,2018-11-02T23:00:00Z
Nottingham,2018,03-11-2018,00:00:00,15.87162773,17.17799284,26.06989435,2018-11-03T00:00:00Z
Nottingham,2018,03-11-2018,01:00:00,11.22757159,16.77040097,13.45039345,2018-11-03T01:00:00Z
Nottingham,2018,03-11-2018,02:00:00,9.647388953,11.53366876,15.39645417,2018-11-03T02:00:00Z
Nottingham,2018,03-11-2018,03:00:00,7.432268788,15.6336976,15.30782295,2018-11-03T03:00:00Z
Nottingham,2018,03-11-2018,04:00:00,4.606346651,0,12.23380822,2018-11-03T04:00:00Z
Nottingham,2018,03-11-2018,05:00:00,8.286224688,38.92012821,21.94856206,2018-11-03T05:00:00Z
Nottingham,2018,03-11-2018,06:00:00,16.21287669,47.85944711,19.02292343,2018-11-03T06:00:00Z
Nottingham,2018,03-11-2018,07:00:00,2.319189004,17.14307213,8.893294062,2018-11-03T07:00:00Z
Nottingham,2018,03-11-2018,08:00:00,4.065478389,0,0,2018-11-03T08:00:00Z
Nottingham,2018,03-11-2018,09:00:00,16.80130575,26.70802331,13.58091109,2018-11-03T09:00:00Z
Nottingham,2018,03-11-2018,10:00:00,12.07810394,4.478806549,12.73698962,2018-11-03T10:00:00Z
Nottingham,2018,03-11-2018,11:00:00,6.555033144,0,11.05195697,2018-11-03T11:00:00Z
Nottingham,2018,03-11-2018,12:00:00,11.9268159,12.48432982,7.554483691,2018-11-03T12:00:00Z
Nottingham,2018,03-11-2018,13:00:00,10.99320221,15.75376388,15.73988671,2018-11-03T13:00:00Z
Nottingham,2018,03-11-2018,14:00:00,1.911169842,9.224115172,10.44399979,2018-11-03T14:00:00Z
Nottingham,2018,03-11-2018,15:00:00,6.598482552,0,0,2018-11-03T15:00:00Z
Nottingham,2018,03-11-2018,16:00:00,9.32629742,13.80553173,19.38285138,2018-11-03T16:00:00Z
Nottingham,2018,03-11-2018,17:00:00,9.689084108,28.45370774,17.33342269,2018-11-03T17:00:00Z
Nottingham,2018,03-11-2018,18:00:00,7.867645847,17.32438106,15.6920804,2018-11-03T18:00:00Z
Nottingham,2018,03-11-2018,19:00:00,0,19.49037415,5.588831683,2018-11-03T19:00:00Z
Nottingham,2018,03-11-2018,20:00:00,10.15126353,53.38310158,34.80729079,2018-11-03T20:00:00Z
Nottingham,2018,03-11-2018,21:00:00,2.282654236,24.81788598,14.16360834,2018-11-03T21:00:00Z
Nottingham,2018,03-11-2018,22:00:00,6.957047666,13.36688524,21.73646471,2018-11-03T22:00:00Z
Nottingham,2018,03-11-2018,23:00:00,8.06991678,0,0,2018-11-03T23:00:00Z
Nottingham,2018,04-11-2018,00:00:00,9.679341886,9.856066828,13.1142798,2018-11-04T00:00:00Z
Nottingham,2018,04-11-2018,01:00:00,9.702219166,13.55811887,9.670230835,2018-11-04T01:00:00Z
Nottingham,2018,04-11-2018,02:00:00,6.151573598,12.49749021,10.93500898,2018-11-04T02:00:00Z
Nottingham,2018,04-11-2018,03:00:00,4.107901831,33.36546236,15.72232756,2018-11-04T03:00:00Z
Nottingham,2018,04-11-2018,04:00:00,16.38085646,20.72173953,10.88775061,2018-11-04T04:00:00Z
Nottingham,2018,04-11-2018,05:00:00,0.291327737,23.82061776,13.1392731,2018-11-04T05:00:00Z
Nottingham,2018,04-11-2018,06:00:00,13.10588006,48.32263047,27.13653416,2018-11-04T06:00:00Z
Nottingham,2018,04-11-2018,07:00:00,12.21302893,5.26908651,16.57734078,2018-11-04T07:00:00Z
Nottingham,2018,04-11-2018,08:00:00,4.671639011,28.32928206,5.598783189,2018-11-04T08:00:00Z
Nottingham,2018,04-11-2018,09:00:00,18.37297767,9.904270728,20.83466469,2018-11-04T09:00:00Z
Nottingham,2018,04-11-2018,10:00:00,18.60804224,25.31584213,25.1385885,2018-11-04T10:00:00Z
Nottingham,2018,04-11-2018,11:00:00,2.767292647,14.04181722,18.36818836,2018-11-04T11:00:00Z
Nottingham,2018,04-11-2018,12:00:00,20.21768598,16.5590813,19.36946667,2018-11-04T12:00:00Z
Nottingham,2018,04-11-2018,13:00:00,10.7407,12.43655768,12.54400064,2018-11-04T13:00:00Z
Nottingham,2018,04-11-2018,14:00:00,0.504573734,8.284601532,3.968061784,2018-11-04T14:00:00Z
Nottingham,2018,04-11-2018,15:00:00,13.02260211,20.83769896,15.00338494,2018-11-04T15:00:00Z
Nottingham,2018,04-11-2018,16:00:00,6.100982497,20.48862626,17.49450123,2018-11-04T16:00:00Z
Nottingham,2018,04-11-2018,17:00:00,16.10357142,9.792974552,14.5508704,2018-11-04T17:00:00Z
Nottingham,2018,04-11-2018,18:00:00,10.89069025,25.0662746,23.56176218,2018-11-04T18:00:00Z
Nottingham,2018,04-11-2018,19:00:00,0,10.52430053,4.750410283,2018-11-04T19:00:00Z
Nottingham,2018,04-11-2018,20:00:00,2.332661024,8.867838993,14.57150465,2018-11-04T20:00:00Z
Nottingham,2018,04-11-2018,21:00:00,0,10.09007393,7.505319865,2018-11-04T21:00:00Z
Nottingham,2018,04-11-2018,22:00:00,12.51939777,39.86959354,23.31534198,2018-11-04T22:00:00Z
Nottingham,2018,04-11-2018,23:00:00,7.674711767,36.36336685,13.69327558,2018-11-04T23:00:00Z
Nottingham,2018,05-11-2018,00:00:00,50.64883159,131.995004,97.83515978,2018-11-05T00:00:00Z
Nottingham,2018,05-11-2018,01:00:00,65.58637771,138.3402182,101.763126,2018-11-05T01:00:00Z
Nottingham,2018,05-11-2018,02:00:00,52.65277523,124.3274144,95.88445929,2018-11-05T02:00:00Z
Nottingham,2018,05-11-2018,03:00:00,99.77901331,193.1211169,151.1001187,2018-11-05T03:00:00Z
Nottingham,2018,05-11-2018,04:00:00,34.18419562,110.9707295,82.946298,2018-11-05T04:00:00Z
Nottingham,2018,05-11-2018,05:00:00,39.28024136,103.3716356,89.01052551,2018-11-05T05:00:00Z
Nottingham,2018,05-11-2018,06:00:00,25.72528449,96.44507751,67.54222415,2018-11-05T06:00:00Z
Nottingham,2018,05-11-2018,07:00:00,32.18932678,75.28155342,59.78879803,2018-11-05T07:00:00Z
Nottingham,2018,05-11-2018,08:00:00,77.25244054,150.3641575,108.7878015,2018-11-05T08:00:00Z
Nottingham,2018,05-11-2018,09:00:00,24.79802033,93.07396072,63.33646151,2018-11-05T09:00:00Z
Nottingham,2018,05-11-2018,10:00:00,92.34292167,155.4855582,122.2873525,2018-11-05T10:00:00Z
Nottingham,2018,05-11-2018,11:00:00,31.38845241,98.72706354,72.43748866,2018-11-05T11:00:00Z
Nottingham,2018,05-11-2018,12:00:00,39.49746108,75.32674246,72.13554598,2018-11-05T12:00:00Z
Nottingham,2018,05-11-2018,13:00:00,21.90629826,38.85363232,37.74902512,2018-11-05T13:00:00Z
Nottingham,2018,05-11-2018,14:00:00,33.28557063,101.7017473,73.26372927,2018-11-05T14:00:00Z
Nottingham,2018,05-11-2018,15:00:00,39.37875761,120.3675342,94.09434331,2018-11-05T15:00:00Z
Nottingham,2018,05-11-2018,16:00:00,25.37859346,85.524682,54.75975582,2018-11-05T16:00:00Z
Nottingham,2018,05-11-2018,17:00:00,32.80940259,73.97680814,68.79101772,2018-11-05T17:00:00Z
Nottingham,2018,05-11-2018,18:00:00,112.8169924,241.3845899,171.3132014,2018-11-05T18:00:00Z
Nottingham,2018,05-11-2018,19:00:00,49.43965009,112.7673605,97.33273838,2018-11-05T19:00:00Z
Nottingham,2018,05-11-2018,20:00:00,64.44348313,135.2268875,107.6703958,2018-11-05T20:00:00Z
Nottingham,2018,05-11-2018,21:00:00,59.00248196,129.0056075,107.294787,2018-11-05T21:00:00Z
Nottingham,2018,05-11-2018,22:00:00,20.3409899,80.74605666,58.96101848,2018-11-05T22:00:00Z
Nottingham,2018,05-11-2018,23:00:00,45.27418945,104.6633259,85.116239,2018-11-05T23:00:00Z
Nottingham,2018,06-11-2018,00:00:00,12.95321306,32.13920562,11.95206855,2018-11-06T00:00:00Z
Nottingham,2018,06-11-2018,01:00:00,10.09743364,10.88808969,14.52221858,2018-11-06T01:00:00Z
Nottingham,2018,06-11-2018,02:00:00,12.82065639,38.78538195,22.97892593,2018-11-06T02:00:00Z
Nottingham,2018,06-11-2018,03:00:00,12.9860174,59.87993853,24.19021084,2018-11-06T03:00:00Z
Nottingham,2018,06-11-2018,04:00:00,8.684552451,20.01428915,8.459265446,2018-11-06T04:00:00Z
Nottingham,2018,06-11-2018,05:00:00,13.98793291,9.856493294,24.02375369,2018-11-06T05:00:00Z
Nottingham,2018,06-11-2018,06:00:00,0.915981522,26.29866427,19.81501202,2018-11-06T06:00:00Z
Nottingham,2018,06-11-2018,07:00:00,0,8.506912564,11.01366449,2018-11-06T07:00:00Z
Nottingham,2018,06-11-2018,08:00:00,7.015920234,1.459342329,3.168458987,2018-11-06T08:00:00Z
Nottingham,2018,06-11-2018,09:00:00,23.60331149,25.6304522,23.52851797,2018-11-06T09:00:00Z
Nottingham,2018,06-11-2018,10:00:00,19.05977431,38.06496212,25.88155064,2018-11-06T10:00:00Z
Nottingham,2018,06-11-2018,11:00:00,12.57271475,36.41028667,14.51683093,2018-11-06T11:00:00Z
Nottingham,2018,06-11-2018,12:00:00,2.426058176,17.82888632,12.11803807,2018-11-06T12:00:00Z
Nottingham,2018,06-11-2018,13:00:00,10.93147834,0,1.59702679,2018-11-06T13:00:00Z
Nottingham,2018,06-11-2018,14:00:00,8.796275565,10.66914577,15.73000312,2018-11-06T14:00:00Z
Nottingham,2018,06-11-2018,15:00:00,7.333573551,23.09557174,13.3141446,2018-11-06T15:00:00Z
Nottingham,2018,06-11-2018,16:00:00,6.395262836,11.81104264,21.75572187,2018-11-06T16:00:00Z
Nottingham,2018,06-11-2018,17:00:00,8.792905332,0,2.179743968,2018-11-06T17:00:00Z
Nottingham,2018,06-11-2018,18:00:00,4.609858822,12.00409868,3.036948524,2018-11-06T18:00:00Z
Nottingham,2018,06-11-2018,19:00:00,10.9453882,20.21924475,4.438927131,2018-11-06T19:00:00Z
Nottingham,2018,06-11-2018,20:00:00,5.267265141,36.0133378,12.82004976,2018-11-06T20:00:00Z
Nottingham,2018,06-11-2018,21:00:00,9.211844964,48.10920443,23.01993924,2018-11-06T21:00:00Z
Nottingham,2018,06-11-2018,22:00:00,18.63335855,31.08530701,30.1586007,2018-11-06T22:00:00Z
Nottingham,2018,06-11-2018,23:00:00,9.73004001,40.58359839,27.36881306,2018-11-06T23:00:00Z
Nottingham,2018,07-11-2018,00:00:00,6.86140916,26.55477743,16.99152259,2018-11-07T00:00:00Z
Nottingham,2018,07-11-2018,01:00:00,0.201710416,7.4434705,6.448938053,2018-11-07T01:00:00Z
Nottingham,2018,07-11-2018,02:00:00,6.655996971,0,5.903221725,2018-11-07T02:00:00Z
Nottingham,2018,07-11-2018,03:00:00,9.708096935,34.90799199,20.4951833,2018-11-07T03:00:00Z
Nottingham,2018,07-11-2018,04:00:00,7.982227848,13.96698633,13.13862763,2018-11-07T04:00:00Z
Nottingham,2018,07-11-2018,05:00:00,5.698157172,38.75115285,20.08012603,2018-11-07T05:00:00Z
Nottingham,2018,07-11-2018,06:00:00,12.86658384,55.48984127,17.87656016,2018-11-07T06:00:00Z
Nottingham,2018,07-11-2018,07:00:00,4.56181453,16.02665372,11.29036819,2018-11-07T07:00:00Z
Nottingham,2018,07-11-2018,08:00:00,11.20723178,31.36710859,16.7343528,2018-11-07T08:00:00Z
Nottingham,2018,07-11-2018,09:00:00,15.79140894,0.731604481,1.722813585,2018-11-07T09:00:00Z
Nottingham,2018,07-11-2018,10:00:00,8.602464753,25.26810911,7.730030318,2018-11-07T10:00:00Z
Nottingham,2018,07-11-2018,11:00:00,12.38942928,0,15.99042136,2018-11-07T11:00:00Z
Nottingham,2018,07-11-2018,12:00:00,16.40517585,35.57509219,15.93360056,2018-11-07T12:00:00Z
Nottingham,2018,07-11-2018,13:00:00,3.539447159,6.327646981,13.96833409,2018-11-07T13:00:00Z
Nottingham,2018,07-11-2018,14:00:00,9.616049211,5.816244118,12.08663299,2018-11-07T14:00:00Z
Nottingham,2018,07-11-2018,15:00:00,2.635303498,15.16106117,8.112669066,2018-11-07T15:00:00Z
Nottingham,2018,07-11-2018,16:00:00,10.69464482,31.68911187,18.65182054,2018-11-07T16:00:00Z
Nottingham,2018,07-11-2018,17:00:00,5.172751002,7.040990822,8.873181862,2018-11-07T17:00:00Z
Nottingham,2018,07-11-2018,18:00:00,19.33466157,13.44634045,13.77488288,2018-11-07T18:00:00Z
Nottingham,2018,07-11-2018,19:00:00,0,0,0,2018-11-07T19:00:00Z
Nottingham,2018,07-11-2018,20:00:00,9.170614397,6.848438736,8.429873837,2018-11-07T20:00:00Z
Nottingham,2018,07-11-2018,21:00:00,0.192715439,39.03935028,21.82782137,2018-11-07T21:00:00Z
Nottingham,2018,07-11-2018,22:00:00,13.34035847,19.46273288,10.25479623,2018-11-07T22:00:00Z
Nottingham,2018,07-11-2018,23:00:00,9.74604475,13.59195956,15.11784851,2018-11-07T23:00:00Z
Nottingham,2018,08-11-2018,00:00:00,19.61324029,53.06793226,35.23597233,2018-11-08T00:00:00Z
Nottingham,2018,08-11-2018,01:00:00,5.895420497,29.92377129,19.3269568,2018-11-08T01:00:00Z
Nottingham,2018,08-11-2018,02:00:00,8.507930451,7.812831539,14.1414008,2018-11-08T02:00:00Z
Nottingham,2018,08-11-2018,03:00:00,9.477482402,20.95374809,14.35987993,2018-11-08T03:00:00Z
Nottingham,2018,08-11-2018,04:00:00,13.99845859,43.79840501,20.15568178,2018-11-08T04:00:00Z
Nottingham,2018,08-11-2018,05:00:00,9.78145637,24.32844367,19.54107797,2018-11-08T05:00:00Z
Nottingham,2018,08-11-2018,06:00:00,18.04737056,23.90333723,18.75853382,2018-11-08T06:00:00Z
Nottingham,2018,08-11-2018,07:00:00,0,1.769849547,2.513450313,2018-11-08T07:00:00Z
Nottingham,2018,08-11-2018,08:00:00,10.0397812,11.75198748,7.508398178,2018-11-08T08:00:00Z
Nottingham,2018,08-11-2018,09:00:00,14.95052373,26.37567702,15.78397782,2018-11-08T09:00:00Z
Nottingham,2018,08-11-2018,10:00:00,6.7495847,17.45668622,22.08621086,2018-11-08T10:00:00Z
Nottingham,2018,08-11-2018,11:00:00,7.707956956,14.15778229,3.17361246,2018-11-08T11:00:00Z
Nottingham,2018,08-11-2018,12:00:00,6.090717842,21.9308148,19.33843461,2018-11-08T12:00:00Z
Nottingham,2018,08-11-2018,13:00:00,11.1425139,20.60518321,17.0415015,2018-11-08T13:00:00Z
Nottingham,2018,08-11-2018,14:00:00,8.716398546,16.88225318,2.169580449,2018-11-08T14:00:00Z
Nottingham,2018,08-11-2018,15:00:00,9.808655698,26.0809459,16.18501308,2018-11-08T15:00:00Z
Nottingham,2018,08-11-2018,16:00:00,6.333807561,13.47188616,8.107825725,2018-11-08T16:00:00Z
Nottingham,2018,08-11-2018,17:00:00,0.498400048,14.47931944,11.4837333,2018-11-08T17:00:00Z
Nottingham,2018,08-11-2018,18:00:00,22.84297219,40.04362531,21.41189842,2018-11-08T18:00:00Z
Nottingham,2018,08-11-2018,19:00:00,2.709301131,14.96870689,16.26222,2018-11-08T19:00:00Z
Nottingham,2018,08-11-2018,20:00:00,14.1626678,25.27275617,17.66145851,2018-11-08T20:00:00Z
Nottingham,2018,08-11-2018,21:00:00,3.098772031,24.27494848,16.47486357,2018-11-08T21:00:00Z
Nottingham,2018,08-11-2018,22:00:00,0.691067146,22.90209221,7.571011012,2018-11-08T22:00:00Z
Nottingham,2018,08-11-2018,23:00:00,7.836548404,4.281123754,10.93847001,2018-11-08T23:00:00Z
Nottingham,2018,09-11-2018,00:00:00,15.07352182,30.32674514,30.04879843,2018-11-09T00:00:00Z
Nottingham,2018,09-11-2018,01:00:00,2.505609834,25.32288511,11.54795819,2018-11-09T01:00:00Z
Nottingham,2018,09-11-2018,02:00:00,9.285164713,3.5460529,4.890979838,2018-11-09T02:00:00Z
Nottingham,2018,09-11-2018,03:00:00,7.936358881,0,9.150471072,2018-11-09T03:00:00Z
Nottingham,2018,09-11-2018,04:00:00,9.696293451,26.54366545,13.09471091,2018-11-09T04:00:00Z
Nottingham,2018,09-11-2018,05:00:00,2.890130033,37.84527372,33.34785379,2018-11-09T05:00:00Z
Nottingham,2018,09-11-2018,06:00:00,2.953986794,0,4.478010569,2018-11-09T06:00:00Z
Nottingham,2018,09-11-2018,07:00:00,19.61324047,41.93874125,24.5444988,2018-11-09T07:00:00Z
Nottingham,2018,09-11-2018,08:00:00,0.867270251,0,0,2018-11-09T08:00:00Z
Nottingham,2018,09-11-2018,09:00:00,8.371244,23.05285578,21.80208728,2018-11-09T09:00:00Z
Nottingham,2018,09-11-2018,10:00:00,5.3488699,8.947983004,8.455440654,2018-11-09T10:00:00Z
Nottingham,2018,09-11-2018,11:00:00,18.82217849,15.39530024,31.77393122,2018-11-09T11:00:00Z
Nottingham,2018,09-11-2018,12:00:00,10.1603364,20.4721435,22.61049538,2018-11-09T12:00:00Z
Nottingham,2018,09-11-2018,13:00:00,9.645116365,36.5644993,17.12439007,2018-11-09T13:00:00Z
Nottingham,2018,09-11-2018,14:00:00,0.738602929,27.80228297,16.75000514,2018-11-09T14:00:00Z
Nottingham,2018,09-11-2018,15:00:00,13.52911106,25.9390002,26.07058269,2018-11-09T15:00:00Z
Nottingham,2018,09-11-2018,16:00:00,12.5497126,33.03180725,30.35667535,2018-11-09T16:00:00Z
Nottingham,2018,09-11-2018,17:00:00,0,38.87584997,14.63855882,2018-11-09T17:00:00Z
Nottingham,2018,09-11-2018,18:00:00,19.47042475,50.78180765,38.15581421,2018-11-09T18:00:00Z
Nottingham,2018,09-11-2018,19:00:00,0,1.258099119,2.995653737,2018-11-09T19:00:00Z
Nottingham,2018,09-11-2018,20:00:00,16.96222566,19.02053994,18.8657263,2018-11-09T20:00:00Z
Nottingham,2018,09-11-2018,21:00:00,13.66430985,4.34033276,11.34061756,2018-11-09T21:00:00Z
Nottingham,2018,09-11-2018,22:00:00,8.784762246,0,6.283181321,2018-11-09T22:00:00Z
Nottingham,2018,09-11-2018,23:00:00,0,0,2.410136847,2018-11-09T23:00:00Z
Nottingham,2018,10-11-2018,00:00:00,0.127962763,3.462306708,3.492762506,2018-11-10T00:00:00Z
Nottingham,2018,10-11-2018,01:00:00,0.893046939,19.5812319,16.0706759,2018-11-10T01:00:00Z
Nottingham,2018,10-11-2018,02:00:00,3.415049333,35.92728324,18.13654608,2018-11-10T02:00:00Z
Nottingham,2018,10-11-2018,03:00:00,9.125648596,49.59703499,26.19865446,2018-11-10T03:00:00Z
Nottingham,2018,10-11-2018,04:00:00,10.83546107,24.0015043,24.39942932,2018-11-10T04:00:00Z
Nottingham,2018,10-11-2018,05:00:00,7.113405091,0,2.705719165,2018-11-10T05:00:00Z
Nottingham,2018,10-11-2018,06:00:00,1.944570363,5.618941456,10.07437541,2018-11-10T06:00:00Z
Nottingham,2018,10-11-2018,07:00:00,14.54187091,33.62608425,16.16799538,2018-11-10T07:00:00Z
Nottingham,2018,10-11-2018,08:00:00,14.5880735,24.31558596,20.95782773,2018-11-10T08:00:00Z
Nottingham,2018,10-11-2018,09:00:00,11.35990198,12.53002553,0,2018-11-10T09:00:00Z
Nottingham,2018,10-11-2018,10:00:00,0,25.79892878,14.86386355,2018-11-10T10:00:00Z
Nottingham,2018,10-11-2018,11:00:00,0,5.36979693,1.201650685,2018-11-10T11:00:00Z
Nottingham,2018,10-11-2018,12:00:00,0,15.50728974,4.000313739,2018-11-10T12:00:00Z
Nottingham,2018,10-11-2018,13:00:00,1.944456847,34.18990376,22.355464949999998,2018-11-10T13:00:00Z
Nottingham,2018,10-11-2018,14:00:00,15.30033451,42.45254784,22.43433253,2018-11-10T14:00:00Z
Nottingham,2018,10-11-2018,15:00:00,18.14948922,13.83214823,30.54860904,2018-11-10T15:00:00Z
Nottingham,2018,10-11-2018,16:00:00,0,13.44311283,14.17801724,2018-11-10T16:00:00Z
Nottingham,2018,10-11-2018,17:00:00,13.81661618,7.815934405,12.72515572,2018-11-10T17:00:00Z
Nottingham,2018,10-11-2018,18:00:00,3.539472361,22.27697711,11.73181301,2018-11-10T18:00:00Z
Nottingham,2018,10-11-2018,19:00:00,14.29380256,36.21653344,15.2988528,2018-11-10T19:00:00Z
Nottingham,2018,10-11-2018,20:00:00,11.24252757,17.37366608,19.47909994,2018-11-10T20:00:00Z
Nottingham,2018,10-11-2018,21:00:00,5.650691102,0,0,2018-11-10T21:00:00Z
Nottingham,2018,10-11-2018,22:00:00,6.741329633,0,1.275153293,2018-11-10T22:00:00Z
Nottingham,2018,10-11-2018,23:00:00,16.04868921,41.87777411,22.26654946,2018-11-10T23:00:00Z
Nottingham,2019,01-11-2019,00:00:00,10.30716948,18.44312989,2.657585519,2019-11-01T00:00:00Z
Nottingham,2019,01-11-2019,01:00:00,9.497321364,30.1690152,19.86249657,2019-11-01T01:00:00Z
Nottingham,2019,01-11-2019,02:00:00,0,0,8.180504648,2019-11-01T02:00:00Z
Nottingham,2019,01-11-2019,03:00:00,1.488074273,20.12583785,12.48252969,2019-11-01T03:00:00Z
Nottingham,2019,01-11-2019,04:00:00,10.94712351,3.215097212,0.316647928,2019-11-01T04:00:00Z
Nottingham,2019,01-11-2019,05:00:00,32.50648227,54.01078675,36.498463,2019-11-01T05:00:00Z
Nottingham,2019,01-11-2019,06:00:00,3.000906753,11.96958639,10.15269259,2019-11-01T06:00:00Z
Nottingham,2019,01-11-2019,07:00:00,2.92957863,0,2.63918718,2019-11-01T07:00:00Z
Nottingham,2019,01-11-2019,08:00:00,7.560647017,8.68970332,2.495051074,2019-11-01T08:00:00Z
Nottingham,2019,01-11-2019,09:00:00,6.341066932,24.22125803,19.19423937,2019-11-01T09:00:00Z
Nottingham,2019,01-11-2019,10:00:00,7.071030762,20.05498673,11.64253656,2019-11-01T10:00:00Z
Nottingham,2019,01-11-2019,11:00:00,11.4887735,17.39930052,12.43783437,2019-11-01T11:00:00Z
Nottingham,2019,01-11-2019,12:00:00,4.198415658,0,7.925186815,2019-11-01T12:00:00Z
Nottingham,2019,01-11-2019,13:00:00,7.388539667,27.84684589,20.69866278,2019-11-01T13:00:00Z
Nottingham,2019,01-11-2019,14:00:00,9.207667387,28.33701789,19.01967273,2019-11-01T14:00:00Z
Nottingham,2019,01-11-2019,15:00:00,2.568063009,26.82587518,10.4867877,2019-11-01T15:00:00Z
Nottingham,2019,01-11-2019,16:00:00,0,19.71710132,11.52305478,2019-11-01T16:00:00Z
Nottingham,2019,01-11-2019,17:00:00,9.566046131,18.27456801,2.430407041,2019-11-01T17:00:00Z
Nottingham,2019,01-11-2019,18:00:00,6.761175972,20.36455913,5.526733366,2019-11-01T18:00:00Z
Nottingham,2019,01-11-2019,19:00:00,6.520693373,21.70298107,17.9560747,2019-11-01T19:00:00Z
Nottingham,2019,01-11-2019,20:00:00,7.885086859,18.79154064,22.01870272,2019-11-01T20:00:00Z
Nottingham,2019,01-11-2019,21:00:00,4.33557349,18.69965986,10.72933508,2019-11-01T21:00:00Z
Nottingham,2019,01-11-2019,22:00:00,4.497508611,19.54384117,12.44503798,2019-11-01T22:00:00Z
Nottingham,2019,01-11-2019,23:00:00,4.881233456,21.15272865,9.841565285,2019-11-01T23:00:00Z
Nottingham,2019,02-11-2019,00:00:00,7.013760485,0,10.26926468,2019-11-02T00:00:00Z
Nottingham,2019,02-11-2019,01:00:00,14.16917761,52.96967456,26.05515898,2019-11-02T01:00:00Z
Nottingham,2019,02-11-2019,02:00:00,18.87251529,33.00044561,20.0450368,2019-11-02T02:00:00Z
Nottingham,2019,02-11-2019,03:00:00,6.404725636,0,0,2019-11-02T03:00:00Z
Nottingham,2019,02-11-2019,04:00:00,9.264993169,20.71468858,12.61835242,2019-11-02T04:00:00Z
Nottingham,2019,02-11-2019,05:00:00,7.729052683,36.23336526,16.34416214,2019-11-02T05:00:00Z
Nottingham,2019,02-11-2019,06:00:00,8.965359276,25.45998707,8.513044007,2019-11-02T06:00:00Z
Nottingham,2019,02-11-2019,07:00:00,16.88021043,36.03689404,27.93167622,2019-11-02T07:00:00Z
Nottingham,2019,02-11-2019,08:00:00,10.15156349,35.30802374,23.79764063,2019-11-02T08:00:00Z
Nottingham,2019,02-11-2019,09:00:00,19.35569924,23.64944807,30.07844007,2019-11-02T09:00:00Z
Nottingham,2019,02-11-2019,10:00:00,5.771478547,6.612997375,8.982953806,2019-11-02T10:00:00Z
Nottingham,2019,02-11-2019,11:00:00,15.99518739,18.50517518,22.6847416,2019-11-02T11:00:00Z
Nottingham,2019,02-11-2019,12:00:00,13.56857832,37.44870645,17.04648258,2019-11-02T12:00:00Z
Nottingham,2019,02-11-2019,13:00:00,10.89606617,39.91567336,23.35396145,2019-11-02T13:00:00Z
Nottingham,2019,02-11-2019,14:00:00,5.011075582,0,12.53692714,2019-11-02T14:00:00Z
Nottingham,2019,02-11-2019,15:00:00,0,27.30798164,21.61248486,2019-11-02T15:00:00Z
Nottingham,2019,02-11-2019,16:00:00,9.616607457,16.04630211,23.88910791,2019-11-02T16:00:00Z
Nottingham,2019,02-11-2019,17:00:00,14.2823395,24.90331169,12.22714982,2019-11-02T17:00:00Z
Nottingham,2019,02-11-2019,18:00:00,4.646448683,16.26310782,14.70981873,2019-11-02T18:00:00Z
Nottingham,2019,02-11-2019,19:00:00,5.238200982,26.11083259,14.06662068,2019-11-02T19:00:00Z
Nottingham,2019,02-11-2019,20:00:00,17.04646593,24.95112311,29.38039327,2019-11-02T20:00:00Z
Nottingham,2019,02-11-2019,21:00:00,9.651075514,10.32693517,1.308895638,2019-11-02T21:00:00Z
Nottingham,2019,02-11-2019,22:00:00,11.90339229,5.827270511,14.430384,2019-11-02T22:00:00Z
Nottingham,2019,02-11-2019,23:00:00,2.897367999,13.85034274,7.836538834,2019-11-02T23:00:00Z
Nottingham,2019,03-11-2019,00:00:00,12.72665309,34.43016531,18.77916023,2019-11-03T00:00:00Z
Nottingham,2019,03-11-2019,01:00:00,12.33172072,47.15994309,16.82110323,2019-11-03T01:00:00Z
Nottingham,2019,03-11-2019,02:00:00,5.851229173,11.24338707,8.832048562,2019-11-03T02:00:00Z
Nottingham,2019,03-11-2019,03:00:00,4.066694697,26.86956006,15.6149966,2019-11-03T03:00:00Z
Nottingham,2019,03-11-2019,04:00:00,4.701444238,9.025936854,2.763871419,2019-11-03T04:00:00Z
Nottingham,2019,03-11-2019,05:00:00,0.035238375,11.27280785,0,2019-11-03T05:00:00Z
Nottingham,2019,03-11-2019,06:00:00,7.43437005,0,0,2019-11-03T06:00:00Z
Nottingham,2019,03-11-2019,07:00:00,6.824500843,7.018752621,8.288881264,2019-11-03T07:00:00Z
Nottingham,2019,03-11-2019,08:00:00,0,17.97187437,5.255026093,2019-11-03T08:00:00Z
Nottingham,2019,03-11-2019,09:00:00,0,17.7881106,1.920252342,2019-11-03T09:00:00Z
Nottingham,2019,03-11-2019,10:00:00,13.6622465,21.17700189,10.50085604,2019-11-03T10:00:00Z
Nottingham,2019,03-11-2019,11:00:00,7.812495933,10.70056823,12.53850114,2019-11-03T11:00:00Z
Nottingham,2019,03-11-2019,12:00:00,0,0,0,2019-11-03T12:00:00Z
Nottingham,2019,03-11-2019,13:00:00,1.153150452,9.999075603,0.625464323,2019-11-03T13:00:00Z
Nottingham,2019,03-11-2019,14:00:00,1.702009048,24.67441402,12.85058571,2019-11-03T14:00:00Z
Nottingham,2019,03-11-2019,15:00:00,3.179249593,33.47450954,15.43035186,2019-11-03T15:00:00Z
Nottingham,2019,03-11-2019,16:00:00,2.452236871,17.18969329,7.727983543,2019-11-03T16:00:00Z
Nottingham,2019,03-11-2019,17:00:00,0.953970973,0,0,2019-11-03T17:00:00Z
Nottingham,2019,03-11-2019,18:00:00,6.809632253,22.01952525,21.3297586,2019-11-03T18:00:00Z
Nottingham,2019,03-11-2019,19:00:00,7.220855454,10.1860006,8.449796143,2019-11-03T19:00:00Z
Nottingham,2019,03-11-2019,20:00:00,1.132838409,11.77794304,11.39186279,2019-11-03T20:00:00Z
Nottingham,2019,03-11-2019,21:00:00,0.160707827,15.60705744,16.33016342,2019-11-03T21:00:00Z
Nottingham,2019,03-11-2019,22:00:00,17.25737633,0,18.74532982,2019-11-03T22:00:00Z
Nottingham,2019,03-11-2019,23:00:00,15.63383117,3.644701903,20.44161262,2019-11-03T23:00:00Z
Nottingham,2019,04-11-2019,00:00:00,1.487447543,3.141255741,0,2019-11-04T00:00:00Z
Nottingham,2019,04-11-2019,01:00:00,0,32.81681002,18.9517109,2019-11-04T01:00:00Z
Nottingham,2019,04-11-2019,02:00:00,12.0711507,10.42655743,14.01641638,2019-11-04T02:00:00Z
Nottingham,2019,04-11-2019,03:00:00,5.077955053,0,3.278627652,2019-11-04T03:00:00Z
Nottingham,2019,04-11-2019,04:00:00,6.166899737,6.741883771,6.845908418,2019-11-04T04:00:00Z
Nottingham,2019,04-11-2019,05:00:00,15.52147671,47.64111563,32.62677683,2019-11-04T05:00:00Z
Nottingham,2019,04-11-2019,06:00:00,12.67820138,16.37306858,17.810038,2019-11-04T06:00:00Z
Nottingham,2019,04-11-2019,07:00:00,5.140426613,10.0387691,5.878028058,2019-11-04T07:00:00Z
Nottingham,2019,04-11-2019,08:00:00,4.250705254,22.12311581,18.36870584,2019-11-04T08:00:00Z
Nottingham,2019,04-11-2019,09:00:00,0,3.356391763,0,2019-11-04T09:00:00Z
Nottingham,2019,04-11-2019,10:00:00,8.181712241,3.685619332,11.65621125,2019-11-04T10:00:00Z
Nottingham,2019,04-11-2019,11:00:00,15.88374942,17.97193826,19.3783782,2019-11-04T11:00:00Z
Nottingham,2019,04-11-2019,12:00:00,1.242972758,35.63912527,20.67605581,2019-11-04T12:00:00Z
Nottingham,2019,04-11-2019,13:00:00,0,0,5.989122559,2019-11-04T13:00:00Z
Nottingham,2019,04-11-2019,14:00:00,3.060529251,1.26270525,5.18717485,2019-11-04T14:00:00Z
Nottingham,2019,04-11-2019,15:00:00,0,18.70821627,13.85343049,2019-11-04T15:00:00Z
Nottingham,2019,04-11-2019,16:00:00,2.411529296,10.32626531,12.21038939,2019-11-04T16:00:00Z
Nottingham,2019,04-11-2019,17:00:00,23.39158928,37.84595111,21.92071496,2019-11-04T17:00:00Z
Nottingham,2019,04-11-2019,18:00:00,2.756994327,17.32677871,16.77087495,2019-11-04T18:00:00Z
Nottingham,2019,04-11-2019,19:00:00,14.1809854,21.40723743,25.91879894,2019-11-04T19:00:00Z
Nottingham,2019,04-11-2019,20:00:00,12.04168288,35.32261662,24.03142387,2019-11-04T20:00:00Z
Nottingham,2019,04-11-2019,21:00:00,19.51468158,52.95543792,34.37460175,2019-11-04T21:00:00Z
Nottingham,2019,04-11-2019,22:00:00,9.04894739,17.65870343,12.08724864,2019-11-04T22:00:00Z
Nottingham,2019,04-11-2019,23:00:00,11.142773,17.24440891,7.082461366,2019-11-04T23:00:00Z
Nottingham,2019,05-11-2019,00:00:00,30.01676684,48.41580779,52.39093008,2019-11-05T00:00:00Z
Nottingham,2019,05-11-2019,01:00:00,48.99762091,91.03506354,82.98426158,2019-11-05T01:00:00Z
Nottingham,2019,05-11-2019,02:00:00,62.87659503,153.3802457,116.477504,2019-11-05T02:00:00Z
Nottingham,2019,05-11-2019,03:00:00,58.74289482,157.6420265,118.4300107,2019-11-05T03:00:00Z
Nottingham,2019,05-11-2019,04:00:00,48.04002172,113.5911314,89.79167127,2019-11-05T04:00:00Z
Nottingham,2019,05-11-2019,05:00:00,47.01446755,140.2474874,99.14867811,2019-11-05T05:00:00Z
Nottingham,2019,05-11-2019,06:00:00,41.08200973,101.2414076,80.0564604,2019-11-05T06:00:00Z
Nottingham,2019,05-11-2019,07:00:00,58.64165538,123.9334891,103.1008135,2019-11-05T07:00:00Z
Nottingham,2019,05-11-2019,08:00:00,36.85456336,102.9272514,73.83502249,2019-11-05T08:00:00Z
Nottingham,2019,05-11-2019,09:00:00,67.74962893,124.9983528,93.34169538,2019-11-05T09:00:00Z
Nottingham,2019,05-11-2019,10:00:00,65.34589088,133.2241127,89.43033039,2019-11-05T10:00:00Z
Nottingham,2019,05-11-2019,11:00:00,44.19164244,114.1279472,82.10027678,2019-11-05T11:00:00Z
Nottingham,2019,05-11-2019,12:00:00,42.70493885,116.0325396,80.3163379,2019-11-05T12:00:00Z
Nottingham,2019,05-11-2019,13:00:00,107.5547016,197.3873839,153.1335855,2019-11-05T13:00:00Z
Nottingham,2019,05-11-2019,14:00:00,35.52081404,85.40066651,67.8594244,2019-11-05T14:00:00Z
Nottingham,2019,05-11-2019,15:00:00,42.2147137,114.3621665,92.46503356,2019-11-05T15:00:00Z
Nottingham,2019,05-11-2019,16:00:00,15.13478298,23.58336921,28.67233252,2019-11-05T16:00:00Z
Nottingham,2019,05-11-2019,17:00:00,57.44148748,141.7131578,99.08647829,2019-11-05T17:00:00Z
Nottingham,2019,05-11-2019,18:00:00,46.69627744,132.7417677,99.25293614,2019-11-05T18:00:00Z
Nottingham,2019,05-11-2019,19:00:00,54.03425424,139.4134135,85.89914485,2019-11-05T19:00:00Z
Nottingham,2019,05-11-2019,20:00:00,70.48802945,124.2027605,102.9987409,2019-11-05T20:00:00Z
Nottingham,2019,05-11-2019,21:00:00,61.15320514,130.8232347,117.7357276,2019-11-05T21:00:00Z
Nottingham,2019,05-11-2019,22:00:00,32.79874345,65.14491534,57.44635813,2019-11-05T22:00:00Z
Nottingham,2019,05-11-2019,23:00:00,27.70164363,88.2794878,66.1970724,2019-11-05T23:00:00Z
Nottingham,2019,06-11-2019,00:00:00,15.3998213,24.46911178,12.51695997,2019-11-06T00:00:00Z
Nottingham,2019,06-11-2019,01:00:00,5.62374665,5.162811048,2.088937023,2019-11-06T01:00:00Z
Nottingham,2019,06-11-2019,02:00:00,6.549536851,3.587297513,18.70489723,2019-11-06T02:00:00Z
Nottingham,2019,06-11-2019,03:00:00,15.89565037,2.455375554,19.03146897,2019-11-06T03:00:00Z
Nottingham,2019,06-11-2019,04:00:00,0,4.404653117,10.26888115,2019-11-06T04:00:00Z
Nottingham,2019,06-11-2019,05:00:00,18.32066001,15.13983692,19.80884321,2019-11-06T05:00:00Z
Nottingham,2019,06-11-2019,06:00:00,16.47326827,23.58185178,20.61546893,2019-11-06T06:00:00Z
Nottingham,2019,06-11-2019,07:00:00,1.750304887,26.71333592,0,2019-11-06T07:00:00Z
Nottingham,2019,06-11-2019,08:00:00,8.229240184,16.17981861,12.25185148,2019-11-06T08:00:00Z
Nottingham,2019,06-11-2019,09:00:00,0.780203199,25.28173338,18.34992399,2019-11-06T09:00:00Z
Nottingham,2019,06-11-2019,10:00:00,5.165026496,1.735561843,11.13964535,2019-11-06T10:00:00Z
Nottingham,2019,06-11-2019,11:00:00,9.066817332,37.85592797,21.18669704,2019-11-06T11:00:00Z
Nottingham,2019,06-11-2019,12:00:00,15.60602805,12.10646218,11.97354238,2019-11-06T12:00:00Z
Nottingham,2019,06-11-2019,13:00:00,4.38102771,16.28928194,4.240539474,2019-11-06T13:00:00Z
Nottingham,2019,06-11-2019,14:00:00,16.46178499,17.969844,28.45147281,2019-11-06T14:00:00Z
Nottingham,2019,06-11-2019,15:00:00,2.273308972,0,2.973152122,2019-11-06T15:00:00Z
Nottingham,2019,06-11-2019,16:00:00,21.9478315,56.16614495,18.13734167,2019-11-06T16:00:00Z
Nottingham,2019,06-11-2019,17:00:00,1.806711521,23.18898169,10.73451843,2019-11-06T17:00:00Z
Nottingham,2019,06-11-2019,18:00:00,0,0,6.417221952,2019-11-06T18:00:00Z
Nottingham,2019,06-11-2019,19:00:00,0,8.259600853,10.33793391,2019-11-06T19:00:00Z
Nottingham,2019,06-11-2019,20:00:00,7.585993699,41.56156033,20.21478826,2019-11-06T20:00:00Z
Nottingham,2019,06-11-2019,21:00:00,3.113205664,17.84917133,2.509497746,2019-11-06T21:00:00Z
Nottingham,2019,06-11-2019,22:00:00,5.600745489,20.45001025,11.37431309,2019-11-06T22:00:00Z
Nottingham,2019,06-11-2019,23:00:00,3.03804708,12.85616524,0.53303645,2019-11-06T23:00:00Z
Nottingham,2019,07-11-2019,00:00:00,15.98257566,56.4313868,30.33889602,2019-11-07T00:00:00Z
Nottingham,2019,07-11-2019,01:00:00,0,24.98784505,16.41089555,2019-11-07T01:00:00Z
Nottingham,2019,07-11-2019,02:00:00,1.492823983,14.43902516,4.624269852,2019-11-07T02:00:00Z
Nottingham,2019,07-11-2019,03:00:00,11.62528998,36.5723672,24.66514706,2019-11-07T03:00:00Z
Nottingham,2019,07-11-2019,04:00:00,4.760237649,19.13514728,8.473784346,2019-11-07T04:00:00Z
Nottingham,2019,07-11-2019,05:00:00,0.890393187,17.32928957,8.069305019,2019-11-07T05:00:00Z
Nottingham,2019,07-11-2019,06:00:00,6.727015554,23.59827048,26.76176654,2019-11-07T06:00:00Z
Nottingham,2019,07-11-2019,07:00:00,2.948600478,5.567235447,0,2019-11-07T07:00:00Z
Nottingham,2019,07-11-2019,08:00:00,10.55756634,29.9292804,11.7342577,2019-11-07T08:00:00Z
Nottingham,2019,07-11-2019,09:00:00,8.416572734,0,2.142597294,2019-11-07T09:00:00Z
Nottingham,2019,07-11-2019,10:00:00,5.441954872,12.57372388,13.83810632,2019-11-07T10:00:00Z
Nottingham,2019,07-11-2019,11:00:00,10.79930083,22.3665491,15.86377389,2019-11-07T11:00:00Z
Nottingham,2019,07-11-2019,12:00:00,16.41082657,39.03348122,18.05055113,2019-11-07T12:00:00Z
Nottingham,2019,07-11-2019,13:00:00,4.642093052,0,13.13591555,2019-11-07T13:00:00Z
Nottingham,2019,07-11-2019,14:00:00,12.24829548,18.04741369,15.94410991,2019-11-07T14:00:00Z
Nottingham,2019,07-11-2019,15:00:00,17.83423873,14.0230088,30.27493215,2019-11-07T15:00:00Z
Nottingham,2019,07-11-2019,16:00:00,1.105344015,12.16950055,12.43180156,2019-11-07T16:00:00Z
Nottingham,2019,07-11-2019,17:00:00,5.125945174,26.87469579,10.49881157,2019-11-07T17:00:00Z
Nottingham,2019,07-11-2019,18:00:00,3.092770716,3.493981935,1.487617302,2019-11-07T18:00:00Z
Nottingham,2019,07-11-2019,19:00:00,18.30701541,38.8853099,22.04203415,2019-11-07T19:00:00Z
Nottingham,2019,07-11-2019,20:00:00,21.3561281,18.40343362,21.33010798,2019-11-07T20:00:00Z
Nottingham,2019,07-11-2019,21:00:00,10.04748545,17.91550895,15.06609049,2019-11-07T21:00:00Z
Nottingham,2019,07-11-2019,22:00:00,13.4931302,26.46060138,15.31132756,2019-11-07T22:00:00Z
Nottingham,2019,07-11-2019,23:00:00,1.632492717,0,9.210501656,2019-11-07T23:00:00Z
Nottingham,2019,08-11-2019,00:00:00,0,12.76257351,15.08878046,2019-11-08T00:00:00Z
Nottingham,2019,08-11-2019,01:00:00,0,25.8060287,13.32171891,2019-11-08T01:00:00Z
Nottingham,2019,08-11-2019,02:00:00,5.717537421,17.28022719,10.35206793,2019-11-08T02:00:00Z
Nottingham,2019,08-11-2019,03:00:00,7.412612435,25.05491243,14.04827422,2019-11-08T03:00:00Z
Nottingham,2019,08-11-2019,04:00:00,11.41289181,28.53019784,6.126066731,2019-11-08T04:00:00Z
Nottingham,2019,08-11-2019,05:00:00,24.10681568,49.14905442,40.72239749,2019-11-08T05:00:00Z
Nottingham,2019,08-11-2019,06:00:00,23.7088061,22.9767307,26.3931217,2019-11-08T06:00:00Z
Nottingham,2019,08-11-2019,07:00:00,6.638399781,1.107994052,6.5700493700000004,2019-11-08T07:00:00Z
Nottingham,2019,08-11-2019,08:00:00,6.315000416,52.42876466,18.65510639,2019-11-08T08:00:00Z
Nottingham,2019,08-11-2019,09:00:00,14.59856432,45.98136004,21.93775082,2019-11-08T09:00:00Z
Nottingham,2019,08-11-2019,10:00:00,10.58695872,26.4000987,18.74353486,2019-11-08T10:00:00Z
Nottingham,2019,08-11-2019,11:00:00,16.38369618,41.16089514,18.59512291,2019-11-08T11:00:00Z
Nottingham,2019,08-11-2019,12:00:00,10.68917257,16.27138818,19.46004839,2019-11-08T12:00:00Z
Nottingham,2019,08-11-2019,13:00:00,8.430508611,17.19147452,23.01697793,2019-11-08T13:00:00Z
Nottingham,2019,08-11-2019,14:00:00,3.687719854,28.94745879,9.544002792,2019-11-08T14:00:00Z
Nottingham,2019,08-11-2019,15:00:00,12.43339727,25.87509365,26.65470093,2019-11-08T15:00:00Z
Nottingham,2019,08-11-2019,16:00:00,2.232442424,0,0,2019-11-08T16:00:00Z
Nottingham,2019,08-11-2019,17:00:00,15.15605248,14.57721761,12.88015789,2019-11-08T17:00:00Z
Nottingham,2019,08-11-2019,18:00:00,13.2789385,27.9642129,18.33429464,2019-11-08T18:00:00Z
Nottingham,2019,08-11-2019,19:00:00,16.95792618,34.84863565,24.94729158,2019-11-08T19:00:00Z
Nottingham,2019,08-11-2019,20:00:00,19.93140945,33.89395996,25.3892569,2019-11-08T20:00:00Z
Nottingham,2019,08-11-2019,21:00:00,10.28761981,17.19273282,23.57529346,2019-11-08T21:00:00Z
Nottingham,2019,08-11-2019,22:00:00,13.14281458,0.75963562,21.04513303,2019-11-08T22:00:00Z
Nottingham,2019,08-11-2019,23:00:00,8.086995357,27.37328305,5.157344108,2019-11-08T23:00:00Z
Nottingham,2019,09-11-2019,00:00:00,0,6.447587939,7.241279773,2019-11-09T00:00:00Z
Nottingham,2019,09-11-2019,01:00:00,12.47470884,7.959530915,2.757776053,2019-11-09T01:00:00Z
Nottingham,2019,09-11-2019,02:00:00,14.39993894,26.93510383,15.00983277,2019-11-09T02:00:00Z
Nottingham,2019,09-11-2019,03:00:00,0,16.98499266,3.017691184,2019-11-09T03:00:00Z
Nottingham,2019,09-11-2019,04:00:00,17.35444385,43.23729818,25.98079038,2019-11-09T04:00:00Z
Nottingham,2019,09-11-2019,05:00:00,3.410640648,0,3.944549539,2019-11-09T05:00:00Z
Nottingham,2019,09-11-2019,06:00:00,11.81036504,5.420527452,23.06009733,2019-11-09T06:00:00Z
Nottingham,2019,09-11-2019,07:00:00,8.940074605,16.98798106,14.80594965,2019-11-09T07:00:00Z
Nottingham,2019,09-11-2019,08:00:00,19.59261067,34.7675103,27.4109457,2019-11-09T08:00:00Z
Nottingham,2019,09-11-2019,09:00:00,17.83377609,3.832258948,11.62453269,2019-11-09T09:00:00Z
Nottingham,2019,09-11-2019,10:00:00,6.190547963,0,10.51214505,2019-11-09T10:00:00Z
Nottingham,2019,09-11-2019,11:00:00,2.770170406,38.14164022,13.8877746,2019-11-09T11:00:00Z
Nottingham,2019,09-11-2019,12:00:00,12.31077129,13.48993499,12.59347048,2019-11-09T12:00:00Z
Nottingham,2019,09-11-2019,13:00:00,4.105093049,14.69539476,16.13360343,2019-11-09T13:00:00Z
Nottingham,2019,09-11-2019,14:00:00,9.259442779,15.63639491,29.22132242,2019-11-09T14:00:00Z
Nottingham,2019,09-11-2019,15:00:00,0,0,0,2019-11-09T15:00:00Z
Nottingham,2019,09-11-2019,16:00:00,10.44358732,29.81389732,10.44605084,2019-11-09T16:00:00Z
Nottingham,2019,09-11-2019,17:00:00,0,14.85957278,22.1027363,2019-11-09T17:00:00Z
Nottingham,2019,09-11-2019,18:00:00,1.75258201,8.855256286,10.28471539,2019-11-09T18:00:00Z
Nottingham,2019,09-11-2019,19:00:00,0.735993181,19.86706776,17.60203305,2019-11-09T19:00:00Z
Nottingham,2019,09-11-2019,20:00:00,0,26.05026579,11.52131217,2019-11-09T20:00:00Z
Nottingham,2019,09-11-2019,21:00:00,20.74011982,23.74425531,23.62074674,2019-11-09T21:00:00Z
Nottingham,2019,09-11-2019,22:00:00,10.2099341,11.67787555,7.435874875,2019-11-09T22:00:00Z
Nottingham,2019,09-11-2019,23:00:00,9.125555927,27.10019281,22.97797446,2019-11-09T23:00:00Z
Nottingham,2019,10-11-2019,00:00:00,26.17460858,16.12766861,17.21969301,2019-11-10T00:00:00Z
Nottingham,2019,10-11-2019,01:00:00,5.157175403,0,11.83430498,2019-11-10T01:00:00Z
Nottingham,2019,10-11-2019,02:00:00,8.330551678,9.677789935,20.83141432,2019-11-10T02:00:00Z
Nottingham,2019,10-11-2019,03:00:00,13.42638658,10.64685929,11.98883935,2019-11-10T03:00:00Z
Nottingham,2019,10-11-2019,04:00:00,5.690608507,4.406962683,10.85071553,2019-11-10T04:00:00Z
Nottingham,2019,10-11-2019,05:00:00,3.46015362,40.95667427,23.7771953,2019-11-10T05:00:00Z
Nottingham,2019,10-11-2019,06:00:00,15.38590365,32.75416188,24.64638038,2019-11-10T06:00:00Z
Nottingham,2019,10-11-2019,07:00:00,10.06376097,0.340606947,8.885308821,2019-11-10T07:00:00Z
Nottingham,2019,10-11-2019,08:00:00,1.637692265,0,0,2019-11-10T08:00:00Z
Nottingham,2019,10-11-2019,09:00:00,13.70920069,9.311375617,11.16576319,2019-11-10T09:00:00Z
Nottingham,2019,10-11-2019,10:00:00,15.3862912,24.43687195,24.32498115,2019-11-10T10:00:00Z
Nottingham,2019,10-11-2019,11:00:00,26.01141351,36.1288637,22.26224558,2019-11-10T11:00:00Z
Nottingham,2019,10-11-2019,12:00:00,6.990118086,4.865771447,15.58933553,2019-11-10T12:00:00Z
Nottingham,2019,10-11-2019,13:00:00,16.38413025,46.84645564,29.86684574,2019-11-10T13:00:00Z
Nottingham,2019,10-11-2019,14:00:00,13.34841126,10.79185448,9.977296416,2019-11-10T14:00:00Z
Nottingham,2019,10-11-2019,15:00:00,3.264770344,0,21.72467363,2019-11-10T15:00:00Z
Nottingham,2019,10-11-2019,16:00:00,3.753204493,33.23409724,13.04429717,2019-11-10T16:00:00Z
Nottingham,2019,10-11-2019,17:00:00,8.335575243,1.473143966,18.28095313,2019-11-10T17:00:00Z
Nottingham,2019,10-11-2019,18:00:00,12.8516643,6.544889384,21.17105076,2019-11-10T18:00:00Z
Nottingham,2019,10-11-2019,19:00:00,8.163127011,32.41728439,18.02553645,2019-11-10T19:00:00Z
Nottingham,2019,10-11-2019,20:00:00,0,20.29844467,13.88857835,2019-11-10T20:00:00Z
Nottingham,2019,10-11-2019,21:00:00,3.998339635,7.033903753,7.944929747,2019-11-10T21:00:00Z
Nottingham,2019,10-11-2019,22:00:00,6.071230108,4.932146738,23.61921195,2019-11-10T22:00:00Z
Nottingham,2019,10-11-2019,23:00:00,11.9115123,18.10241907,26.13178857,2019-11-10T23:00:00Z
Nottingham,2020,01-11-2020,00:00:00,13.82962474,31.81030138,16.28471477,2020-11-01T00:00:00Z
Nottingham,2020,01-11-2020,01:00:00,3.498770147,3.881006031,5.311813028,2020-11-01T01:00:00Z
Nottingham,2020,01-11-2020,02:00:00,10.32515946,51.26307,10.50505539,2020-11-01T02:00:00Z
Nottingham,2020,01-11-2020,03:00:00,10.01466092,-3.632633123,9.5846299170000009,2020-11-01T03:00:00Z
Nottingham,2020,01-11-2020,04:00:00,10.03711683,32.38866143,27.03958169,2020-11-01T04:00:00Z
Nottingham,2020,01-11-2020,05:00:00,14.26608635,39.31633058,20.53982697,2020-11-01T05:00:00Z
Nottingham,2020,01-11-2020,06:00:00,11.07300277,35.61679804,5.738376034,2020-11-01T06:00:00Z
Nottingham,2020,01-11-2020,07:00:00,3.862825202,-6.628562402,2.702227291,2020-11-01T07:00:00Z
Nottingham,2020,01-11-2020,08:00:00,8.376783354,34.92737299,22.44607124,2020-11-01T08:00:00Z
Nottingham,2020,01-11-2020,09:00:00,0.025547961,31.77361957,22.84527759,2020-11-01T09:00:00Z
Nottingham,2020,01-11-2020,10:00:00,9.549245738,19.36530074,20.25373183,2020-11-01T10:00:00Z
Nottingham,2020,01-11-2020,11:00:00,2.994910432,1.217274347,2.064903957,2020-11-01T11:00:00Z
Nottingham,2020,01-11-2020,12:00:00,9.124526571,-5.904981887,6.664739543,2020-11-01T12:00:00Z
Nottingham,2020,01-11-2020,13:00:00,1.6112319960000001,1.142361242,6.787077299,2020-11-01T13:00:00Z
Nottingham,2020,01-11-2020,14:00:00,11.36434784,36.88787455,12.44624446,2020-11-01T14:00:00Z
Nottingham,2020,01-11-2020,15:00:00,4.13391283,14.08834012,7.605532952,2020-11-01T15:00:00Z
Nottingham,2020,01-11-2020,16:00:00,3.03988045,29.29459221,5.222455965,2020-11-01T16:00:00Z
Nottingham,2020,01-11-2020,17:00:00,0,-2.937972378,-6.125262714,2020-11-01T17:00:00Z
Nottingham,2020,01-11-2020,18:00:00,17.28765041,11.24518914,16.76631453,2020-11-01T18:00:00Z
Nottingham,2020,01-11-2020,19:00:00,9.59318154,27.55260392,18.73631423,2020-11-01T19:00:00Z
Nottingham,2020,01-11-2020,20:00:00,3.421507422,11.52318211,5.105612204,2020-11-01T20:00:00Z
Nottingham,2020,01-11-2020,21:00:00,12.99898543,33.38517891,13.9277606,2020-11-01T21:00:00Z
Nottingham,2020,01-11-2020,22:00:00,3.446793404,1.011595815,10.47872251,2020-11-01T22:00:00Z
Nottingham,2020,01-11-2020,23:00:00,7.203238573,25.69908794,19.5137291,2020-11-01T23:00:00Z
Nottingham,2020,02-11-2020,00:00:00,9.702898698,7.756101635,15.24521515,2020-11-02T00:00:00Z
Nottingham,2020,02-11-2020,01:00:00,0,13.29344152,1.899535617,2020-11-02T01:00:00Z
Nottingham,2020,02-11-2020,02:00:00,19.40662294,43.54660638,31.36695256,2020-11-02T02:00:00Z
Nottingham,2020,02-11-2020,03:00:00,21.54817767,64.27665161,34.75447482,2020-11-02T03:00:00Z
Nottingham,2020,02-11-2020,04:00:00,23.99911709,33.52964855,28.67109738,2020-11-02T04:00:00Z
Nottingham,2020,02-11-2020,05:00:00,12.0210811,27.6182925,28.53867997,2020-11-02T05:00:00Z
Nottingham,2020,02-11-2020,06:00:00,3.939499005,18.95357314,6.618245863,2020-11-02T06:00:00Z
Nottingham,2020,02-11-2020,07:00:00,11.4541345,15.90418919,21.12086348,2020-11-02T07:00:00Z
Nottingham,2020,02-11-2020,08:00:00,0,22.73044381,9.741169547,2020-11-02T08:00:00Z
Nottingham,2020,02-11-2020,09:00:00,6.544086443,29.89800395,19.64518804,2020-11-02T09:00:00Z
Nottingham,2020,02-11-2020,10:00:00,2.920322972,10.29725163,4.704620414,2020-11-02T10:00:00Z
Nottingham,2020,02-11-2020,11:00:00,15.81907225,36.8102731,28.9787535,2020-11-02T11:00:00Z
Nottingham,2020,02-11-2020,12:00:00,14.75765175,32.54115426,16.80620239,2020-11-02T12:00:00Z
Nottingham,2020,02-11-2020,13:00:00,1.008535342,22.10784202,12.79762325,2020-11-02T13:00:00Z
Nottingham,2020,02-11-2020,14:00:00,0,5.274714242,14.77994914,2020-11-02T14:00:00Z
Nottingham,2020,02-11-2020,15:00:00,17.24363576,53.46868332,32.42520775,2020-11-02T15:00:00Z
Nottingham,2020,02-11-2020,16:00:00,17.32360825,39.2728046,17.75557211,2020-11-02T16:00:00Z
Nottingham,2020,02-11-2020,17:00:00,15.29260039,19.27468517,18.89151891,2020-11-02T17:00:00Z
Nottingham,2020,02-11-2020,18:00:00,3.59830931,23.40292334,13.49120093,2020-11-02T18:00:00Z
Nottingham,2020,02-11-2020,19:00:00,21.54623853,10.9146062,23.767136,2020-11-02T19:00:00Z
Nottingham,2020,02-11-2020,20:00:00,7.245938418,2.183515009,8.38813624,2020-11-02T20:00:00Z
Nottingham,2020,02-11-2020,21:00:00,9.9332524,29.108675,20.51355644,2020-11-02T21:00:00Z
Nottingham,2020,02-11-2020,22:00:00,7.067554276,19.88644625,8.743591257,2020-11-02T22:00:00Z
Nottingham,2020,02-11-2020,23:00:00,14.49414943,18.45587765,21.249235,2020-11-02T23:00:00Z
Nottingham,2020,03-11-2020,00:00:00,6.976466603,3.800116363,16.42405577,2020-11-03T00:00:00Z
Nottingham,2020,03-11-2020,01:00:00,8.326579056,-2.019506553,9.039781833,2020-11-03T01:00:00Z
Nottingham,2020,03-11-2020,02:00:00,7.115244343,27.04260102,15.03756456,2020-11-03T02:00:00Z
Nottingham,2020,03-11-2020,03:00:00,0,13.59089781,15.49648456,2020-11-03T03:00:00Z
Nottingham,2020,03-11-2020,04:00:00,5.015629961,27.59785515,16.04762886,2020-11-03T04:00:00Z
Nottingham,2020,03-11-2020,05:00:00,11.00139506,-0.598818657,11.79059974,2020-11-03T05:00:00Z
Nottingham,2020,03-11-2020,06:00:00,9.385703431,18.41941991,16.65273596,2020-11-03T06:00:00Z
Nottingham,2020,03-11-2020,07:00:00,8.604842775,34.90995856,9.382112557,2020-11-03T07:00:00Z
Nottingham,2020,03-11-2020,08:00:00,11.85755058,35.31964149,30.14997577,2020-11-03T08:00:00Z
Nottingham,2020,03-11-2020,09:00:00,12.54029344,35.80666854,23.92780812,2020-11-03T09:00:00Z
Nottingham,2020,03-11-2020,10:00:00,14.02948771,30.38826985,20.95342223,2020-11-03T10:00:00Z
Nottingham,2020,03-11-2020,11:00:00,14.5425001,13.42955536,-0.447819364,2020-11-03T11:00:00Z
Nottingham,2020,03-11-2020,12:00:00,23.08869612,16.28566458,24.77083709,2020-11-03T12:00:00Z
Nottingham,2020,03-11-2020,13:00:00,3.874073824,11.73719694,13.37090708,2020-11-03T13:00:00Z
Nottingham,2020,03-11-2020,14:00:00,3.800698824,35.99065017,17.67554279,2020-11-03T14:00:00Z
Nottingham,2020,03-11-2020,15:00:00,11.53076607,11.41409937,20.46878693,2020-11-03T15:00:00Z
Nottingham,2020,03-11-2020,16:00:00,12.02866942,38.49569853,22.14152034,2020-11-03T16:00:00Z
Nottingham,2020,03-11-2020,17:00:00,7.663593858,30.77745433,18.2323656,2020-11-03T17:00:00Z
Nottingham,2020,03-11-2020,18:00:00,12.31762063,53.83414124,30.29969411,2020-11-03T18:00:00Z
Nottingham,2020,03-11-2020,19:00:00,17.17454751,41.22037675,22.70221584,2020-11-03T19:00:00Z
Nottingham,2020,03-11-2020,20:00:00,14.93973714,22.24254768,12.11904519,2020-11-03T20:00:00Z
Nottingham,2020,03-11-2020,21:00:00,8.126447441,26.99051671,11.79336955,2020-11-03T21:00:00Z
Nottingham,2020,03-11-2020,22:00:00,5.362460977,40.78195809,25.38338421,2020-11-03T22:00:00Z
Nottingham,2020,03-11-2020,23:00:00,0,9.203285211,7.400504324,2020-11-03T23:00:00Z
Nottingham,2020,04-11-2020,00:00:00,7.255224507,31.84769724,9.589887564,2020-11-04T00:00:00Z
Nottingham,2020,04-11-2020,01:00:00,8.780885334,-9.044839155,6.236472556,2020-11-04T01:00:00Z
Nottingham,2020,04-11-2020,02:00:00,8.902443209,12.65391277,22.06902427,2020-11-04T02:00:00Z
Nottingham,2020,04-11-2020,03:00:00,18.93968393,32.63754096,25.70919449,2020-11-04T03:00:00Z
Nottingham,2020,04-11-2020,04:00:00,13.56535704,11.43660348,14.99761867,2020-11-04T04:00:00Z
Nottingham,2020,04-11-2020,05:00:00,14.34301051,22.0042622,29.09412494,2020-11-04T05:00:00Z
Nottingham,2020,04-11-2020,06:00:00,6.099428506,21.08976491,17.2387489,2020-11-04T06:00:00Z
Nottingham,2020,04-11-2020,07:00:00,8.131468963,21.01319038,12.84731617,2020-11-04T07:00:00Z
Nottingham,2020,04-11-2020,08:00:00,15.22627542,27.19790049,11.30374664,2020-11-04T08:00:00Z
Nottingham,2020,04-11-2020,09:00:00,10.90603337,6.191087743,0.718049585,2020-11-04T09:00:00Z
Nottingham,2020,04-11-2020,10:00:00,7.708738072,26.06476104,10.35550471,2020-11-04T10:00:00Z
Nottingham,2020,04-11-2020,11:00:00,6.230357507,15.80297938,16.62747731,2020-11-04T11:00:00Z
Nottingham,2020,04-11-2020,12:00:00,7.832670768,19.4790055,13.69958198,2020-11-04T12:00:00Z
Nottingham,2020,04-11-2020,13:00:00,0,11.5914014,5.028028485,2020-11-04T13:00:00Z
Nottingham,2020,04-11-2020,14:00:00,10.55658643,14.19064441,21.42386176,2020-11-04T14:00:00Z
Nottingham,2020,04-11-2020,15:00:00,14.60639523,39.98410271,14.40404251,2020-11-04T15:00:00Z
Nottingham,2020,04-11-2020,16:00:00,20.98341841,27.84038171,24.59209675,2020-11-04T16:00:00Z
Nottingham,2020,04-11-2020,17:00:00,6.932831783,34.82051854,13.82672213,2020-11-04T17:00:00Z
Nottingham,2020,04-11-2020,18:00:00,7.06698989,30.83388634,7.995295284,2020-11-04T18:00:00Z
Nottingham,2020,04-11-2020,19:00:00,8.562767101,22.51586528,21.10218003,2020-11-04T19:00:00Z
Nottingham,2020,04-11-2020,20:00:00,3.612196839,5.946432712,6.859190916,2020-11-04T20:00:00Z
Nottingham,2020,04-11-2020,21:00:00,7.426883341,14.80811569,11.36034304,2020-11-04T21:00:00Z
Nottingham,2020,04-11-2020,22:00:00,6.84325719,19.70788344,10.3571035,2020-11-04T22:00:00Z
Nottingham,2020,04-11-2020,23:00:00,11.63777507,17.56350011,23.71745015,2020-11-04T23:00:00Z
Nottingham,2020,05-11-2020,00:00:00,51.40198923,133.3397218,88.60960298,2020-11-05T00:00:00Z
Nottingham,2020,05-11-2020,01:00:00,81.63896973,153.1542338,119.2032407,2020-11-05T01:00:00Z
Nottingham,2020,05-11-2020,02:00:00,38.64154389,111.6937421,75.35141883,2020-11-05T02:00:00Z
Nottingham,2020,05-11-2020,03:00:00,43.30792801,80.46716787,74.7222467,2020-11-05T03:00:00Z
Nottingham,2020,05-11-2020,04:00:00,45.05396773,76.81003511,57.11577676,2020-11-05T04:00:00Z
Nottingham,2020,05-11-2020,05:00:00,39.84101189,99.95354218,73.84642004,2020-11-05T05:00:00Z
Nottingham,2020,05-11-2020,06:00:00,44.60482651,106.087968,81.74083341,2020-11-05T06:00:00Z
Nottingham,2020,05-11-2020,07:00:00,68.6999982,154.7200538,121.450002,2020-11-05T07:00:00Z
Nottingham,2020,05-11-2020,08:00:00,48.83824407,94.8127205,80.41545425,2020-11-05T08:00:00Z
Nottingham,2020,05-11-2020,09:00:00,54.61374049,102.8758036,72.5766704,2020-11-05T09:00:00Z
Nottingham,2020,05-11-2020,10:00:00,21.63591635,44.56263457,46.02461756,2020-11-05T10:00:00Z
Nottingham,2020,05-11-2020,11:00:00,55.8142737,128.4724777,98.30912324,2020-11-05T11:00:00Z
Nottingham,2020,05-11-2020,12:00:00,45.80522513,102.6595539,76.1601266,2020-11-05T12:00:00Z
Nottingham,2020,05-11-2020,13:00:00,19.23527282,78.81753568,60.96184522,2020-11-05T13:00:00Z
Nottingham,2020,05-11-2020,14:00:00,51.5443219,149.5997815,118.7697045,2020-11-05T14:00:00Z
Nottingham,2020,05-11-2020,15:00:00,29.55052428,88.86697417,71.92933497,2020-11-05T15:00:00Z
Nottingham,2020,05-11-2020,16:00:00,32.64385628,81.54450568,51.4934254,2020-11-05T16:00:00Z
Nottingham,2020,05-11-2020,17:00:00,60.4076256,147.8699027,116.4171437,2020-11-05T17:00:00Z
Nottingham,2020,05-11-2020,18:00:00,57.12283473,164.4206238,124.8663112,2020-11-05T18:00:00Z
Nottingham,2020,05-11-2020,19:00:00,21.53093098,59.63316215,42.5595865,2020-11-05T19:00:00Z
Nottingham,2020,05-11-2020,20:00:00,62.94216844,107.3291116,87.84166687,2020-11-05T20:00:00Z
Nottingham,2020,05-11-2020,21:00:00,22.14962845,70.73268,60.50160186,2020-11-05T21:00:00Z
Nottingham,2020,05-11-2020,22:00:00,44.83304396,118.8594487,82.35528949,2020-11-05T22:00:00Z
Nottingham,2020,05-11-2020,23:00:00,56.8969021,136.4803339,112.2123044,2020-11-05T23:00:00Z
Nottingham,2020,06-11-2020,00:00:00,3.437639052,3.481023843,1.126270498,2020-11-06T00:00:00Z
Nottingham,2020,06-11-2020,01:00:00,5.705523249,19.5826934,17.98019691,2020-11-06T01:00:00Z
Nottingham,2020,06-11-2020,02:00:00,12.39403972,38.70447557,27.35239532,2020-11-06T02:00:00Z
Nottingham,2020,06-11-2020,03:00:00,22.41188017,47.67267032,31.59591591,2020-11-06T03:00:00Z
Nottingham,2020,06-11-2020,04:00:00,0,7.325521912,-2.967816482,2020-11-06T04:00:00Z
Nottingham,2020,06-11-2020,05:00:00,3.364575799,31.55327896,19.17850167,2020-11-06T05:00:00Z
Nottingham,2020,06-11-2020,06:00:00,6.60370109,12.95504442,17.48956349,2020-11-06T06:00:00Z
Nottingham,2020,06-11-2020,07:00:00,6.812963636,14.40060864,1.797731004,2020-11-06T07:00:00Z
Nottingham,2020,06-11-2020,08:00:00,0.260578486,18.71540483,13.3641469,2020-11-06T08:00:00Z
Nottingham,2020,06-11-2020,09:00:00,19.46265743,30.16374554,23.53463847,2020-11-06T09:00:00Z
Nottingham,2020,06-11-2020,10:00:00,20.82878148,29.28304062,21.24315498,2020-11-06T10:00:00Z
Nottingham,2020,06-11-2020,11:00:00,8.530869606,17.37153084,10.98576306,2020-11-06T11:00:00Z
Nottingham,2020,06-11-2020,12:00:00,7.487826243,14.15925965,9.357996747,2020-11-06T12:00:00Z
Nottingham,2020,06-11-2020,13:00:00,24.36160048,60.48109974,37.40927325,2020-11-06T13:00:00Z
Nottingham,2020,06-11-2020,14:00:00,19.05535627,25.22229144,26.39331029,2020-11-06T14:00:00Z
Nottingham,2020,06-11-2020,15:00:00,0,-19.88642479,-13.50266038,2020-11-06T15:00:00Z
Nottingham,2020,06-11-2020,16:00:00,3.246164339,3.506792934,11.97143771,2020-11-06T16:00:00Z
Nottingham,2020,06-11-2020,17:00:00,3.152819907,23.86434889,9.366897772,2020-11-06T17:00:00Z
Nottingham,2020,06-11-2020,18:00:00,0,21.0702306,14.82066723,2020-11-06T18:00:00Z
Nottingham,2020,06-11-2020,19:00:00,9.53531314,8.196670252,7.16965535,2020-11-06T19:00:00Z
Nottingham,2020,06-11-2020,20:00:00,11.37676844,11.00666201,17.1313315,2020-11-06T20:00:00Z
Nottingham,2020,06-11-2020,21:00:00,0,4.09592563,3.285224353,2020-11-06T21:00:00Z
Nottingham,2020,06-11-2020,22:00:00,10.12333297,25.44770726,12.37418782,2020-11-06T22:00:00Z
Nottingham,2020,06-11-2020,23:00:00,2.718259249,24.67604549,14.22209114,2020-11-06T23:00:00Z
Nottingham,2020,07-11-2020,00:00:00,23.68299686,40.51973181,29.12104473,2020-11-07T00:00:00Z
Nottingham,2020,07-11-2020,01:00:00,21.87381832,24.37831174,14.12906714,2020-11-07T01:00:00Z
Nottingham,2020,07-11-2020,02:00:00,6.504925375,7.384082875,2.958860443,2020-11-07T02:00:00Z
Nottingham,2020,07-11-2020,03:00:00,7.657321212,25.63416984,14.01319111,2020-11-07T03:00:00Z
Nottingham,2020,07-11-2020,04:00:00,4.91906362,36.93599644,15.91188812,2020-11-07T04:00:00Z
Nottingham,2020,07-11-2020,05:00:00,14.02344341,4.930349523,13.52826219,2020-11-07T05:00:00Z
Nottingham,2020,07-11-2020,06:00:00,15.68471906,2.276833003,9.902024314,2020-11-07T06:00:00Z
Nottingham,2020,07-11-2020,07:00:00,24.20950161,46.5478097,25.3817039,2020-11-07T07:00:00Z
Nottingham,2020,07-11-2020,08:00:00,0,11.43171331,-2.066325314,2020-11-07T08:00:00Z
Nottingham,2020,07-11-2020,09:00:00,21.15410237,28.00226713,20.96086802,2020-11-07T09:00:00Z
Nottingham,2020,07-11-2020,10:00:00,25.55623028,42.93824975,24.12910279,2020-11-07T10:00:00Z
Nottingham,2020,07-11-2020,11:00:00,9.354886726,40.76004586,27.43932509,2020-11-07T11:00:00Z
Nottingham,2020,07-11-2020,12:00:00,21.41148702,39.31337931,28.85116997,2020-11-07T12:00:00Z
Nottingham,2020,07-11-2020,13:00:00,11.9597567,34.24497588,34.62813421,2020-11-07T13:00:00Z
Nottingham,2020,07-11-2020,14:00:00,0,7.391240184,-2.18830778,2020-11-07T14:00:00Z
Nottingham,2020,07-11-2020,15:00:00,9.691665861,34.21851869,21.63712402,2020-11-07T15:00:00Z
Nottingham,2020,07-11-2020,16:00:00,6.459977409,10.97040359,11.53355089,2020-11-07T16:00:00Z
Nottingham,2020,07-11-2020,17:00:00,0,16.44427715,10.77095213,2020-11-07T17:00:00Z
Nottingham,2020,07-11-2020,18:00:00,10.04566882,13.38896917,20.90918717,2020-11-07T18:00:00Z
Nottingham,2020,07-11-2020,19:00:00,1.998344464,-3.738037958,14.65279485,2020-11-07T19:00:00Z
Nottingham,2020,07-11-2020,20:00:00,0.417823367,2.049243999,4.632583626,2020-11-07T20:00:00Z
Nottingham,2020,07-11-2020,21:00:00,4.310727636,1.542099199,10.81011225,2020-11-07T21:00:00Z
Nottingham,2020,07-11-2020,22:00:00,1.44494506,18.64376526,7.986288893,2020-11-07T22:00:00Z
Nottingham,2020,07-11-2020,23:00:00,1.312942908,37.41411155,17.20957488,2020-11-07T23:00:00Z
Nottingham,2020,08-11-2020,00:00:00,10.31087521,28.58797792,18.98345638,2020-11-08T00:00:00Z
Nottingham,2020,08-11-2020,01:00:00,9.710890603,33.70062791,20.51645245,2020-11-08T01:00:00Z
Nottingham,2020,08-11-2020,02:00:00,0.020533467,-6.539915528,6.115115147,2020-11-08T02:00:00Z
Nottingham,2020,08-11-2020,03:00:00,0,11.37207598,8.169814652,2020-11-08T03:00:00Z
Nottingham,2020,08-11-2020,04:00:00,11.88379835,-3.378420295,12.95209091,2020-11-08T04:00:00Z
Nottingham,2020,08-11-2020,05:00:00,2.305662742,14.87374239,9.245473369,2020-11-08T05:00:00Z
Nottingham,2020,08-11-2020,06:00:00,2.566248655,21.43125742,4.363376128,2020-11-08T06:00:00Z
Nottingham,2020,08-11-2020,07:00:00,8.140144213,39.94654085,18.74954678,2020-11-08T07:00:00Z
Nottingham,2020,08-11-2020,08:00:00,0,5.318008888,-1.448234149,2020-11-08T08:00:00Z
Nottingham,2020,08-11-2020,09:00:00,0,13.41523889,7.439372918,2020-11-08T09:00:00Z
Nottingham,2020,08-11-2020,10:00:00,6.277476199,-2.172467282,11.45981312,2020-11-08T10:00:00Z
Nottingham,2020,08-11-2020,11:00:00,4.683724072,25.04596729,10.91294796,2020-11-08T11:00:00Z
Nottingham,2020,08-11-2020,12:00:00,7.987885645,14.46492254,10.49532865,2020-11-08T12:00:00Z
Nottingham,2020,08-11-2020,13:00:00,0,12.4332832,16.8688586,2020-11-08T13:00:00Z
Nottingham,2020,08-11-2020,14:00:00,13.6021581,27.29058837,22.06978708,2020-11-08T14:00:00Z
Nottingham,2020,08-11-2020,15:00:00,2.650909859,20.07233592,17.32688941,2020-11-08T15:00:00Z
Nottingham,2020,08-11-2020,16:00:00,13.50403191,19.30183222,8.234620573,2020-11-08T16:00:00Z
Nottingham,2020,08-11-2020,17:00:00,6.711247018,13.47783725,25.05529342,2020-11-08T17:00:00Z
Nottingham,2020,08-11-2020,18:00:00,3.537029781,8.322042383,12.43653135,2020-11-08T18:00:00Z
Nottingham,2020,08-11-2020,19:00:00,0,23.75092289,13.64105211,2020-11-08T19:00:00Z
Nottingham,2020,08-11-2020,20:00:00,17.4390083,19.60529275,20.14125282,2020-11-08T20:00:00Z
Nottingham,2020,08-11-2020,21:00:00,8.881958294,20.92072565,14.68188011,2020-11-08T21:00:00Z
Nottingham,2020,08-11-2020,22:00:00,9.154699854,23.51133808,18.17377752,2020-11-08T22:00:00Z
Nottingham,2020,08-11-2020,23:00:00,13.66926028,20.53229973,18.46951957,2020-11-08T23:00:00Z
Nottingham,2020,09-11-2020,00:00:00,2.554576103,20.99331776,20.81158515,2020-11-09T00:00:00Z
Nottingham,2020,09-11-2020,01:00:00,19.73230927,29.34459757,17.20132336,2020-11-09T01:00:00Z
Nottingham,2020,09-11-2020,02:00:00,5.502481679,40.52921108,19.64478449,2020-11-09T02:00:00Z
Nottingham,2020,09-11-2020,03:00:00,0,3.093266949,12.34360108,2020-11-09T03:00:00Z
Nottingham,2020,09-11-2020,04:00:00,6.843654096,16.78863289,21.53282053,2020-11-09T04:00:00Z
Nottingham,2020,09-11-2020,05:00:00,0,9.101935069,9.921495855,2020-11-09T05:00:00Z
Nottingham,2020,09-11-2020,06:00:00,10.66785812,8.453454395,16.52648351,2020-11-09T06:00:00Z
Nottingham,2020,09-11-2020,07:00:00,1.972580877,15.34315318,13.35912178,2020-11-09T07:00:00Z
Nottingham,2020,09-11-2020,08:00:00,13.72436964,24.65148168,22.07436842,2020-11-09T08:00:00Z
Nottingham,2020,09-11-2020,09:00:00,12.78994438,37.68460421,26.9851423,2020-11-09T09:00:00Z
Nottingham,2020,09-11-2020,10:00:00,18.63869187,23.40291577,25.97350921,2020-11-09T10:00:00Z
Nottingham,2020,09-11-2020,11:00:00,0,8.389145273,6.067334072,2020-11-09T11:00:00Z
Nottingham,2020,09-11-2020,12:00:00,0,15.16384974,6.511529458,2020-11-09T12:00:00Z
Nottingham,2020,09-11-2020,13:00:00,7.824611889,28.25180322,17.44375803,2020-11-09T13:00:00Z
Nottingham,2020,09-11-2020,14:00:00,6.297645091,9.826414051,20.09176084,2020-11-09T14:00:00Z
Nottingham,2020,09-11-2020,15:00:00,8.28504221,6.959247445,7.083156662,2020-11-09T15:00:00Z
Nottingham,2020,09-11-2020,16:00:00,13.39306068,31.37503848,19.07870508,2020-11-09T16:00:00Z
Nottingham,2020,09-11-2020,17:00:00,0,9.795788279,13.30269907,2020-11-09T17:00:00Z
Nottingham,2020,09-11-2020,18:00:00,13.28825352,18.4124756,23.60441924,2020-11-09T18:00:00Z
Nottingham,2020,09-11-2020,19:00:00,0,18.10150052,3.3176265639999998,2020-11-09T19:00:00Z
Nottingham,2020,09-11-2020,20:00:00,10.64588744,24.3764143,17.67263827,2020-11-09T20:00:00Z
Nottingham,2020,09-11-2020,21:00:00,3.040751587,37.94331312,19.60228831,2020-11-09T21:00:00Z
Nottingham,2020,09-11-2020,22:00:00,1.491291944,17.49234243,2.539718657,2020-11-09T22:00:00Z
Nottingham,2020,09-11-2020,23:00:00,8.682779211,19.14568172,13.4261812,2020-11-09T23:00:00Z
Nottingham,2020,10-11-2020,00:00:00,24.06477627,36.03302494,33.43364568,2020-11-10T00:00:00Z
Nottingham,2020,10-11-2020,01:00:00,2.287130786,42.34640587,21.28935814,2020-11-10T01:00:00Z
Nottingham,2020,10-11-2020,02:00:00,16.67665775,17.57306926,19.79467515,2020-11-10T02:00:00Z
Nottingham,2020,10-11-2020,03:00:00,15.09132073,32.6050386,23.27915479,2020-11-10T03:00:00Z
Nottingham,2020,10-11-2020,04:00:00,7.009884,8.502407629,12.89571019,2020-11-10T04:00:00Z
Nottingham,2020,10-11-2020,05:00:00,14.36607889,21.45634917,14.15621341,2020-11-10T05:00:00Z
Nottingham,2020,10-11-2020,06:00:00,6.735154479,-22.13272141,5.530564195,2020-11-10T06:00:00Z
Nottingham,2020,10-11-2020,07:00:00,13.58456981,49.32650297,21.14434689,2020-11-10T07:00:00Z
Nottingham,2020,10-11-2020,08:00:00,0,17.56598832,7.598244655,2020-11-10T08:00:00Z
Nottingham,2020,10-11-2020,09:00:00,16.32988184,17.28561892,16.54480006,2020-11-10T09:00:00Z
Nottingham,2020,10-11-2020,10:00:00,2.42013089,9.562853658,7.778345251,2020-11-10T10:00:00Z
Nottingham,2020,10-11-2020,11:00:00,0,8.565488289,3.798522976,2020-11-10T11:00:00Z
Nottingham,2020,10-11-2020,12:00:00,12.80427639,33.44556865,18.11599249,2020-11-10T12:00:00Z
Nottingham,2020,10-11-2020,13:00:00,4.147701122,24.28452185,9.84955797,2020-11-10T13:00:00Z
Nottingham,2020,10-11-2020,14:00:00,12.52584913,34.09716839,29.66160774,2020-11-10T14:00:00Z
Nottingham,2020,10-11-2020,15:00:00,5.422741441,20.6361563,21.74417997,2020-11-10T15:00:00Z
Nottingham,2020,10-11-2020,16:00:00,3.689788901,27.00063316,20.13493707,2020-11-10T16:00:00Z
Nottingham,2020,10-11-2020,17:00:00,5.012172883,19.70146365,10.06656055,2020-11-10T17:00:00Z
Nottingham,2020,10-11-2020,18:00:00,4.28337846,20.90474942,5.453786289,2020-11-10T18:00:00Z
Nottingham,2020,10-11-2020,19:00:00,13.74315741,32.15472753,23.55243936,2020-11-10T19:00:00Z
Nottingham,2020,10-11-2020,20:00:00,9.531153236,26.86179417,22.49584804,2020-11-10T20:00:00Z
Nottingham,2020,10-11-2020,21:00:00,1.679345645,21.07998153,8.534639762,2020-11-10T21:00:00Z
Nottingham,2020,10-11-2020,22:00:00,16.67283491,38.81769707,22.29391108,2020-11-10T22:00:00Z
Nottingham,2020,10-11-2020,23:00:00,0,1.473488854,-0.483226543,2020-11-10T23:00:00Z
Nottingham,2021,01-11-2021,00:00:00,1.178994318,10.45404147,7.524364165,2021-11-01T00:00:00Z
Nottingham,2021,01-11-2021,01:00:00,7.197359165,22.87363383,10.0529584,2021-11-01T01:00:00Z
Nottingham,2021,01-11-2021,02:00:00,26.40087586,45.98797593,24.67569394,2021-11-01T02:00:00Z
Nottingham,2021,01-11-2021,03:00:00,5.196873594,-13.75327093,3.136847608,2021-11-01T03:00:00Z
Nottingham,2021,01-11-2021,04:00:00,2.486815555,3.153224697,-3.008866032,2021-11-01T04:00:00Z
Nottingham,2021,01-11-2021,05:00:00,0.865716039,19.91176382,17.12479734,2021-11-01T05:00:00Z
Nottingham,2021,01-11-2021,06:00:00,11.20291183,13.23883544,16.19199618,2021-11-01T06:00:00Z
Nottingham,2021,01-11-2021,07:00:00,2.480415565,1.610423122,2.761448306,2021-11-01T07:00:00Z
Nottingham,2021,01-11-2021,08:00:00,7.564922661,43.19164602,18.77059318,2021-11-01T08:00:00Z
Nottingham,2021,01-11-2021,09:00:00,13.28219125,26.46683687,24.67446374,2021-11-01T09:00:00Z
Nottingham,2021,01-11-2021,10:00:00,14.30926451,25.74612857,17.04491835,2021-11-01T10:00:00Z
Nottingham,2021,01-11-2021,11:00:00,6.977090387,26.04086415,17.55428659,2021-11-01T11:00:00Z
Nottingham,2021,01-11-2021,12:00:00,23.09139066,23.94554829,22.35000177,2021-11-01T12:00:00Z
Nottingham,2021,01-11-2021,13:00:00,16.1401438,23.07351216,18.29719898,2021-11-01T13:00:00Z
Nottingham,2021,01-11-2021,14:00:00,9.275788171,21.16316222,13.13231758,2021-11-01T14:00:00Z
Nottingham,2021,01-11-2021,15:00:00,0.471289786,10.84120078,14.08822918,2021-11-01T15:00:00Z
Nottingham,2021,01-11-2021,16:00:00,9.619863617,28.46602195,23.78607102,2021-11-01T16:00:00Z
Nottingham,2021,01-11-2021,17:00:00,10.50136083,37.31935175,18.19184359,2021-11-01T17:00:00Z
Nottingham,2021,01-11-2021,18:00:00,5.696966119,0.451271016,0.795894261,2021-11-01T18:00:00Z
Nottingham,2021,01-11-2021,19:00:00,7.50412953,53.2306486,23.05835017,2021-11-01T19:00:00Z
Nottingham,2021,01-11-2021,20:00:00,0,17.84404158,13.23204368,2021-11-01T20:00:00Z
Nottingham,2021,01-11-2021,21:00:00,3.532622574,3.106826185,3.625864313,2021-11-01T21:00:00Z
Nottingham,2021,01-11-2021,22:00:00,13.946707,27.56388715,17.69234044,2021-11-01T22:00:00Z
Nottingham,2021,01-11-2021,23:00:00,11.52412522,20.25032853,24.59659819,2021-11-01T23:00:00Z
Nottingham,2021,02-11-2021,00:00:00,16.02232718,40.05373626,21.58956411,2021-11-02T00:00:00Z
Nottingham,2021,02-11-2021,01:00:00,4.326598858,14.7246765,2.377016399,2021-11-02T01:00:00Z
Nottingham,2021,02-11-2021,02:00:00,8.400711385,41.98419666,15.11794283,2021-11-02T02:00:00Z
Nottingham,2021,02-11-2021,03:00:00,7.866940018,-5.902948753,10.38026465,2021-11-02T03:00:00Z
Nottingham,2021,02-11-2021,04:00:00,3.733776114,17.16267904,13.3177853,2021-11-02T04:00:00Z
Nottingham,2021,02-11-2021,05:00:00,12.12519594,46.24541137,26.42920137,2021-11-02T05:00:00Z
Nottingham,2021,02-11-2021,06:00:00,9.972877878,23.13077233,23.13803491,2021-11-02T06:00:00Z
Nottingham,2021,02-11-2021,07:00:00,19.51921801,44.5655553,20.73710864,2021-11-02T07:00:00Z
Nottingham,2021,02-11-2021,08:00:00,0.433675141,23.62253854,6.055104669,2021-11-02T08:00:00Z
Nottingham,2021,02-11-2021,09:00:00,9.66578251,26.42482488,16.59907162,2021-11-02T09:00:00Z
Nottingham,2021,02-11-2021,10:00:00,0,8.462800053,11.81749471,2021-11-02T10:00:00Z
Nottingham,2021,02-11-2021,11:00:00,6.961647392,11.45029085,14.90509329,2021-11-02T11:00:00Z
Nottingham,2021,02-11-2021,12:00:00,14.00501329,26.98248704,23.93171179,2021-11-02T12:00:00Z
Nottingham,2021,02-11-2021,13:00:00,10.88348748,18.31417284,9.146535383,2021-11-02T13:00:00Z
Nottingham,2021,02-11-2021,14:00:00,13.05589305,48.06895625,16.50104315,2021-11-02T14:00:00Z
Nottingham,2021,02-11-2021,15:00:00,0,-5.626480278,7.34394751,2021-11-02T15:00:00Z
Nottingham,2021,02-11-2021,16:00:00,0,7.822986749,11.58489036,2021-11-02T16:00:00Z
Nottingham,2021,02-11-2021,17:00:00,0.950267077,18.42793643,0.444655123,2021-11-02T17:00:00Z
Nottingham,2021,02-11-2021,18:00:00,9.991455138,17.47087435,14.27515351,2021-11-02T18:00:00Z
Nottingham,2021,02-11-2021,19:00:00,1.898872491,-1.6449727,-1.262062415,2021-11-02T19:00:00Z
Nottingham,2021,02-11-2021,20:00:00,0,13.67756831,5.736562832,2021-11-02T20:00:00Z
Nottingham,2021,02-11-2021,21:00:00,12.79639611,25.31238927,18.91826447,2021-11-02T21:00:00Z
Nottingham,2021,02-11-2021,22:00:00,3.529084939,4.460173689,9.743246181,2021-11-02T22:00:00Z
Nottingham,2021,02-11-2021,23:00:00,6.815771226,22.47007436,9.421352457,2021-11-02T23:00:00Z
Nottingham,2021,03-11-2021,00:00:00,14.01542962,16.1937027,23.33430569,2021-11-03T00:00:00Z
Nottingham,2021,03-11-2021,01:00:00,10.42885949,16.91990475,13.60272777,2021-11-03T01:00:00Z
Nottingham,2021,03-11-2021,02:00:00,7.844231615,15.37130323,20.01656865,2021-11-03T02:00:00Z
Nottingham,2021,03-11-2021,03:00:00,6.370999498,17.93058343,12.33084549,2021-11-03T03:00:00Z
Nottingham,2021,03-11-2021,04:00:00,2.381240234,-18.22817419,9.380760528,2021-11-03T04:00:00Z
Nottingham,2021,03-11-2021,05:00:00,3.411062121,41.59899831,24.49674369,2021-11-03T05:00:00Z
Nottingham,2021,03-11-2021,06:00:00,20.00979408,45.31961386,24.03756432,2021-11-03T06:00:00Z
Nottingham,2021,03-11-2021,07:00:00,5.497928586,12.84336995,7.655745471,2021-11-03T07:00:00Z
Nottingham,2021,03-11-2021,08:00:00,0,-13.94037234,-5.294772074,2021-11-03T08:00:00Z
Nottingham,2021,03-11-2021,09:00:00,12.56592488,29.03241463,15.71932422,2021-11-03T09:00:00Z
Nottingham,2021,03-11-2021,10:00:00,11.85216233,4.287247113,15.11205349,2021-11-03T10:00:00Z
Nottingham,2021,03-11-2021,11:00:00,3.08390831,1.332203253,11.79939893,2021-11-03T11:00:00Z
Nottingham,2021,03-11-2021,12:00:00,10.40013892,9.785580539,10.43902966,2021-11-03T12:00:00Z
Nottingham,2021,03-11-2021,13:00:00,10.4511447,15.91395298,13.95500719,2021-11-03T13:00:00Z
Nottingham,2021,03-11-2021,14:00:00,5.142649419,10.86104209,10.26197239,2021-11-03T14:00:00Z
Nottingham,2021,03-11-2021,15:00:00,3.527670462,-0.224427081,5.430351455,2021-11-03T15:00:00Z
Nottingham,2021,03-11-2021,16:00:00,7.499220182,15.01905601,19.08508066,2021-11-03T16:00:00Z
Nottingham,2021,03-11-2021,17:00:00,10.89604788,31.91577897,13.92400559,2021-11-03T17:00:00Z
Nottingham,2021,03-11-2021,18:00:00,7.135034033,16.62372733,14.3985131,2021-11-03T18:00:00Z
Nottingham,2021,03-11-2021,19:00:00,0,16.88985359,5.569508665,2021-11-03T19:00:00Z
Nottingham,2021,03-11-2021,20:00:00,16.98726491,56.50628002,31.5246331,2021-11-03T20:00:00Z
Nottingham,2021,03-11-2021,21:00:00,3.47458865,26.4254508,11.74523915,2021-11-03T21:00:00Z
Nottingham,2021,03-11-2021,22:00:00,10.71036169,9.631456109,17.78816577,2021-11-03T22:00:00Z
Nottingham,2021,03-11-2021,23:00:00,5.591439869,-7.382357784,-6.006846405,2021-11-03T23:00:00Z
Nottingham,2021,04-11-2021,00:00:00,5.166842626,5.539833161,11.83338066,2021-11-04T00:00:00Z
Nottingham,2021,04-11-2021,01:00:00,8.529373782,11.10363178,14.9285535,2021-11-04T01:00:00Z
Nottingham,2021,04-11-2021,02:00:00,4.042801682,13.4162823,14.986635,2021-11-04T02:00:00Z
Nottingham,2021,04-11-2021,03:00:00,8.454771396,32.3871848,18.89270669,2021-11-04T03:00:00Z
Nottingham,2021,04-11-2021,04:00:00,16.15546138,18.95731829,13.03171672,2021-11-04T04:00:00Z
Nottingham,2021,04-11-2021,05:00:00,6.35616928,23.94230669,13.43108114,2021-11-04T05:00:00Z
Nottingham,2021,04-11-2021,06:00:00,12.24949195,45.45032639,26.31829344,2021-11-04T06:00:00Z
Nottingham,2021,04-11-2021,07:00:00,7.485368399,7.733552278,14.52858262,2021-11-04T07:00:00Z
Nottingham,2021,04-11-2021,08:00:00,0,26.57223776,4.178778592,2021-11-04T08:00:00Z
Nottingham,2021,04-11-2021,09:00:00,16.21276368,11.00111531,20.84335931,2021-11-04T09:00:00Z
Nottingham,2021,04-11-2021,10:00:00,17.48482601,27.93393252,24.87398674,2021-11-04T10:00:00Z
Nottingham,2021,04-11-2021,11:00:00,7.888359949,11.00360249,17.77127158,2021-11-04T11:00:00Z
Nottingham,2021,04-11-2021,12:00:00,16.9599455,20.52562276,19.53205029,2021-11-04T12:00:00Z
Nottingham,2021,04-11-2021,13:00:00,10.49440141,13.60163205,14.14167219,2021-11-04T13:00:00Z
Nottingham,2021,04-11-2021,14:00:00,3.353443631,8.45756408,-0.366903302,2021-11-04T14:00:00Z
Nottingham,2021,04-11-2021,15:00:00,13.44264256,21.23176295,18.77722264,2021-11-04T15:00:00Z
Nottingham,2021,04-11-2021,16:00:00,6.836768591,15.54575607,19.266759359999998,2021-11-04T16:00:00Z
Nottingham,2021,04-11-2021,17:00:00,13.52452378,8.807101069,14.12620004,2021-11-04T17:00:00Z
Nottingham,2021,04-11-2021,18:00:00,16.61890351,27.3290659,20.63441204,2021-11-04T18:00:00Z
Nottingham,2021,04-11-2021,19:00:00,0,8.756616124,4.131121271,2021-11-04T19:00:00Z
Nottingham,2021,04-11-2021,20:00:00,0.527394481,13.05607812,15.65912137,2021-11-04T20:00:00Z
Nottingham,2021,04-11-2021,21:00:00,0.136775696,5.91548137,2.011763899,2021-11-04T21:00:00Z
Nottingham,2021,04-11-2021,22:00:00,11.96911332,39.9156312,28.3687832,2021-11-04T22:00:00Z
Nottingham,2021,04-11-2021,23:00:00,7.709083578,37.68873987,15.83692314,2021-11-04T23:00:00Z
Nottingham,2021,05-11-2021,00:00:00,51.6922543,127.3613795,96.98127902,2021-11-05T00:00:00Z
Nottingham,2021,05-11-2021,01:00:00,67.40490059,133.3266282,95.49835304,2021-11-05T01:00:00Z
Nottingham,2021,05-11-2021,02:00:00,50.55791207,122.3498641,94.2305161,2021-11-05T02:00:00Z
Nottingham,2021,05-11-2021,03:00:00,95.28171594,194.8812185,152.0981745,2021-11-05T03:00:00Z
Nottingham,2021,05-11-2021,04:00:00,38.07021996,114.3183075,85.01864598,2021-11-05T04:00:00Z
Nottingham,2021,05-11-2021,05:00:00,42.6414515,105.0259995,88.04703043,2021-11-05T05:00:00Z
Nottingham,2021,05-11-2021,06:00:00,26.86408735,96.77067943,65.29133352,2021-11-05T06:00:00Z
Nottingham,2021,05-11-2021,07:00:00,36.09861903,70.35368087,62.09867776,2021-11-05T07:00:00Z
Nottingham,2021,05-11-2021,08:00:00,77.85955208,146.040996,116.0838374,2021-11-05T08:00:00Z
Nottingham,2021,05-11-2021,09:00:00,26.01157951,93.07259358,61.03148289,2021-11-05T09:00:00Z
Nottingham,2021,05-11-2021,10:00:00,91.56174591,156.3255833,122.7512322,2021-11-05T10:00:00Z
Nottingham,2021,05-11-2021,11:00:00,34.49724627,95.90850136,68.07320785,2021-11-05T11:00:00Z
Nottingham,2021,05-11-2021,12:00:00,39.34697779,72.84124845,69.32071978,2021-11-05T12:00:00Z
Nottingham,2021,05-11-2021,13:00:00,19.89663983,41.1939984,41.10342727,2021-11-05T13:00:00Z
Nottingham,2021,05-11-2021,14:00:00,31.61309529,101.8798594,71.08018478,2021-11-05T14:00:00Z
Nottingham,2021,05-11-2021,15:00:00,44.26662012,114.3530626,93.12027679,2021-11-05T15:00:00Z
Nottingham,2021,05-11-2021,16:00:00,26.05325032,84.94844056,52.09371183,2021-11-05T16:00:00Z
Nottingham,2021,05-11-2021,17:00:00,30.83758603,74.91037845,68.20981359,2021-11-05T17:00:00Z
Nottingham,2021,05-11-2021,18:00:00,115.0663085,239.3636135,168.3894512,2021-11-05T18:00:00Z
Nottingham,2021,05-11-2021,19:00:00,53.12163091,113.9660382,95.00779246,2021-11-05T19:00:00Z
Nottingham,2021,05-11-2021,20:00:00,60.30690734,137.7174137,107.493734,2021-11-05T20:00:00Z
Nottingham,2021,05-11-2021,21:00:00,58.58188659,131.8461595,105.4393449,2021-11-05T21:00:00Z
Nottingham,2021,05-11-2021,22:00:00,16.6028884,85.8598107,61.33716367,2021-11-05T22:00:00Z
Nottingham,2021,05-11-2021,23:00:00,41.016977,100.3722137,85.12895509,2021-11-05T23:00:00Z
Nottingham,2021,06-11-2021,00:00:00,12.44571921,33.16915974,14.39207219,2021-11-06T00:00:00Z
Nottingham,2021,06-11-2021,01:00:00,12.32664797,13.45822937,18.12114596,2021-11-06T01:00:00Z
Nottingham,2021,06-11-2021,02:00:00,8.419584303,39.52883044,19.84871912,2021-11-06T02:00:00Z
Nottingham,2021,06-11-2021,03:00:00,15.43401993,57.36421411,29.60130276,2021-11-06T03:00:00Z
Nottingham,2021,06-11-2021,04:00:00,7.981911238,19.69504717,8.65854856,2021-11-06T04:00:00Z
Nottingham,2021,06-11-2021,05:00:00,16.4665376,11.71482508,24.61794352,2021-11-06T05:00:00Z
Nottingham,2021,06-11-2021,06:00:00,0,30.02412003,15.05110775,2021-11-06T06:00:00Z
Nottingham,2021,06-11-2021,07:00:00,0,4.776333485,9.137982957,2021-11-06T07:00:00Z
Nottingham,2021,06-11-2021,08:00:00,0.464264633,5.508206165,7.984257215,2021-11-06T08:00:00Z
Nottingham,2021,06-11-2021,09:00:00,21.29683041,25.08898509,26.5057341,2021-11-06T09:00:00Z
Nottingham,2021,06-11-2021,10:00:00,20.32656065,37.89958853,28.37636021,2021-11-06T10:00:00Z
Nottingham,2021,06-11-2021,11:00:00,12.7374133,32.23252666,15.43299109,2021-11-06T11:00:00Z
Nottingham,2021,06-11-2021,12:00:00,1.33783565,14.0901718,10.82799143,2021-11-06T12:00:00Z
Nottingham,2021,06-11-2021,13:00:00,7.963044812,-13.63577005,1.888533577,2021-11-06T13:00:00Z
Nottingham,2021,06-11-2021,14:00:00,5.352246619,7.99344966,13.06907994,2021-11-06T14:00:00Z
Nottingham,2021,06-11-2021,15:00:00,8.672450053,25.0113723,17.19352613,2021-11-06T15:00:00Z
Nottingham,2021,06-11-2021,16:00:00,8.684646131,14.58187209,24.43839949,2021-11-06T16:00:00Z
Nottingham,2021,06-11-2021,17:00:00,8.545340841,-4.307737004,2.344105625,2021-11-06T17:00:00Z
Nottingham,2021,06-11-2021,18:00:00,2.625378342,7.833348061,0.784280271,2021-11-06T18:00:00Z
Nottingham,2021,06-11-2021,19:00:00,6.80094003,15.2452977,2.500217753,2021-11-06T19:00:00Z
Nottingham,2021,06-11-2021,20:00:00,4.806298232,37.26299513,8.451584655,2021-11-06T20:00:00Z
Nottingham,2021,06-11-2021,21:00:00,9.926687448,44.85899842,22.54516245,2021-11-06T21:00:00Z
Nottingham,2021,06-11-2021,22:00:00,15.6378736,32.42689557,30.30969044,2021-11-06T22:00:00Z
Nottingham,2021,06-11-2021,23:00:00,6.77935621,39.08712528,22.83656967,2021-11-06T23:00:00Z
Nottingham,2021,07-11-2021,00:00:00,6.230904152,20.94387156,18.69046504,2021-11-07T00:00:00Z
Nottingham,2021,07-11-2021,01:00:00,0,4.886113715,4.238536436,2021-11-07T01:00:00Z
Nottingham,2021,07-11-2021,02:00:00,3.714560597,-9.903843407,7.019551607,2021-11-07T02:00:00Z
Nottingham,2021,07-11-2021,03:00:00,5.535224792,36.91489073,18.69695152,2021-11-07T03:00:00Z
Nottingham,2021,07-11-2021,04:00:00,13.33157969,13.12374212,16.48293627,2021-11-07T04:00:00Z
Nottingham,2021,07-11-2021,05:00:00,3.578732011,38.76894171,18.49430621,2021-11-07T05:00:00Z
Nottingham,2021,07-11-2021,06:00:00,13.57172566,54.33840194,18.39320384,2021-11-07T06:00:00Z
Nottingham,2021,07-11-2021,07:00:00,6.905042406,14.56592031,11.9771667,2021-11-07T07:00:00Z
Nottingham,2021,07-11-2021,08:00:00,11.80106968,30.53928887,19.45038878,2021-11-07T08:00:00Z
Nottingham,2021,07-11-2021,09:00:00,10.15444647,0.744278409,3.994067401,2021-11-07T09:00:00Z
Nottingham,2021,07-11-2021,10:00:00,10.28545455,26.41596497,9.477745671,2021-11-07T10:00:00Z
Nottingham,2021,07-11-2021,11:00:00,11.31310887,-12.2524044,13.07788123,2021-11-07T11:00:00Z
Nottingham,2021,07-11-2021,12:00:00,15.43908837,32.92915779,17.65013029,2021-11-07T12:00:00Z
Nottingham,2021,07-11-2021,13:00:00,5.072283362,11.98372375,11.65885338,2021-11-07T13:00:00Z
Nottingham,2021,07-11-2021,14:00:00,9.829903166,8.417539584,11.09804282,2021-11-07T14:00:00Z
Nottingham,2021,07-11-2021,15:00:00,1.407958688,12.77202476,9.238651213,2021-11-07T15:00:00Z
Nottingham,2021,07-11-2021,16:00:00,12.93669396,30.14728967,15.43170444,2021-11-07T16:00:00Z
Nottingham,2021,07-11-2021,17:00:00,5.909512113,7.042639511,10.87725627,2021-11-07T17:00:00Z
Nottingham,2021,07-11-2021,18:00:00,15.23367504,16.88161183,16.04920658,2021-11-07T18:00:00Z
Nottingham,2021,07-11-2021,19:00:00,0,-5.152996343,-3.950909533,2021-11-07T19:00:00Z
Nottingham,2021,07-11-2021,20:00:00,2.194176384,9.671216682,7.963904275,2021-11-07T20:00:00Z
Nottingham,2021,07-11-2021,21:00:00,0,34.64329854,20.07212808,2021-11-07T21:00:00Z
Nottingham,2021,07-11-2021,22:00:00,13.82239769,22.28797122,15.93810175,2021-11-07T22:00:00Z
Nottingham,2021,07-11-2021,23:00:00,8.376891376,13.70977798,14.12122716,2021-11-07T23:00:00Z
Nottingham,2021,08-11-2021,00:00:00,23.13081503,54.66003708,32.63160946,2021-11-08T00:00:00Z
Nottingham,2021,08-11-2021,01:00:00,2.299229623,30.54255726,18.89770897,2021-11-08T01:00:00Z
Nottingham,2021,08-11-2021,02:00:00,5.017563895,9.850085313,14.35394446,2021-11-08T02:00:00Z
Nottingham,2021,08-11-2021,03:00:00,2.778221106,20.73094473,13.37410438,2021-11-08T03:00:00Z
Nottingham,2021,08-11-2021,04:00:00,19.81764643,44.45486025,25.80978214,2021-11-08T04:00:00Z
Nottingham,2021,08-11-2021,05:00:00,9.826588924,26.31198751,18.39014555,2021-11-08T05:00:00Z
Nottingham,2021,08-11-2021,06:00:00,14.48113569,20.5856595,21.9650503,2021-11-08T06:00:00Z
Nottingham,2021,08-11-2021,07:00:00,0,-1.262830479,0.96586026,2021-11-08T07:00:00Z
Nottingham,2021,08-11-2021,08:00:00,4.757586984,6.255043185,10.30177921,2021-11-08T08:00:00Z
Nottingham,2021,08-11-2021,09:00:00,10.22525299,24.00401099,16.13260123,2021-11-08T09:00:00Z
Nottingham,2021,08-11-2021,10:00:00,5.29577517,21.83798042,18.77422912,2021-11-08T10:00:00Z
Nottingham,2021,08-11-2021,11:00:00,9.777939876,16.96924519,3.045516885,2021-11-08T11:00:00Z
Nottingham,2021,08-11-2021,12:00:00,8.468616969,23.88552123,19.09700048,2021-11-08T12:00:00Z
Nottingham,2021,08-11-2021,13:00:00,12.38113539,22.60933292,15.93957287,2021-11-08T13:00:00Z
Nottingham,2021,08-11-2021,14:00:00,6.789295493,15.98301252,4.315760757,2021-11-08T14:00:00Z
Nottingham,2021,08-11-2021,15:00:00,1.823375648,23.64729556,13.82070966,2021-11-08T15:00:00Z
Nottingham,2021,08-11-2021,16:00:00,10.88589117,15.06075098,9.518819504,2021-11-08T16:00:00Z
Nottingham,2021,08-11-2021,17:00:00,2.669611263,12.3043476,12.84683768,2021-11-08T17:00:00Z
Nottingham,2021,08-11-2021,18:00:00,17.48800675,43.92284387,23.32163536,2021-11-08T18:00:00Z
Nottingham,2021,08-11-2021,19:00:00,3.035348693,13.88594635,12.92056322,2021-11-08T19:00:00Z
Nottingham,2021,08-11-2021,20:00:00,14.16395527,24.42305789,17.55322607,2021-11-08T20:00:00Z
Nottingham,2021,08-11-2021,21:00:00,1.232761042,20.03559741,15.09637372,2021-11-08T21:00:00Z
Nottingham,2021,08-11-2021,22:00:00,0.47547351,20.50642982,10.65358768,2021-11-08T22:00:00Z
Nottingham,2021,08-11-2021,23:00:00,10.29836231,1.780144309,7.39004042,2021-11-08T23:00:00Z
Nottingham,2021,09-11-2021,00:00:00,12.00682697,30.01567024,26.83951549,2021-11-09T00:00:00Z
Nottingham,2021,09-11-2021,01:00:00,6.747878245,20.41676349,15.55229544,2021-11-09T01:00:00Z
Nottingham,2021,09-11-2021,02:00:00,9.514257118,0.479153797,3.259371056,2021-11-09T02:00:00Z
Nottingham,2021,09-11-2021,03:00:00,11.13142969,-4.532731218,6.315041118,2021-11-09T03:00:00Z
Nottingham,2021,09-11-2021,04:00:00,9.126148161,26.5543085,11.41695777,2021-11-09T04:00:00Z
Nottingham,2021,09-11-2021,05:00:00,12.0170789,36.00549662,32.40336055,2021-11-09T05:00:00Z
Nottingham,2021,09-11-2021,06:00:00,0.028017342,-4.721645696,3.015394565,2021-11-09T06:00:00Z
Nottingham,2021,09-11-2021,07:00:00,15.3920064,38.11752648,24.66236374,2021-11-09T07:00:00Z
Nottingham,2021,09-11-2021,08:00:00,0,-36.04036891,-6.220886728,2021-11-09T08:00:00Z
Nottingham,2021,09-11-2021,09:00:00,10.48839459,18.05204563,21.31093797,2021-11-09T09:00:00Z
Nottingham,2021,09-11-2021,10:00:00,2.769681956,7.256898364,8.666052466,2021-11-09T10:00:00Z
Nottingham,2021,09-11-2021,11:00:00,23.42970521,20.03811319,31.26844216,2021-11-09T11:00:00Z
Nottingham,2021,09-11-2021,12:00:00,14.36244101,26.15790397,20.92188373,2021-11-09T12:00:00Z
Nottingham,2021,09-11-2021,13:00:00,10.78066377,28.27858337,18.84234421,2021-11-09T13:00:00Z
Nottingham,2021,09-11-2021,14:00:00,1.406869839,29.27301115,15.91792499,2021-11-09T14:00:00Z
Nottingham,2021,09-11-2021,15:00:00,14.27296767,26.91681952,24.73030194,2021-11-09T15:00:00Z
Nottingham,2021,09-11-2021,16:00:00,14.73487779,36.67542689,25.31860507,2021-11-09T16:00:00Z
Nottingham,2021,09-11-2021,17:00:00,0,34.93570869,12.660518,2021-11-09T17:00:00Z
Nottingham,2021,09-11-2021,18:00:00,15.32605324,50.61321961,34.68013587,2021-11-09T18:00:00Z
Nottingham,2021,09-11-2021,19:00:00,0,1.868356226,3.690042817,2021-11-09T19:00:00Z
Nottingham,2021,09-11-2021,20:00:00,14.06737796,16.66600413,17.32799724,2021-11-09T20:00:00Z
Nottingham,2021,09-11-2021,21:00:00,9.007032755,3.01366344,10.09931956,2021-11-09T21:00:00Z
Nottingham,2021,09-11-2021,22:00:00,5.437770275,-6.659402031,4.176864568,2021-11-09T22:00:00Z
Nottingham,2021,09-11-2021,23:00:00,0,-4.228812262,4.882629523,2021-11-09T23:00:00Z
Nottingham,2021,10-11-2021,00:00:00,0,5.451639416,3.907550511,2021-11-10T00:00:00Z
Nottingham,2021,10-11-2021,01:00:00,3.846115447,21.20215461,10.69971196,2021-11-10T01:00:00Z
Nottingham,2021,10-11-2021,02:00:00,5.906095662,37.71232574,17.07834002,2021-11-10T02:00:00Z
Nottingham,2021,10-11-2021,03:00:00,10.94555156,48.16498011,25.72924283,2021-11-10T03:00:00Z
Nottingham,2021,10-11-2021,04:00:00,8.487461245,23.97217177,21.40635279,2021-11-10T04:00:00Z
Nottingham,2021,10-11-2021,05:00:00,6.508579124,-11.57389227,6.037968835,2021-11-10T05:00:00Z
Nottingham,2021,10-11-2021,06:00:00,0,7.755630247,7.604597631,2021-11-10T06:00:00Z
Nottingham,2021,10-11-2021,07:00:00,11.17090743,33.9655471,20.87453319,2021-11-10T07:00:00Z
Nottingham,2021,10-11-2021,08:00:00,17.93415504,18.9775132,22.64705704,2021-11-10T08:00:00Z
Nottingham,2021,10-11-2021,09:00:00,5.017954304,10.2529637,2.170991265,2021-11-10T09:00:00Z
Nottingham,2021,10-11-2021,10:00:00,3.111739108,25.74470527,19.29903409,2021-11-10T10:00:00Z
Nottingham,2021,10-11-2021,11:00:00,0,7.432619943,3.555246689,2021-11-10T11:00:00Z
Nottingham,2021,10-11-2021,12:00:00,1.280577302,13.59691064,4.22650101,2021-11-10T12:00:00Z
Nottingham,2021,10-11-2021,13:00:00,3.404269632,30.33485354,21.15258878,2021-11-10T13:00:00Z
Nottingham,2021,10-11-2021,14:00:00,16.73509704,42.7865615,23.964795,2021-11-10T14:00:00Z
Nottingham,2021,10-11-2021,15:00:00,15.46912771,18.52899483,24.15636959,2021-11-10T15:00:00Z
Nottingham,2021,10-11-2021,16:00:00,0,12.52697572,12.40312131,2021-11-10T16:00:00Z
Nottingham,2021,10-11-2021,17:00:00,16.66692551,13.10763888,15.99644274,2021-11-10T17:00:00Z
Nottingham,2021,10-11-2021,18:00:00,6.406560054,25.14185946,13.28573356,2021-11-10T18:00:00Z
Nottingham,2021,10-11-2021,19:00:00,14.14250348,32.60389875,19.02083722,2021-11-10T19:00:00Z
Nottingham,2021,10-11-2021,20:00:00,10.22668003,18.00101092,16.82569847,2021-11-10T20:00:00Z
Nottingham,2021,10-11-2021,21:00:00,7.840925,-6.285339181,2.274900857,2021-11-10T21:00:00Z
Nottingham,2021,10-11-2021,22:00:00,5.751273142,-11.28901679,2.389849148,2021-11-10T22:00:00Z
Nottingham,2021,10-11-2021,23:00:00,15.1378253,39.18242461,25.01414658,2021-11-10T23:00:00Z
Nottingham,2022,01-11-2022,00:00:00,10.96442148,17.00244775,7.957991141,2022-11-01T00:00:00Z
Nottingham,2022,01-11-2022,01:00:00,5.709485125,27.15907673,18.85145799,2022-11-01T01:00:00Z
Nottingham,2022,01-11-2022,02:00:00,2.154905701,-4.708920536,8.952546538,2022-11-01T02:00:00Z
Nottingham,2022,01-11-2022,03:00:00,3.358347606,19.55005436,16.76522084,2022-11-01T03:00:00Z
Nottingham,2022,01-11-2022,04:00:00,10.01918031,5.860215414,6.624660671,2022-11-01T04:00:00Z
Nottingham,2022,01-11-2022,05:00:00,29.51072725,54.35387842,34.08451305,2022-11-01T05:00:00Z
Nottingham,2022,01-11-2022,06:00:00,6.462563603,11.18729202,10.1121787,2022-11-01T06:00:00Z
Nottingham,2022,01-11-2022,07:00:00,0,0.295230672,4.978948737,2022-11-01T07:00:00Z
Nottingham,2022,01-11-2022,08:00:00,8.047112293,6.840996582,3.998785973,2022-11-01T08:00:00Z
Nottingham,2022,01-11-2022,09:00:00,4.209385419,23.19228599,13.34604498,2022-11-01T09:00:00Z
Nottingham,2022,01-11-2022,10:00:00,8.775923004,20.70045899,14.64485529,2022-11-01T10:00:00Z
Nottingham,2022,01-11-2022,11:00:00,9.96309062,15.61469049,14.45127365,2022-11-01T11:00:00Z
Nottingham,2022,01-11-2022,12:00:00,2.299930905,-1.99142472,9.88119127,2022-11-01T12:00:00Z
Nottingham,2022,01-11-2022,13:00:00,5.019464955,28.10746207,21.09271646,2022-11-01T13:00:00Z
Nottingham,2022,01-11-2022,14:00:00,7.592313882,27.37223625,19.23683008,2022-11-01T14:00:00Z
Nottingham,2022,01-11-2022,15:00:00,0,24.8781986,10.20358696,2022-11-01T15:00:00Z
Nottingham,2022,01-11-2022,16:00:00,0,18.87448754,13.45767045,2022-11-01T16:00:00Z
Nottingham,2022,01-11-2022,17:00:00,7.028769789,13.29082947,5.963017098,2022-11-01T17:00:00Z
Nottingham,2022,01-11-2022,18:00:00,6.713812397,22.09173618,8.894057194,2022-11-01T18:00:00Z
Nottingham,2022,01-11-2022,19:00:00,10.27164029,20.13841537,15.38868356,2022-11-01T19:00:00Z
Nottingham,2022,01-11-2022,20:00:00,10.8030029,21.33081545,18.33846334,2022-11-01T20:00:00Z
Nottingham,2022,01-11-2022,21:00:00,1.745089848,21.15502357,15.13995689,2022-11-01T21:00:00Z
Nottingham,2022,01-11-2022,22:00:00,3.529355146,18.76155081,10.2486743,2022-11-01T22:00:00Z
Nottingham,2022,01-11-2022,23:00:00,0,20.59996549,10.96610197,2022-11-01T23:00:00Z
Nottingham,2022,02-11-2022,00:00:00,9.290750045,-6.297737258,9.039585504,2022-11-02T00:00:00Z
Nottingham,2022,02-11-2022,01:00:00,19.5521467,55.50736398,28.93097416,2022-11-02T01:00:00Z
Nottingham,2022,02-11-2022,02:00:00,20.0667369,35.58134984,17.62047471,2022-11-02T02:00:00Z
Nottingham,2022,02-11-2022,03:00:00,4.789328928,-10.1238083,1.364830697,2022-11-02T03:00:00Z
Nottingham,2022,02-11-2022,04:00:00,9.289199258,23.23862081,18.28797754,2022-11-02T04:00:00Z
Nottingham,2022,02-11-2022,05:00:00,9.394609764,33.61216521,15.05487049,2022-11-02T05:00:00Z
Nottingham,2022,02-11-2022,06:00:00,11.17378928,25.86497525,9.526876312,2022-11-02T06:00:00Z
Nottingham,2022,02-11-2022,07:00:00,19.47431741,31.32811716,27.69070293,2022-11-02T07:00:00Z
Nottingham,2022,02-11-2022,08:00:00,9.706516159,36.12210278,23.09379598,2022-11-02T08:00:00Z
Nottingham,2022,02-11-2022,09:00:00,17.06004284,26.93257049,28.21437313,2022-11-02T09:00:00Z
Nottingham,2022,02-11-2022,10:00:00,4.772005939,3.992391253,12.05272891,2022-11-02T10:00:00Z
Nottingham,2022,02-11-2022,11:00:00,15.87273351,23.4680511,21.31940113,2022-11-02T11:00:00Z
Nottingham,2022,02-11-2022,12:00:00,11.18362522,39.09392494,17.42288028,2022-11-02T12:00:00Z
Nottingham,2022,02-11-2022,13:00:00,9.380730163,37.82020708,20.67916828,2022-11-02T13:00:00Z
Nottingham,2022,02-11-2022,14:00:00,3.624115105,-3.595641138,11.26859675,2022-11-02T14:00:00Z
Nottingham,2022,02-11-2022,15:00:00,0.45209246,26.21755731,20.10372323,2022-11-02T15:00:00Z
Nottingham,2022,02-11-2022,16:00:00,12.56459682,19.8986729,20.42486894,2022-11-02T16:00:00Z
Nottingham,2022,02-11-2022,17:00:00,14.20047183,26.68272727,18.11284999,2022-11-02T17:00:00Z
Nottingham,2022,02-11-2022,18:00:00,5.563144606,14.80406385,12.56083148,2022-11-02T18:00:00Z
Nottingham,2022,02-11-2022,19:00:00,5.778023919,25.37482291,9.268300089,2022-11-02T19:00:00Z
Nottingham,2022,02-11-2022,20:00:00,11.67569676,29.9684911,28.96452933,2022-11-02T20:00:00Z
Nottingham,2022,02-11-2022,21:00:00,9.086920262,9.264366362,7.48108813,2022-11-02T21:00:00Z
Nottingham,2022,02-11-2022,22:00:00,14.8594544,11.17199352,16.50980975,2022-11-02T22:00:00Z
Nottingham,2022,02-11-2022,23:00:00,5.894055222,14.89355737,4.77914453,2022-11-02T23:00:00Z
Nottingham,2022,03-11-2022,00:00:00,11.61669565,37.93323329,23.45123684,2022-11-03T00:00:00Z
Nottingham,2022,03-11-2022,01:00:00,10.51150177,45.95101738,19.55106649,2022-11-03T01:00:00Z
Nottingham,2022,03-11-2022,02:00:00,5.261336083,5.857773367,8.129043481,2022-11-03T02:00:00Z
Nottingham,2022,03-11-2022,03:00:00,0,32.31247096,15.03744056,2022-11-03T03:00:00Z
Nottingham,2022,03-11-2022,04:00:00,5.045089367,10.0200124,3.952561537,2022-11-03T04:00:00Z
Nottingham,2022,03-11-2022,05:00:00,0,4.958060739,-3.607357502,2022-11-03T05:00:00Z
Nottingham,2022,03-11-2022,06:00:00,2.25062721,-4.58850124,-5.371601292,2022-11-03T06:00:00Z
Nottingham,2022,03-11-2022,07:00:00,10.5847927,2.639084476,9.362591924,2022-11-03T07:00:00Z
Nottingham,2022,03-11-2022,08:00:00,0,20.10168466,5.374085355,2022-11-03T08:00:00Z
Nottingham,2022,03-11-2022,09:00:00,0.712771339,17.48913294,3.705451399,2022-11-03T09:00:00Z
Nottingham,2022,03-11-2022,10:00:00,14.77988816,24.28256371,16.64180679,2022-11-03T10:00:00Z
Nottingham,2022,03-11-2022,11:00:00,6.57158604,7.783039678,9.666511593,2022-11-03T11:00:00Z
Nottingham,2022,03-11-2022,12:00:00,0,-15.49629345,-0.271810218,2022-11-03T12:00:00Z
Nottingham,2022,03-11-2022,13:00:00,6.635431206,6.861866908,2.087397142,2022-11-03T13:00:00Z
Nottingham,2022,03-11-2022,14:00:00,1.47114404,31.23262801,11.73638803,2022-11-03T14:00:00Z
Nottingham,2022,03-11-2022,15:00:00,4.662012245,31.1957877,18.31597625,2022-11-03T15:00:00Z
Nottingham,2022,03-11-2022,16:00:00,6.946623355,17.82922863,12.4601165,2022-11-03T16:00:00Z
Nottingham,2022,03-11-2022,17:00:00,0.06930214,-12.56648312,0.115400098,2022-11-03T17:00:00Z
Nottingham,2022,03-11-2022,18:00:00,6.813201808,21.98910599,22.41512482,2022-11-03T18:00:00Z
Nottingham,2022,03-11-2022,19:00:00,2.133889647,11.39876894,6.126150561,2022-11-03T19:00:00Z
Nottingham,2022,03-11-2022,20:00:00,2.27376192,15.52514057,5.824796279,2022-11-03T20:00:00Z
Nottingham,2022,03-11-2022,21:00:00,0,13.84832861,10.18844147,2022-11-03T21:00:00Z
Nottingham,2022,03-11-2022,22:00:00,12.28573776,-2.433170691,14.90176196,2022-11-03T22:00:00Z
Nottingham,2022,03-11-2022,23:00:00,15.74938321,6.985614037,18.54992211,2022-11-03T23:00:00Z
Nottingham,2022,04-11-2022,00:00:00,1.423187432,2.074241374,-3.300778181,2022-11-04T00:00:00Z
Nottingham,2022,04-11-2022,01:00:00,0,31.51260127,12.40920668,2022-11-04T01:00:00Z
Nottingham,2022,04-11-2022,02:00:00,8.316604789,7.921261075,11.98917031,2022-11-04T02:00:00Z
Nottingham,2022,04-11-2022,03:00:00,5.722018873,-9.031425393,3.688191169,2022-11-04T03:00:00Z
Nottingham,2022,04-11-2022,04:00:00,6.095088656,7.610639093,8.092007463,2022-11-04T04:00:00Z
Nottingham,2022,04-11-2022,05:00:00,12.5692426,48.31200521,33.64654913,2022-11-04T05:00:00Z
Nottingham,2022,04-11-2022,06:00:00,11.66107772,17.54148736,16.84171445,2022-11-04T06:00:00Z
Nottingham,2022,04-11-2022,07:00:00,5.606278394,11.52250198,8.567248939,2022-11-04T07:00:00Z
Nottingham,2022,04-11-2022,08:00:00,8.145424973,21.17957084,20.05910809,2022-11-04T08:00:00Z
Nottingham,2022,04-11-2022,09:00:00,0.975876144,6.971515444,-2.725869007,2022-11-04T09:00:00Z
Nottingham,2022,04-11-2022,10:00:00,6.039343,-1.071446199,11.15152134,2022-11-04T10:00:00Z
Nottingham,2022,04-11-2022,11:00:00,13.9655538,20.37548241,21.63453244,2022-11-04T11:00:00Z
Nottingham,2022,04-11-2022,12:00:00,2.282476757,35.26655348,19.47224742,2022-11-04T12:00:00Z
Nottingham,2022,04-11-2022,13:00:00,0,-5.953090323,0.827270839,2022-11-04T13:00:00Z
Nottingham,2022,04-11-2022,14:00:00,5.342116502,-1.203444073,2.208279605,2022-11-04T14:00:00Z
Nottingham,2022,04-11-2022,15:00:00,5.035138401,19.87851476,15.31566922,2022-11-04T15:00:00Z
Nottingham,2022,04-11-2022,16:00:00,4.178941952,11.27171033,11.75899133,2022-11-04T16:00:00Z
Nottingham,2022,04-11-2022,17:00:00,21.11291304,35.46572356,23.21678021,2022-11-04T17:00:00Z
Nottingham,2022,04-11-2022,18:00:00,0,15.2795204,14.44906082,2022-11-04T18:00:00Z
Nottingham,2022,04-11-2022,19:00:00,11.20656515,20.39895401,24.34544016,2022-11-04T19:00:00Z
Nottingham,2022,04-11-2022,20:00:00,14.54533519,34.36700029,23.86933085,2022-11-04T20:00:00Z
Nottingham,2022,04-11-2022,21:00:00,19.67529309,51.72147293,31.65245632,2022-11-04T21:00:00Z
Nottingham,2022,04-11-2022,22:00:00,8.092625161,18.98565818,15.64305881,2022-11-04T22:00:00Z
Nottingham,2022,04-11-2022,23:00:00,7.169917045,16.34259694,4.268040468,2022-11-04T23:00:00Z
Nottingham,2022,05-11-2022,00:00:00,29.70174629,54.30162755,53.16715008,2022-11-05T00:00:00Z
Nottingham,2022,05-11-2022,01:00:00,49.06835766,94.79179747,78.75641926,2022-11-05T01:00:00Z
Nottingham,2022,05-11-2022,02:00:00,64.42378386,155.534176,118.134603,2022-11-05T02:00:00Z
Nottingham,2022,05-11-2022,03:00:00,61.8670808,156.2309417,117.6157416,2022-11-05T03:00:00Z
Nottingham,2022,05-11-2022,04:00:00,44.7680499,113.4997119,96.50530402,2022-11-05T04:00:00Z
Nottingham,2022,05-11-2022,05:00:00,43.6062917,138.3954538,101.5882042,2022-11-05T05:00:00Z
Nottingham,2022,05-11-2022,06:00:00,37.88618083,96.53083692,77.02109394,2022-11-05T06:00:00Z
Nottingham,2022,05-11-2022,07:00:00,52.18686798,123.6616652,100.5177531,2022-11-05T07:00:00Z
Nottingham,2022,05-11-2022,08:00:00,35.08798288,101.725518,78.16986587,2022-11-05T08:00:00Z
Nottingham,2022,05-11-2022,09:00:00,69.2016,122.1540029,90.29646361,2022-11-05T09:00:00Z
Nottingham,2022,05-11-2022,10:00:00,60.85226436,129.8944767,93.92377016,2022-11-05T10:00:00Z
Nottingham,2022,05-11-2022,11:00:00,44.50160965,113.842885,84.7016446,2022-11-05T11:00:00Z
Nottingham,2022,05-11-2022,12:00:00,40.98601128,116.8432695,81.71241844,2022-11-05T12:00:00Z
Nottingham,2022,05-11-2022,13:00:00,103.1961058,195.9657744,150.48204,2022-11-05T13:00:00Z
Nottingham,2022,05-11-2022,14:00:00,36.99145166,85.07355295,67.87313415,2022-11-05T14:00:00Z
Nottingham,2022,05-11-2022,15:00:00,49.18940555,115.1933282,92.65859484,2022-11-05T15:00:00Z
Nottingham,2022,05-11-2022,16:00:00,17.45887262,24.8342707,36.2905397,2022-11-05T16:00:00Z
Nottingham,2022,05-11-2022,17:00:00,54.19305826,141.2169047,103.3548682,2022-11-05T17:00:00Z
Nottingham,2022,05-11-2022,18:00:00,47.38796908,135.5614021,100.5931417,2022-11-05T18:00:00Z
Nottingham,2022,05-11-2022,19:00:00,48.75920477,129.0899699,87.70804114,2022-11-05T19:00:00Z
Nottingham,2022,05-11-2022,20:00:00,66.10749929,125.2804877,103.4642938,2022-11-05T20:00:00Z
Nottingham,2022,05-11-2022,21:00:00,61.74028894,131.9093244,119.682007,2022-11-05T21:00:00Z
Nottingham,2022,05-11-2022,22:00:00,31.91546214,63.03321214,49.22698302,2022-11-05T22:00:00Z
Nottingham,2022,05-11-2022,23:00:00,23.82941601,84.8813427,66.81123437,2022-11-05T23:00:00Z
Nottingham,2022,06-11-2022,00:00:00,9.369349895,22.45153805,15.98793131,2022-11-06T00:00:00Z
Nottingham,2022,06-11-2022,01:00:00,3.64301395,1.198433907,6.010776427,2022-11-06T01:00:00Z
Nottingham,2022,06-11-2022,02:00:00,5.45380389,7.53544916,16.96443837,2022-11-06T02:00:00Z
Nottingham,2022,06-11-2022,03:00:00,16.35203471,5.88456672,16.48970308,2022-11-06T03:00:00Z
Nottingham,2022,06-11-2022,04:00:00,2.793267213,7.962945899,7.791800232,2022-11-06T04:00:00Z
Nottingham,2022,06-11-2022,05:00:00,21.37400628,15.21509413,16.60953521,2022-11-06T05:00:00Z
Nottingham,2022,06-11-2022,06:00:00,13.3847562,23.14539369,21.90468186,2022-11-06T06:00:00Z
Nottingham,2022,06-11-2022,07:00:00,0,23.60431676,-0.730292952,2022-11-06T07:00:00Z
Nottingham,2022,06-11-2022,08:00:00,5.251358909,17.4323416,11.00827436,2022-11-06T08:00:00Z
Nottingham,2022,06-11-2022,09:00:00,2.875357755,24.49856798,12.96500682,2022-11-06T09:00:00Z
Nottingham,2022,06-11-2022,10:00:00,10.53662699,-0.983872889,11.74770717,2022-11-06T10:00:00Z
Nottingham,2022,06-11-2022,11:00:00,8.18316554,34.72994391,22.16072498,2022-11-06T11:00:00Z
Nottingham,2022,06-11-2022,12:00:00,11.86382393,16.02267316,16.05831119,2022-11-06T12:00:00Z
Nottingham,2022,06-11-2022,13:00:00,3.554369218,15.87678016,6.194021648,2022-11-06T13:00:00Z
Nottingham,2022,06-11-2022,14:00:00,15.96301243,24.33827742,25.43005122,2022-11-06T14:00:00Z
Nottingham,2022,06-11-2022,15:00:00,2.290851547,-4.111198706,1.549862521,2022-11-06T15:00:00Z
Nottingham,2022,06-11-2022,16:00:00,17.35940623,49.04056763,21.13575873,2022-11-06T16:00:00Z
Nottingham,2022,06-11-2022,17:00:00,1.564002211,24.15662324,7.519051583,2022-11-06T17:00:00Z
Nottingham,2022,06-11-2022,18:00:00,0,1.972670705,2.10222008,2022-11-06T18:00:00Z
Nottingham,2022,06-11-2022,19:00:00,0.463969061,7.984145668,6.153452381,2022-11-06T19:00:00Z
Nottingham,2022,06-11-2022,20:00:00,8.27408887,37.29719246,19.36664803,2022-11-06T20:00:00Z
Nottingham,2022,06-11-2022,21:00:00,0,19.84749421,4.245212295,2022-11-06T21:00:00Z
Nottingham,2022,06-11-2022,22:00:00,5.373278215,19.50984799,10.03199687,2022-11-06T22:00:00Z
Nottingham,2022,06-11-2022,23:00:00,3.253568634,9.419543099,3.223866528,2022-11-06T23:00:00Z
Nottingham,2022,07-11-2022,00:00:00,14.42830837,54.86762423,29.1628773,2022-11-07T00:00:00Z
Nottingham,2022,07-11-2022,01:00:00,0,23.94612176,13.24403051,2022-11-07T01:00:00Z
Nottingham,2022,07-11-2022,02:00:00,0,12.26301465,7.444530011,2022-11-07T02:00:00Z
Nottingham,2022,07-11-2022,03:00:00,11.82050561,31.5489856,25.61214555,2022-11-07T03:00:00Z
Nottingham,2022,07-11-2022,04:00:00,1.858414001,14.59827103,9.047185449,2022-11-07T04:00:00Z
Nottingham,2022,07-11-2022,05:00:00,6.606725678,17.25285704,9.590008669,2022-11-07T05:00:00Z
Nottingham,2022,07-11-2022,06:00:00,7.808623049,23.68692164,23.73006286,2022-11-07T06:00:00Z
Nottingham,2022,07-11-2022,07:00:00,4.712663313,1.795736193,-0.740972946,2022-11-07T07:00:00Z
Nottingham,2022,07-11-2022,08:00:00,11.56309708,28.94397578,12.04936313,2022-11-07T08:00:00Z
Nottingham,2022,07-11-2022,09:00:00,3.534007171,1.716748399,6.199557811,2022-11-07T09:00:00Z
Nottingham,2022,07-11-2022,10:00:00,4.56181579,16.4474515,10.66990655,2022-11-07T10:00:00Z
Nottingham,2022,07-11-2022,11:00:00,10.54073408,21.58372019,17.01279181,2022-11-07T11:00:00Z
Nottingham,2022,07-11-2022,12:00:00,12.86821967,35.35222328,21.79527752,2022-11-07T12:00:00Z
Nottingham,2022,07-11-2022,13:00:00,5.059181029,2.697263612,13.92572164,2022-11-07T13:00:00Z
Nottingham,2022,07-11-2022,14:00:00,11.38264219,21.02673255,17.62323876,2022-11-07T14:00:00Z
Nottingham,2022,07-11-2022,15:00:00,13.00212721,13.26083727,23.12398072,2022-11-07T15:00:00Z
Nottingham,2022,07-11-2022,16:00:00,3.530123924,6.342192372,9.360575609,2022-11-07T16:00:00Z
Nottingham,2022,07-11-2022,17:00:00,4.708454645,28.67467609,10.06052667,2022-11-07T17:00:00Z
Nottingham,2022,07-11-2022,18:00:00,0,2.522699326,0.370035759,2022-11-07T18:00:00Z
Nottingham,2022,07-11-2022,19:00:00,18.58569017,36.56433872,15.47020958,2022-11-07T19:00:00Z
Nottingham,2022,07-11-2022,20:00:00,21.85513846,10.99685055,20.60303347,2022-11-07T20:00:00Z
Nottingham,2022,07-11-2022,21:00:00,13.68480005,19.65128494,12.58513794,2022-11-07T21:00:00Z
Nottingham,2022,07-11-2022,22:00:00,11.50470675,27.36687666,19.15226851,2022-11-07T22:00:00Z
Nottingham,2022,07-11-2022,23:00:00,0,-6.313565709,6.122538601,2022-11-07T23:00:00Z
Nottingham,2022,08-11-2022,00:00:00,0,11.2884763,13.78424071,2022-11-08T00:00:00Z
Nottingham,2022,08-11-2022,01:00:00,1.148073146,21.9916609,15.53629247,2022-11-08T01:00:00Z
Nottingham,2022,08-11-2022,02:00:00,6.011240709,19.18335819,11.88595596,2022-11-08T02:00:00Z
Nottingham,2022,08-11-2022,03:00:00,2.997311681,21.70331557,10.46660207,2022-11-08T03:00:00Z
Nottingham,2022,08-11-2022,04:00:00,12.37148501,25.88584274,9.39701448,2022-11-08T04:00:00Z
Nottingham,2022,08-11-2022,05:00:00,27.57161949,46.97566437,38.32219548,2022-11-08T05:00:00Z
Nottingham,2022,08-11-2022,06:00:00,21.82889345,24.25875454,25.83187495,2022-11-08T06:00:00Z
Nottingham,2022,08-11-2022,07:00:00,2.489543197,-2.966244078,6.033033071,2022-11-08T07:00:00Z
Nottingham,2022,08-11-2022,08:00:00,7.640772894,47.00577127,17.41635537,2022-11-08T08:00:00Z
Nottingham,2022,08-11-2022,09:00:00,16.15649913,41.34604437,25.52302283,2022-11-08T09:00:00Z
Nottingham,2022,08-11-2022,10:00:00,17.39889053,26.8360979,20.85025062,2022-11-08T10:00:00Z
Nottingham,2022,08-11-2022,11:00:00,12.68841614,39.46626287,22.73184443,2022-11-08T11:00:00Z
Nottingham,2022,08-11-2022,12:00:00,10.06746078,16.33572953,16.40860805,2022-11-08T12:00:00Z
Nottingham,2022,08-11-2022,13:00:00,9.175889727,15.48922321,21.23263189,2022-11-08T13:00:00Z
Nottingham,2022,08-11-2022,14:00:00,0.964976622,29.96260052,10.71330872,2022-11-08T14:00:00Z
Nottingham,2022,08-11-2022,15:00:00,17.00826229,25.65813584,24.0054214,2022-11-08T15:00:00Z
Nottingham,2022,08-11-2022,16:00:00,1.445497087,-1.10081686,-5.587062783,2022-11-08T16:00:00Z
Nottingham,2022,08-11-2022,17:00:00,17.36318199,17.42162609,11.93979793,2022-11-08T17:00:00Z
Nottingham,2022,08-11-2022,18:00:00,13.43265312,27.66905746,14.66395652,2022-11-08T18:00:00Z
Nottingham,2022,08-11-2022,19:00:00,11.70660953,36.00424282,25.38176319,2022-11-08T19:00:00Z
Nottingham,2022,08-11-2022,20:00:00,18.80634337,31.78804305,24.94010303,2022-11-08T20:00:00Z
Nottingham,2022,08-11-2022,21:00:00,10.97455677,23.38564105,21.15627604,2022-11-08T21:00:00Z
Nottingham,2022,08-11-2022,22:00:00,13.82521773,5.088606501,17.82564075,2022-11-08T22:00:00Z
Nottingham,2022,08-11-2022,23:00:00,2.253190911,23.56591887,9.944112104,2022-11-08T23:00:00Z
Nottingham,2022,09-11-2022,00:00:00,0,5.918171101,1.355559505,2022-11-09T00:00:00Z
Nottingham,2022,09-11-2022,01:00:00,13.28551549,9.2223872,5.546660215,2022-11-09T01:00:00Z
Nottingham,2022,09-11-2022,02:00:00,12.94271843,24.16234833,18.66910539,2022-11-09T02:00:00Z
Nottingham,2022,09-11-2022,03:00:00,0,13.9758139,3.076731819,2022-11-09T03:00:00Z
Nottingham,2022,09-11-2022,04:00:00,22.50880411,47.89867455,27.53098965,2022-11-09T04:00:00Z
Nottingham,2022,09-11-2022,05:00:00,4.792277951,-3.237102413,7.599843658,2022-11-09T05:00:00Z
Nottingham,2022,09-11-2022,06:00:00,11.85586662,11.81879644,22.71451627,2022-11-09T06:00:00Z
Nottingham,2022,09-11-2022,07:00:00,10.79496772,16.27508827,13.9019607,2022-11-09T07:00:00Z
Nottingham,2022,09-11-2022,08:00:00,18.72492223,38.29886486,30.87621981,2022-11-09T08:00:00Z
Nottingham,2022,09-11-2022,09:00:00,14.36522524,1.976942735,13.46585241,2022-11-09T09:00:00Z
Nottingham,2022,09-11-2022,10:00:00,4.489848473,-11.50341217,6.664036583,2022-11-09T10:00:00Z
Nottingham,2022,09-11-2022,11:00:00,5.912239071,38.29642727,14.98074375,2022-11-09T11:00:00Z
Nottingham,2022,09-11-2022,12:00:00,11.87546441,16.45649927,15.79883543,2022-11-09T12:00:00Z
Nottingham,2022,09-11-2022,13:00:00,4.573249041,13.94273424,15.56825529,2022-11-09T13:00:00Z
Nottingham,2022,09-11-2022,14:00:00,7.289773031,22.44525564,24.97493042,2022-11-09T14:00:00Z
Nottingham,2022,09-11-2022,15:00:00,0,-11.7776887,-9.725629586,2022-11-09T15:00:00Z
Nottingham,2022,09-11-2022,16:00:00,4.579009214,26.44329004,11.35592604,2022-11-09T16:00:00Z
Nottingham,2022,09-11-2022,17:00:00,2.119581857,10.77653133,25.01370253,2022-11-09T17:00:00Z
Nottingham,2022,09-11-2022,18:00:00,3.094691284,12.36922226,8.578687029,2022-11-09T18:00:00Z
Nottingham,2022,09-11-2022,19:00:00,1.218531981,19.23753265,17.70830741,2022-11-09T19:00:00Z
Nottingham,2022,09-11-2022,20:00:00,0,26.18322803,7.207118034,2022-11-09T20:00:00Z
Nottingham,2022,09-11-2022,21:00:00,19.94830057,23.92074436,20.43120323,2022-11-09T21:00:00Z
Nottingham,2022,09-11-2022,22:00:00,7.586265645,8.087120918,7.936197479,2022-11-09T22:00:00Z
Nottingham,2022,09-11-2022,23:00:00,9.339305192,26.59192628,23.32954693,2022-11-09T23:00:00Z
Nottingham,2022,10-11-2022,00:00:00,23.78056014,13.08049438,22.25528694,2022-11-10T00:00:00Z
Nottingham,2022,10-11-2022,01:00:00,5.918007118,-5.431284932,13.23387786,2022-11-10T01:00:00Z
Nottingham,2022,10-11-2022,02:00:00,11.16608336,13.61091398,19.42522958,2022-11-10T02:00:00Z
Nottingham,2022,10-11-2022,03:00:00,14.51150716,9.964848106,15.6727333,2022-11-10T03:00:00Z
Nottingham,2022,10-11-2022,04:00:00,2.672719665,2.779569861,15.35551216,2022-11-10T04:00:00Z
Nottingham,2022,10-11-2022,05:00:00,6.150951039,36.83581634,26.24984297,2022-11-10T05:00:00Z
Nottingham,2022,10-11-2022,06:00:00,15.56217552,23.74702439,26.74696574,2022-11-10T06:00:00Z
Nottingham,2022,10-11-2022,07:00:00,7.76795128,3.452258797,9.639565307,2022-11-10T07:00:00Z
Nottingham,2022,10-11-2022,08:00:00,0,-8.073735188,-5.626552558,2022-11-10T08:00:00Z
Nottingham,2022,10-11-2022,09:00:00,7.611273249,11.86344954,11.85660808,2022-11-10T09:00:00Z
Nottingham,2022,10-11-2022,10:00:00,12.30835793,25.28219756,22.81638543,2022-11-10T10:00:00Z
Nottingham,2022,10-11-2022,11:00:00,21.2305668,39.98864456,25.90707711,2022-11-10T11:00:00Z
Nottingham,2022,10-11-2022,12:00:00,5.042255582,-0.361858729,18.13860853,2022-11-10T12:00:00Z
Nottingham,2022,10-11-2022,13:00:00,17.46759401,45.30827721,29.45976297,2022-11-10T13:00:00Z
Nottingham,2022,10-11-2022,14:00:00,7.726116592,11.42961208,10.86893327,2022-11-10T14:00:00Z
Nottingham,2022,10-11-2022,15:00:00,3.435270043,4.212291766,15.22693065,2022-11-10T15:00:00Z
Nottingham,2022,10-11-2022,16:00:00,2.104086104,33.77269041,15.12302239,2022-11-10T16:00:00Z
Nottingham,2022,10-11-2022,17:00:00,8.273157577,4.278461661,15.26451634,2022-11-10T17:00:00Z
Nottingham,2022,10-11-2022,18:00:00,10.42175991,4.494955661,21.58422658,2022-11-10T18:00:00Z
Nottingham,2022,10-11-2022,19:00:00,4.183225459,29.73018693,15.39022824,2022-11-10T19:00:00Z
Nottingham,2022,10-11-2022,20:00:00,0,23.03022066,10.89462223,2022-11-10T20:00:00Z
Nottingham,2022,10-11-2022,21:00:00,8.092850544,8.739536252,4.42518604,2022-11-10T21:00:00Z
Nottingham,2022,10-11-2022,22:00:00,6.464807521,11.87839098,20.52642505,2022-11-10T22:00:00Z
Nottingham,2022,10-11-2022,23:00:00,11.47169967,20.18412234,23.4914565,2022-11-10T23:00:00Z
Nottingham,2023,01-11-2023,00:00:00,11.06445899,43.38274709,19.78879786,2023-11-01T00:00:00Z
Nottingham,2023,01-11-2023,01:00:00,23.97502326,33.51823035,25.60718117,2023-11-01T01:00:00Z
Nottingham,2023,01-11-2023,02:00:00,19.04839342,42.51514584,22.42741655,2023-11-01T02:00:00Z
Nottingham,2023,01-11-2023,03:00:00,8.219178084,25.15281045,21.36020903,2023-11-01T03:00:00Z
Nottingham,2023,01-11-2023,04:00:00,6.295047187,13.21423526,23.28969805,2023-11-01T04:00:00Z
Nottingham,2023,01-11-2023,05:00:00,3.253369308,22.67184903,7.210127157,2023-11-01T05:00:00Z
Nottingham,2023,01-11-2023,06:00:00,0.696749594,-2.312381051,5.57012272,2023-11-01T06:00:00Z
Nottingham,2023,01-11-2023,07:00:00,23.52247218,19.5024799,22.24907359,2023-11-01T07:00:00Z
Nottingham,2023,01-11-2023,08:00:00,8.110246627,10.11185663,2.322426711,2023-11-01T08:00:00Z
Nottingham,2023,01-11-2023,09:00:00,11.34963163,24.9378801,18.24881241,2023-11-01T09:00:00Z
Nottingham,2023,01-11-2023,10:00:00,0.650911387,13.82591432,10.4360044,2023-11-01T10:00:00Z
Nottingham,2023,01-11-2023,11:00:00,17.3082492,12.35294984,14.90346206,2023-11-01T11:00:00Z
Nottingham,2023,01-11-2023,12:00:00,13.52455678,13.32975228,17.85655217,2023-11-01T12:00:00Z
Nottingham,2023,01-11-2023,13:00:00,2.359705316,-1.518341977,10.59693091,2023-11-01T13:00:00Z
Nottingham,2023,01-11-2023,14:00:00,10.82447486,22.35241786,15.4350095,2023-11-01T14:00:00Z
Nottingham,2023,01-11-2023,15:00:00,14.60162687,26.87676897,12.86413839,2023-11-01T15:00:00Z
Nottingham,2023,01-11-2023,16:00:00,2.196928539,18.46051913,9.845171943,2023-11-01T16:00:00Z
Nottingham,2023,01-11-2023,17:00:00,17.53343948,58.47242145,33.68820616,2023-11-01T17:00:00Z
Nottingham,2023,01-11-2023,18:00:00,14.58347793,7.699452635,10.68011452,2023-11-01T18:00:00Z
Nottingham,2023,01-11-2023,19:00:00,14.99600072,26.83205851,14.56610667,2023-11-01T19:00:00Z
Nottingham,2023,01-11-2023,20:00:00,6.682817789,30.84419319,12.2481246,2023-11-01T20:00:00Z
Nottingham,2023,01-11-2023,21:00:00,0,12.40351859,7.352676224,2023-11-01T21:00:00Z
Nottingham,2023,01-11-2023,22:00:00,4.35080042,22.02891837,8.025597602,2023-11-01T22:00:00Z
Nottingham,2023,01-11-2023,23:00:00,16.5011268,42.84013238,26.15263549,2023-11-01T23:00:00Z
Nottingham,2023,02-11-2023,00:00:00,21.48460524,52.42318298,29.61231365,2023-11-02T00:00:00Z
Nottingham,2023,02-11-2023,01:00:00,11.03787198,15.48854789,17.61653336,2023-11-02T01:00:00Z
Nottingham,2023,02-11-2023,02:00:00,13.0438671,22.87778534,17.75019133,2023-11-02T02:00:00Z
Nottingham,2023,02-11-2023,03:00:00,7.414010325,20.41456984,23.63628046,2023-11-02T03:00:00Z
Nottingham,2023,02-11-2023,04:00:00,10.90446153,21.83386628,23.32636005,2023-11-02T04:00:00Z
Nottingham,2023,02-11-2023,05:00:00,16.13551397,-2.236656958,10.53913019,2023-11-02T05:00:00Z
Nottingham,2023,02-11-2023,06:00:00,0,-2.875406927,-0.457930391,2023-11-02T06:00:00Z
Nottingham,2023,02-11-2023,07:00:00,0,18.40206375,-0.732875799,2023-11-02T07:00:00Z
Nottingham,2023,02-11-2023,08:00:00,0,15.75685415,9.870174542,2023-11-02T08:00:00Z
Nottingham,2023,02-11-2023,09:00:00,4.107165865,18.14927949,10.88804498,2023-11-02T09:00:00Z
Nottingham,2023,02-11-2023,10:00:00,1.390868115,45.80879167,18.5366275,2023-11-02T10:00:00Z
Nottingham,2023,02-11-2023,11:00:00,17.22806355,25.89687852,21.33819358,2023-11-02T11:00:00Z
Nottingham,2023,02-11-2023,12:00:00,4.090775562,6.52592234,4.997507309,2023-11-02T12:00:00Z
Nottingham,2023,02-11-2023,13:00:00,0.001722198,5.785381511,6.120874146,2023-11-02T13:00:00Z
Nottingham,2023,02-11-2023,14:00:00,2.139706162,7.997763978,11.06572456,2023-11-02T14:00:00Z
Nottingham,2023,02-11-2023,15:00:00,8.136202369,11.68857135,15.02358606,2023-11-02T15:00:00Z
Nottingham,2023,02-11-2023,16:00:00,0,30.35477737,12.48523317,2023-11-02T16:00:00Z
Nottingham,2023,02-11-2023,17:00:00,8.793265886,10.29429148,17.96869398,2023-11-02T17:00:00Z
Nottingham,2023,02-11-2023,18:00:00,2.898925164,16.93504281,14.60711386,2023-11-02T18:00:00Z
Nottingham,2023,02-11-2023,19:00:00,2.281027598,19.29998814,7.019231031,2023-11-02T19:00:00Z
Nottingham,2023,02-11-2023,20:00:00,1.760170553,20.81488692,8.781568966,2023-11-02T20:00:00Z
Nottingham,2023,02-11-2023,21:00:00,4.984199693,3.849223817,9.044662021,2023-11-02T21:00:00Z
Nottingham,2023,02-11-2023,22:00:00,9.894259952,35.86446189,17.83048668,2023-11-02T22:00:00Z
Nottingham,2023,02-11-2023,23:00:00,3.189963405,13.58097873,10.5616145,2023-11-02T23:00:00Z
Nottingham,2023,03-11-2023,00:00:00,17.17892121,37.10611361,27.68720838,2023-11-03T00:00:00Z
Nottingham,2023,03-11-2023,01:00:00,20.00995392,39.55423028,26.38213727,2023-11-03T01:00:00Z
Nottingham,2023,03-11-2023,02:00:00,0.347116871,4.49168465,-1.364408224,2023-11-03T02:00:00Z
Nottingham,2023,03-11-2023,03:00:00,10.88834853,14.71032845,14.84952896,2023-11-03T03:00:00Z
Nottingham,2023,03-11-2023,04:00:00,11.38174523,33.75762299,19.57270619,2023-11-03T04:00:00Z
Nottingham,2023,03-11-2023,05:00:00,16.59489318,22.17758632,13.26974177,2023-11-03T05:00:00Z
Nottingham,2023,03-11-2023,06:00:00,9.051808025,26.23097721,13.69431402,2023-11-03T06:00:00Z
Nottingham,2023,03-11-2023,07:00:00,19.62588929,48.24610561,21.02841681,2023-11-03T07:00:00Z
Nottingham,2023,03-11-2023,08:00:00,22.39560245,41.34823296,20.08094187,2023-11-03T08:00:00Z
Nottingham,2023,03-11-2023,09:00:00,5.475231517,37.85833006,26.84225303,2023-11-03T09:00:00Z
Nottingham,2023,03-11-2023,10:00:00,7.09825612,4.304035436,3.306050577,2023-11-03T10:00:00Z
Nottingham,2023,03-11-2023,11:00:00,14.82870992,27.72741856,25.07686195,2023-11-03T11:00:00Z
Nottingham,2023,03-11-2023,12:00:00,0,-8.932377081,1.378151755,2023-11-03T12:00:00Z
Nottingham,2023,03-11-2023,13:00:00,5.02880122,41.14438297,22.23376371,2023-11-03T13:00:00Z
Nottingham,2023,03-11-2023,14:00:00,6.652785874,38.00337607,21.27692045,2023-11-03T14:00:00Z
Nottingham,2023,03-11-2023,15:00:00,8.338016761,24.52679527,36.31472308,2023-11-03T15:00:00Z
Nottingham,2023,03-11-2023,16:00:00,6.3875575509999996,26.5443205,16.04776158,2023-11-03T16:00:00Z
Nottingham,2023,03-11-2023,17:00:00,4.665486972,17.65522535,11.01684846,2023-11-03T17:00:00Z
Nottingham,2023,03-11-2023,18:00:00,4.220631654,23.76558124,23.1491095,2023-11-03T18:00:00Z
Nottingham,2023,03-11-2023,19:00:00,6.41947853,26.77165623,19.807901180000002,2023-11-03T19:00:00Z
Nottingham,2023,03-11-2023,20:00:00,8.998570045,-0.880805397,21.27651105,2023-11-03T20:00:00Z
Nottingham,2023,03-11-2023,21:00:00,3.463845121,22.25159503,9.640942806,2023-11-03T21:00:00Z
Nottingham,2023,03-11-2023,22:00:00,12.27732486,47.87346611,26.08474216,2023-11-03T22:00:00Z
Nottingham,2023,03-11-2023,23:00:00,1.996037597,-3.594134671,-1.64259399,2023-11-03T23:00:00Z
Nottingham,2023,04-11-2023,00:00:00,6.290415907,21.45793505,10.20269205,2023-11-04T00:00:00Z
Nottingham,2023,04-11-2023,01:00:00,0,-13.31924474,-11.35585039,2023-11-04T01:00:00Z
Nottingham,2023,04-11-2023,02:00:00,9.892924203,-3.378290819,8.656236498,2023-11-04T02:00:00Z
Nottingham,2023,04-11-2023,03:00:00,5.37376097,17.20700842,12.969546,2023-11-04T03:00:00Z
Nottingham,2023,04-11-2023,04:00:00,2.704810218,-3.948180634,10.1099468,2023-11-04T04:00:00Z
Nottingham,2023,04-11-2023,05:00:00,1.739052881,0.830363273,4.039588198,2023-11-04T05:00:00Z
Nottingham,2023,04-11-2023,06:00:00,19.3866602,18.6768178,21.2763582,2023-11-04T06:00:00Z
Nottingham,2023,04-11-2023,07:00:00,10.12344611,21.45723409,19.21095359,2023-11-04T07:00:00Z
Nottingham,2023,04-11-2023,08:00:00,7.728156171,9.00110638,8.903974393,2023-11-04T08:00:00Z
Nottingham,2023,04-11-2023,09:00:00,13.09377446,21.07715857,15.54676964,2023-11-04T09:00:00Z
Nottingham,2023,04-11-2023,10:00:00,11.2244321,8.114648238,13.75511561,2023-11-04T10:00:00Z
Nottingham,2023,04-11-2023,11:00:00,7.474960813,41.5573674,24.56801094,2023-11-04T11:00:00Z
Nottingham,2023,04-11-2023,12:00:00,8.967545276,16.67286383,18.81447209,2023-11-04T12:00:00Z
Nottingham,2023,04-11-2023,13:00:00,7.484157189,9.592045248,8.920145793,2023-11-04T13:00:00Z
Nottingham,2023,04-11-2023,14:00:00,15.5926704,38.86889995,28.64596085,2023-11-04T14:00:00Z
Nottingham,2023,04-11-2023,15:00:00,0,1.612234398,1.093036538,2023-11-04T15:00:00Z
Nottingham,2023,04-11-2023,16:00:00,0,25.24837561,18.95982119,2023-11-04T16:00:00Z
Nottingham,2023,04-11-2023,17:00:00,13.66711565,19.64953127,11.95146899,2023-11-04T17:00:00Z
Nottingham,2023,04-11-2023,18:00:00,0,-3.674452359,4.782515589,2023-11-04T18:00:00Z
Nottingham,2023,04-11-2023,19:00:00,12.28614148,32.48554683,15.95705373,2023-11-04T19:00:00Z
Nottingham,2023,04-11-2023,20:00:00,17.60039254,19.9324446,20.79400588,2023-11-04T20:00:00Z
Nottingham,2023,04-11-2023,21:00:00,17.041975,25.39375659,24.95999985,2023-11-04T21:00:00Z
Nottingham,2023,04-11-2023,22:00:00,10.61323011,5.441340218,10.23611003,2023-11-04T22:00:00Z
Nottingham,2023,04-11-2023,23:00:00,10.44857038,37.22028495,23.16223424,2023-11-04T23:00:00Z
Nottingham,2023,05-11-2023,00:00:00,57.38268341,99.54455078,74.3071236,2023-11-05T00:00:00Z
Nottingham,2023,05-11-2023,01:00:00,23.79382017,56.05039971,43.37118861,2023-11-05T01:00:00Z
Nottingham,2023,05-11-2023,02:00:00,70.83820566,158.6660591,107.546583,2023-11-05T02:00:00Z
Nottingham,2023,05-11-2023,03:00:00,51.36796862,151.0345803,124.1730284,2023-11-05T03:00:00Z
Nottingham,2023,05-11-2023,04:00:00,47.84411545,122.5068585,96.30214166,2023-11-05T04:00:00Z
Nottingham,2023,05-11-2023,05:00:00,29.34506895,89.90034436,69.84842154,2023-11-05T05:00:00Z
Nottingham,2023,05-11-2023,06:00:00,90.64704762,173.4653557,143.2743601,2023-11-05T06:00:00Z
Nottingham,2023,05-11-2023,07:00:00,36.62784949,91.02634061,75.28046445,2023-11-05T07:00:00Z
Nottingham,2023,05-11-2023,08:00:00,50.37418441,101.5645212,83.29840513,2023-11-05T08:00:00Z
Nottingham,2023,05-11-2023,09:00:00,27.98485856,78.4073705,66.42637487,2023-11-05T09:00:00Z
Nottingham,2023,05-11-2023,10:00:00,44.29994803,108.8219747,80.88854862,2023-11-05T10:00:00Z
Nottingham,2023,05-11-2023,11:00:00,30.35146356,85.77716436,61.31713893,2023-11-05T11:00:00Z
Nottingham,2023,05-11-2023,12:00:00,16.94226151,50.47929957,52.23742134,2023-11-05T12:00:00Z
Nottingham,2023,05-11-2023,13:00:00,48.00899029,150.8598353,107.9597541,2023-11-05T13:00:00Z
Nottingham,2023,05-11-2023,14:00:00,59.77936936,107.180249,82.72510691,2023-11-05T14:00:00Z
Nottingham,2023,05-11-2023,15:00:00,40.84599911,125.6906846,90.54982463,2023-11-05T15:00:00Z
Nottingham,2023,05-11-2023,16:00:00,52.74501386,146.3627883,100.2378071,2023-11-05T16:00:00Z
Nottingham,2023,05-11-2023,17:00:00,26.00785145,86.32916316,67.95729366,2023-11-05T17:00:00Z
Nottingham,2023,05-11-2023,18:00:00,36.23369144,116.1569048,73.62142221,2023-11-05T18:00:00Z
Nottingham,2023,05-11-2023,19:00:00,54.75797496,114.3496874,100.8267687,2023-11-05T19:00:00Z
Nottingham,2023,05-11-2023,20:00:00,63.5166023,114.8143345,99.4597071,2023-11-05T20:00:00Z
Nottingham,2023,05-11-2023,21:00:00,108.2678163,209.8302441,164.608363,2023-11-05T21:00:00Z
Nottingham,2023,05-11-2023,22:00:00,46.1900696,141.2380696,119.6780329,2023-11-05T22:00:00Z
Nottingham,2023,05-11-2023,23:00:00,68.6814384,145.4881743,114.4888033,2023-11-05T23:00:00Z
Nottingham,2023,06-11-2023,00:00:00,19.17765868,13.07619837,17.62473827,2023-11-06T00:00:00Z
Nottingham,2023,06-11-2023,01:00:00,6.817117512,11.83669154,13.73176759,2023-11-06T01:00:00Z
Nottingham,2023,06-11-2023,02:00:00,11.7167254,19.86343835,8.989473372,2023-11-06T02:00:00Z
Nottingham,2023,06-11-2023,03:00:00,12.96347225,22.57027686,23.22341052,2023-11-06T03:00:00Z
Nottingham,2023,06-11-2023,04:00:00,0.253248181,7.838897342,9.992084676,2023-11-06T04:00:00Z
Nottingham,2023,06-11-2023,05:00:00,1.456411203,6.138215418,2.626123695,2023-11-06T05:00:00Z
Nottingham,2023,06-11-2023,06:00:00,9.112044563,6.83499495,3.810565903,2023-11-06T06:00:00Z
Nottingham,2023,06-11-2023,07:00:00,13.64344643,42.69193199,28.06028495,2023-11-06T07:00:00Z
Nottingham,2023,06-11-2023,08:00:00,7.418157185,14.02504099,19.32176175,2023-11-06T08:00:00Z
Nottingham,2023,06-11-2023,09:00:00,7.851632247,19.03354372,16.82027108,2023-11-06T09:00:00Z
Nottingham,2023,06-11-2023,10:00:00,10.28682295,17.58193275,15.70045069,2023-11-06T10:00:00Z
Nottingham,2023,06-11-2023,11:00:00,10.20939578,35.01777493,17.79118556,2023-11-06T11:00:00Z
Nottingham,2023,06-11-2023,12:00:00,3.304960897,13.20419402,10.50706736,2023-11-06T12:00:00Z
Nottingham,2023,06-11-2023,13:00:00,3.269303153,18.96198174,1.614610794,2023-11-06T13:00:00Z
Nottingham,2023,06-11-2023,14:00:00,13.85695953,20.01146368,19.81580309,2023-11-06T14:00:00Z
Nottingham,2023,06-11-2023,15:00:00,7.107100854,12.61100569,13.3536278,2023-11-06T15:00:00Z
Nottingham,2023,06-11-2023,16:00:00,13.60812873,45.17024347,20.93664338,2023-11-06T16:00:00Z
Nottingham,2023,06-11-2023,17:00:00,5.635736244,26.3549648,24.26244701,2023-11-06T17:00:00Z
Nottingham,2023,06-11-2023,18:00:00,13.92544625,39.91653691,21.03414966,2023-11-06T18:00:00Z
Nottingham,2023,06-11-2023,19:00:00,14.78731737,43.85998669,20.22017883,2023-11-06T19:00:00Z
Nottingham,2023,06-11-2023,20:00:00,12.19937014,5.896328784,19.59225047,2023-11-06T20:00:00Z
Nottingham,2023,06-11-2023,21:00:00,4.405094334,-9.971785165,6.900315385,2023-11-06T21:00:00Z
Nottingham,2023,06-11-2023,22:00:00,14.61245378,16.21316961,14.90528006,2023-11-06T22:00:00Z
Nottingham,2023,06-11-2023,23:00:00,9.363034734,-11.51084522,8.046369979,2023-11-06T23:00:00Z
Nottingham,2023,07-11-2023,00:00:00,3.555236768,16.3102179,9.655750501,2023-11-07T00:00:00Z
Nottingham,2023,07-11-2023,01:00:00,2.142750463,14.21507542,11.6600738,2023-11-07T01:00:00Z
Nottingham,2023,07-11-2023,02:00:00,11.06384438,19.08270233,11.42639004,2023-11-07T02:00:00Z
Nottingham,2023,07-11-2023,03:00:00,13.51116242,31.27394087,21.449615,2023-11-07T03:00:00Z
Nottingham,2023,07-11-2023,04:00:00,0,11.32502578,13.23644256,2023-11-07T04:00:00Z
Nottingham,2023,07-11-2023,05:00:00,0,4.922383523,12.25587697,2023-11-07T05:00:00Z
Nottingham,2023,07-11-2023,06:00:00,20.77185357,35.69035351,26.79646778,2023-11-07T06:00:00Z
Nottingham,2023,07-11-2023,07:00:00,8.882579461,18.78634571,8.364975393,2023-11-07T07:00:00Z
Nottingham,2023,07-11-2023,08:00:00,0.592561872,10.96257971,20.9636539,2023-11-07T08:00:00Z
Nottingham,2023,07-11-2023,09:00:00,11.23504669,3.673775429,5.111060094,2023-11-07T09:00:00Z
Nottingham,2023,07-11-2023,10:00:00,1.727875783,14.08802483,9.870795581,2023-11-07T10:00:00Z
Nottingham,2023,07-11-2023,11:00:00,0,11.98655161,4.84925282,2023-11-07T11:00:00Z
Nottingham,2023,07-11-2023,12:00:00,8.299116671,14.36453239,6.996263151,2023-11-07T12:00:00Z
Nottingham,2023,07-11-2023,13:00:00,12.73768874,33.4531853,19.80734093,2023-11-07T13:00:00Z
Nottingham,2023,07-11-2023,14:00:00,7.048513178,0.207585139,13.07733039,2023-11-07T14:00:00Z
Nottingham,2023,07-11-2023,15:00:00,0,23.38091772,11.37247736,2023-11-07T15:00:00Z
Nottingham,2023,07-11-2023,16:00:00,9.78680365,16.01192377,12.08990268,2023-11-07T16:00:00Z
Nottingham,2023,07-11-2023,17:00:00,4.345834852,21.90207451,21.63387804,2023-11-07T17:00:00Z
Nottingham,2023,07-11-2023,18:00:00,9.534888934,35.15339949,20.1108134,2023-11-07T18:00:00Z
Nottingham,2023,07-11-2023,19:00:00,1.200488944,18.24794964,7.677510981,2023-11-07T19:00:00Z
Nottingham,2023,07-11-2023,20:00:00,12.79135318,12.7795698,14.51238568,2023-11-07T20:00:00Z
Nottingham,2023,07-11-2023,21:00:00,8.135545747,22.75809826,18.5991316,2023-11-07T21:00:00Z
Nottingham,2023,07-11-2023,22:00:00,4.138025515,45.39141882,20.5121989,2023-11-07T22:00:00Z
Nottingham,2023,07-11-2023,23:00:00,7.409626546,36.69114956,9.713343515,2023-11-07T23:00:00Z
Nottingham,2023,08-11-2023,00:00:00,5.700694922,5.845587123,1.612352812,2023-11-08T00:00:00Z
Nottingham,2023,08-11-2023,01:00:00,3.198576261,14.44053703,10.32663879,2023-11-08T01:00:00Z
Nottingham,2023,08-11-2023,02:00:00,12.73390398,30.37745457,10.54372098,2023-11-08T02:00:00Z
Nottingham,2023,08-11-2023,03:00:00,8.685212775,-1.669133425,10.67415569,2023-11-08T03:00:00Z
Nottingham,2023,08-11-2023,04:00:00,12.39482389,39.00217266,24.60442955,2023-11-08T04:00:00Z
Nottingham,2023,08-11-2023,05:00:00,2.364976807,29.03530975,13.4076018,2023-11-08T05:00:00Z
Nottingham,2023,08-11-2023,06:00:00,0.744457053,-10.76375815,5.293022911,2023-11-08T06:00:00Z
Nottingham,2023,08-11-2023,07:00:00,14.16259983,20.25273037,22.55827356,2023-11-08T07:00:00Z
Nottingham,2023,08-11-2023,08:00:00,15.71549276,18.49252372,21.18137801,2023-11-08T08:00:00Z
Nottingham,2023,08-11-2023,09:00:00,0,-4.069492674,-1.868148427,2023-11-08T09:00:00Z
Nottingham,2023,08-11-2023,10:00:00,9.701492205,24.83088373,18.4376705,2023-11-08T10:00:00Z
Nottingham,2023,08-11-2023,11:00:00,7.308533202,19.30038366,13.90935155,2023-11-08T11:00:00Z
Nottingham,2023,08-11-2023,12:00:00,18.72374597,44.33370503,26.07306581,2023-11-08T12:00:00Z
Nottingham,2023,08-11-2023,13:00:00,10.28755824,22.32673575,18.45292787,2023-11-08T13:00:00Z
Nottingham,2023,08-11-2023,14:00:00,0.965009183,16.21639096,18.06807799,2023-11-08T14:00:00Z
Nottingham,2023,08-11-2023,15:00:00,13.70917306,35.02183131,21.78084967,2023-11-08T15:00:00Z
Nottingham,2023,08-11-2023,16:00:00,9.640974035,18.80847772,17.69483141,2023-11-08T16:00:00Z
Nottingham,2023,08-11-2023,17:00:00,25.12677403,44.92979346,42.91496497,2023-11-08T17:00:00Z
Nottingham,2023,08-11-2023,18:00:00,0,12.71005813,-4.88632258,2023-11-08T18:00:00Z
Nottingham,2023,08-11-2023,19:00:00,7.589806237,16.79289293,21.52987338,2023-11-08T19:00:00Z
Nottingham,2023,08-11-2023,20:00:00,4.98207532,37.67469797,10.12791309,2023-11-08T20:00:00Z
Nottingham,2023,08-11-2023,21:00:00,2.018197273,29.58249053,14.84910087,2023-11-08T21:00:00Z
Nottingham,2023,08-11-2023,22:00:00,12.45895782,31.70992895,19.32565605,2023-11-08T22:00:00Z
Nottingham,2023,08-11-2023,23:00:00,6.720392087,0.131750607,5.805005069,2023-11-08T23:00:00Z
Nottingham,2023,09-11-2023,00:00:00,9.270390534,-8.374881259,10.09921123,2023-11-09T00:00:00Z
Nottingham,2023,09-11-2023,01:00:00,10.82239589,16.09008603,6.420049285,2023-11-09T01:00:00Z
Nottingham,2023,09-11-2023,02:00:00,5.776980587,8.295320881,8.502909369,2023-11-09T02:00:00Z
Nottingham,2023,09-11-2023,03:00:00,18.03562004,11.3743281,17.8652339,2023-11-09T03:00:00Z
Nottingham,2023,09-11-2023,04:00:00,4.573131231,26.23602345,8.2496647930000009,2023-11-09T04:00:00Z
Nottingham,2023,09-11-2023,05:00:00,1.47039059,24.29694537,14.05638594,2023-11-09T05:00:00Z
Nottingham,2023,09-11-2023,06:00:00,4.298721806,9.610218854,17.69328446,2023-11-09T06:00:00Z
Nottingham,2023,09-11-2023,07:00:00,7.043054551,7.300913492,11.27265854,2023-11-09T07:00:00Z
Nottingham,2023,09-11-2023,08:00:00,7.877327126,4.982743679,10.02816014,2023-11-09T08:00:00Z
Nottingham,2023,09-11-2023,09:00:00,14.90266016,39.68511431,34.04936487,2023-11-09T09:00:00Z
Nottingham,2023,09-11-2023,10:00:00,0,1.128053375,3.51201141,2023-11-09T10:00:00Z
Nottingham,2023,09-11-2023,11:00:00,1.887326001,17.13220794,9.431171446,2023-11-09T11:00:00Z
Nottingham,2023,09-11-2023,12:00:00,8.17271089,25.25091459,2.635158193,2023-11-09T12:00:00Z
Nottingham,2023,09-11-2023,13:00:00,0.568681582,-6.578323226,6.608090415,2023-11-09T13:00:00Z
Nottingham,2023,09-11-2023,14:00:00,11.74256765,31.39550754,24.78222714,2023-11-09T14:00:00Z
Nottingham,2023,09-11-2023,15:00:00,0,5.608635153,2.549849582,2023-11-09T15:00:00Z
Nottingham,2023,09-11-2023,16:00:00,0,28.62644913,10.20408008,2023-11-09T16:00:00Z
Nottingham,2023,09-11-2023,17:00:00,8.111983891,2.557812757,11.12068677,2023-11-09T17:00:00Z
Nottingham,2023,09-11-2023,18:00:00,8.411496899,21.87059443,3.727381133,2023-11-09T18:00:00Z
Nottingham,2023,09-11-2023,19:00:00,4.189323357,10.08167218,3.475162183,2023-11-09T19:00:00Z
Nottingham,2023,09-11-2023,20:00:00,11.05978137,27.14656801,15.60537604,2023-11-09T20:00:00Z
Nottingham,2023,09-11-2023,21:00:00,4.739783249,12.96665127,9.74725332,2023-11-09T21:00:00Z
Nottingham,2023,09-11-2023,22:00:00,21.25561268,45.18324398,28.33937851,2023-11-09T22:00:00Z
Nottingham,2023,09-11-2023,23:00:00,7.208095307,26.00148354,15.93312672,2023-11-09T23:00:00Z
Nottingham,2023,10-11-2023,00:00:00,7.175032299,15.37479694,15.3771892,2023-11-10T00:00:00Z
Nottingham,2023,10-11-2023,01:00:00,0,-35.56958389,-6.964246913,2023-11-10T01:00:00Z
Nottingham,2023,10-11-2023,02:00:00,0,0.484000522,1.655950031,2023-11-10T02:00:00Z
Nottingham,2023,10-11-2023,03:00:00,7.406410963,-2.062350108,11.9147537,2023-11-10T03:00:00Z
Nottingham,2023,10-11-2023,04:00:00,8.389579684,25.09617991,16.46998216,2023-11-10T04:00:00Z
Nottingham,2023,10-11-2023,05:00:00,11.85104218,2.431982996,11.58741259,2023-11-10T05:00:00Z
Nottingham,2023,10-11-2023,06:00:00,0,23.65427969,13.32835351,2023-11-10T06:00:00Z
Nottingham,2023,10-11-2023,07:00:00,11.08451131,12.37874638,11.62139744,2023-11-10T07:00:00Z
Nottingham,2023,10-11-2023,08:00:00,7.915774839,9.312795393,9.539910341,2023-11-10T08:00:00Z
Nottingham,2023,10-11-2023,09:00:00,1.956248134,19.55849831,18.62097754,2023-11-10T09:00:00Z
Nottingham,2023,10-11-2023,10:00:00,2.527356094,49.61315923,24.52771951,2023-11-10T10:00:00Z
Nottingham,2023,10-11-2023,11:00:00,18.67366342,27.70839756,18.84589977,2023-11-10T11:00:00Z
Nottingham,2023,10-11-2023,12:00:00,4.398817809,5.897443594,11.65476688,2023-11-10T12:00:00Z
Nottingham,2023,10-11-2023,13:00:00,0,-0.438255815,7.921596682,2023-11-10T13:00:00Z
Nottingham,2023,10-11-2023,14:00:00,15.66696476,7.722023065,11.33375748,2023-11-10T14:00:00Z
Nottingham,2023,10-11-2023,15:00:00,10.86816924,5.748090658,9.57327202,2023-11-10T15:00:00Z
Nottingham,2023,10-11-2023,16:00:00,6.3115292,22.14235699,17.52637189,2023-11-10T16:00:00Z
Nottingham,2023,10-11-2023,17:00:00,6.259086091,-5.371377827,11.7291261,2023-11-10T17:00:00Z
Nottingham,2023,10-11-2023,18:00:00,18.4770477,26.34321997,20.5191491,2023-11-10T18:00:00Z
Nottingham,2023,10-11-2023,19:00:00,13.21163325,24.80730988,22.60339449,2023-11-10T19:00:00Z
Nottingham,2023,10-11-2023,20:00:00,10.05222573,20.85982426,16.43818156,2023-11-10T20:00:00Z
Nottingham,2023,10-11-2023,21:00:00,8.834773479,38.66637531,20.4385228,2023-11-10T21:00:00Z
Nottingham,2023,10-11-2023,22:00:00,17.08073368,12.6323517,15.22245808,2023-11-10T22:00:00Z
Nottingham,2023,10-11-2023,23:00:00,6.330743788,28.2289722,17.7066278,2023-11-10T23:00:00Z
Nottingham,2024,01-11-2024,00:00:00,19.54186607,26.73687821,22.67027499,2024-11-01T00:00:00Z
Nottingham,2024,01-11-2024,01:00:00,23.53356746,36.80044482,36.76994195,2024-11-01T01:00:00Z
Nottingham,2024,01-11-2024,02:00:00,5.946697788,-5.987085331,3.125816139,2024-11-01T02:00:00Z
Nottingham,2024,01-11-2024,03:00:00,15.09491562,21.57458174,23.95147337,2024-11-01T03:00:00Z
Nottingham,2024,01-11-2024,04:00:00,8.465607271,6.691121214,11.67765506,2024-11-01T04:00:00Z
Nottingham,2024,01-11-2024,05:00:00,12.85320007,30.52183089,19.44294631,2024-11-01T05:00:00Z
Nottingham,2024,01-11-2024,06:00:00,0,-8.220789116,0.055501066,2024-11-01T06:00:00Z
Nottingham,2024,01-11-2024,07:00:00,7.281685691,27.51850905,26.70354752,2024-11-01T07:00:00Z
Nottingham,2024,01-11-2024,08:00:00,16.98449936,22.38650854,19.9826077,2024-11-01T08:00:00Z
Nottingham,2024,01-11-2024,09:00:00,23.55051631,18.21896165,23.69417739,2024-11-01T09:00:00Z
Nottingham,2024,01-11-2024,10:00:00,2.836697006,-2.928817341,4.284012126,2024-11-01T10:00:00Z
Nottingham,2024,01-11-2024,11:00:00,3.227985261,-1.11495508,7.553171067,2024-11-01T11:00:00Z
Nottingham,2024,01-11-2024,12:00:00,20.97855055,26.57171614,18.21870109,2024-11-01T12:00:00Z
Nottingham,2024,01-11-2024,13:00:00,3.797460887,20.66945578,13.25668907,2024-11-01T13:00:00Z
Nottingham,2024,01-11-2024,14:00:00,8.772890334,39.88516451,17.31788537,2024-11-01T14:00:00Z
Nottingham,2024,01-11-2024,15:00:00,1.732843732,14.11278838,6.22831103,2024-11-01T15:00:00Z
Nottingham,2024,01-11-2024,16:00:00,15.12330464,26.86073631,19.84193029,2024-11-01T16:00:00Z
Nottingham,2024,01-11-2024,17:00:00,1.355615185,14.62026621,12.26486688,2024-11-01T17:00:00Z
Nottingham,2024,01-11-2024,18:00:00,1.53848586,-2.758084169,6.034425988,2024-11-01T18:00:00Z
Nottingham,2024,01-11-2024,19:00:00,16.833317,22.56888844,23.04095332,2024-11-01T19:00:00Z
Nottingham,2024,01-11-2024,20:00:00,4.6957247,13.7207301,11.6615011,2024-11-01T20:00:00Z
Nottingham,2024,01-11-2024,21:00:00,6.548677251,12.81343393,5.441080554,2024-11-01T21:00:00Z
Nottingham,2024,01-11-2024,22:00:00,9.206196079,30.95127919,19.70381486,2024-11-01T22:00:00Z
Nottingham,2024,01-11-2024,23:00:00,7.30477631,25.66316745,9.502091808,2024-11-01T23:00:00Z
Nottingham,2024,02-11-2024,00:00:00,13.12401713,6.794400548,14.25944913,2024-11-02T00:00:00Z
Nottingham,2024,02-11-2024,01:00:00,21.79139567,24.61537079,13.09887195,2024-11-02T01:00:00Z
Nottingham,2024,02-11-2024,02:00:00,3.250036196,0.626470598,7.588978848,2024-11-02T02:00:00Z
Nottingham,2024,02-11-2024,03:00:00,5.603018424,1.970964322,10.46706317,2024-11-02T03:00:00Z
Nottingham,2024,02-11-2024,04:00:00,5.723816177,-11.61780648,2.477241983,2024-11-02T04:00:00Z
Nottingham,2024,02-11-2024,05:00:00,9.65772485,30.04554865,18.14207135,2024-11-02T05:00:00Z
Nottingham,2024,02-11-2024,06:00:00,11.34018242,33.25488967,18.06042554,2024-11-02T06:00:00Z
Nottingham,2024,02-11-2024,07:00:00,12.0979021,19.51352708,12.25908195,2024-11-02T07:00:00Z
Nottingham,2024,02-11-2024,08:00:00,25.80224368,28.40269456,27.31997767,2024-11-02T08:00:00Z
Nottingham,2024,02-11-2024,09:00:00,10.80763691,7.560082797,16.45992041,2024-11-02T09:00:00Z
Nottingham,2024,02-11-2024,10:00:00,19.44639556,48.42020937,29.23819918,2024-11-02T10:00:00Z
Nottingham,2024,02-11-2024,11:00:00,16.63964476,35.84913992,35.81259067,2024-11-02T11:00:00Z
Nottingham,2024,02-11-2024,12:00:00,19.31637965,34.23065003,31.43094254,2024-11-02T12:00:00Z
Nottingham,2024,02-11-2024,13:00:00,25.42121608,28.3575617,30.77443438,2024-11-02T13:00:00Z
Nottingham,2024,02-11-2024,14:00:00,2.774929097,24.757348790000002,17.63271868,2024-11-02T14:00:00Z
Nottingham,2024,02-11-2024,15:00:00,14.26311337,28.03064268,22.84594542,2024-11-02T15:00:00Z
Nottingham,2024,02-11-2024,16:00:00,16.62099423,26.22529551,18.98653264,2024-11-02T16:00:00Z
Nottingham,2024,02-11-2024,17:00:00,6.974595765,5.788749797,7.382098475,2024-11-02T17:00:00Z
Nottingham,2024,02-11-2024,18:00:00,0,21.58672292,2.834528152,2024-11-02T18:00:00Z
Nottingham,2024,02-11-2024,19:00:00,3.805591478,13.9101045,10.27147947,2024-11-02T19:00:00Z
Nottingham,2024,02-11-2024,20:00:00,16.7704888,30.47668344,27.45599947,2024-11-02T20:00:00Z
Nottingham,2024,02-11-2024,21:00:00,1.309122601,21.3860608,17.05966909,2024-11-02T21:00:00Z
Nottingham,2024,02-11-2024,22:00:00,7.162208078,28.97293138,7.396291996,2024-11-02T22:00:00Z
Nottingham,2024,02-11-2024,23:00:00,4.296952732,17.39553168,16.21590469,2024-11-02T23:00:00Z
Nottingham,2024,03-11-2024,00:00:00,11.46983734,31.90543469,21.96063407,2024-11-03T00:00:00Z
Nottingham,2024,03-11-2024,01:00:00,1.002339363,-4.925532539,9.343898828,2024-11-03T01:00:00Z
Nottingham,2024,03-11-2024,02:00:00,11.84343954,12.59149163,14.5463564,2024-11-03T02:00:00Z
Nottingham,2024,03-11-2024,03:00:00,15.15127017,31.86397297,19.80720615,2024-11-03T03:00:00Z
Nottingham,2024,03-11-2024,04:00:00,12.99618754,21.91557512,21.01121233,2024-11-03T04:00:00Z
Nottingham,2024,03-11-2024,05:00:00,11.27929043,-15.14168412,5.691583757,2024-11-03T05:00:00Z
Nottingham,2024,03-11-2024,06:00:00,0,-0.246278839,0.26696029,2024-11-03T06:00:00Z
Nottingham,2024,03-11-2024,07:00:00,11.45364471,38.2839746,25.73986538,2024-11-03T07:00:00Z
Nottingham,2024,03-11-2024,08:00:00,3.895288389,1.634949857,12.02247979,2024-11-03T08:00:00Z
Nottingham,2024,03-11-2024,09:00:00,14.39085075,22.06088837,22.99151024,2024-11-03T09:00:00Z
Nottingham,2024,03-11-2024,10:00:00,7.465283452,22.96032205,12.97609723,2024-11-03T10:00:00Z
Nottingham,2024,03-11-2024,11:00:00,8.641747851,18.8931754,15.7411245,2024-11-03T11:00:00Z
Nottingham,2024,03-11-2024,12:00:00,10.70620291,30.6318491,21.84650467,2024-11-03T12:00:00Z
Nottingham,2024,03-11-2024,13:00:00,0,4.386877123,2.515939481,2024-11-03T13:00:00Z
Nottingham,2024,03-11-2024,14:00:00,13.47061908,20.36759037,14.22618506,2024-11-03T14:00:00Z
Nottingham,2024,03-11-2024,15:00:00,11.17050767,8.034902695,10.2421169,2024-11-03T15:00:00Z
Nottingham,2024,03-11-2024,16:00:00,1.631051582,0.752921705,1.527349893,2024-11-03T16:00:00Z
Nottingham,2024,03-11-2024,17:00:00,9.606550653,7.729219068,18.77636381,2024-11-03T17:00:00Z
Nottingham,2024,03-11-2024,18:00:00,3.979300167,14.39686155,15.81995092,2024-11-03T18:00:00Z
Nottingham,2024,03-11-2024,19:00:00,0,20.07853883,11.08501387,2024-11-03T19:00:00Z
Nottingham,2024,03-11-2024,20:00:00,13.11384073,28.15110441,12.0436565,2024-11-03T20:00:00Z
Nottingham,2024,03-11-2024,21:00:00,2.086188576,-0.059339145,4.743760491,2024-11-03T21:00:00Z
Nottingham,2024,03-11-2024,22:00:00,9.160978573,8.435997151,13.27216125,2024-11-03T22:00:00Z
Nottingham,2024,03-11-2024,23:00:00,14.25151782,29.65173921,17.18444486,2024-11-03T23:00:00Z
Nottingham,2024,04-11-2024,00:00:00,8.176611914,16.90304598,13.25861768,2024-11-04T00:00:00Z
Nottingham,2024,04-11-2024,01:00:00,16.18131174,25.90950352,16.42774495,2024-11-04T01:00:00Z
Nottingham,2024,04-11-2024,02:00:00,0,12.37126982,8.668009854,2024-11-04T02:00:00Z
Nottingham,2024,04-11-2024,03:00:00,10.52235849,7.739749994,10.45957922,2024-11-04T03:00:00Z
Nottingham,2024,04-11-2024,04:00:00,14.02333921,44.78647301,33.34588832,2024-11-04T04:00:00Z
Nottingham,2024,04-11-2024,05:00:00,10.92907666,40.62273334,11.70877117,2024-11-04T05:00:00Z
Nottingham,2024,04-11-2024,06:00:00,11.3305886,18.48674531,17.12317238,2024-11-04T06:00:00Z
Nottingham,2024,04-11-2024,07:00:00,17.73076762,42.0750435,11.68870349,2024-11-04T07:00:00Z
Nottingham,2024,04-11-2024,08:00:00,15.22097636,25.19488939,18.77348013,2024-11-04T08:00:00Z
Nottingham,2024,04-11-2024,09:00:00,5.859055452,-0.349283386,7.721550181,2024-11-04T09:00:00Z
Nottingham,2024,04-11-2024,10:00:00,3.955688928,6.961599243,0.981060543,2024-11-04T10:00:00Z
Nottingham,2024,04-11-2024,11:00:00,6.888488561,17.91670181,12.35806633,2024-11-04T11:00:00Z
Nottingham,2024,04-11-2024,12:00:00,8.81658733,24.49753264,10.12830958,2024-11-04T12:00:00Z
Nottingham,2024,04-11-2024,13:00:00,10.37301453,25.46699736,14.76960212,2024-11-04T13:00:00Z
Nottingham,2024,04-11-2024,14:00:00,10.62727169,7.538530102,19.01502018,2024-11-04T14:00:00Z
Nottingham,2024,04-11-2024,15:00:00,9.678916387,29.08758577,23.71884192,2024-11-04T15:00:00Z
Nottingham,2024,04-11-2024,16:00:00,24.82996864,37.32394766,32.2234586,2024-11-04T16:00:00Z
Nottingham,2024,04-11-2024,17:00:00,24.26799852,23.79583556,23.18088215,2024-11-04T17:00:00Z
Nottingham,2024,04-11-2024,18:00:00,0,8.394367268,6.11030898,2024-11-04T18:00:00Z
Nottingham,2024,04-11-2024,19:00:00,10.3416137,11.54897857,12.35495628,2024-11-04T19:00:00Z
Nottingham,2024,04-11-2024,20:00:00,13.70080817,19.44939373,30.42431765,2024-11-04T20:00:00Z
Nottingham,2024,04-11-2024,21:00:00,7.094896873,26.87800943,32.01434505,2024-11-04T21:00:00Z
Nottingham,2024,04-11-2024,22:00:00,16.65304644,28.23221415,23.02191347,2024-11-04T22:00:00Z
Nottingham,2024,04-11-2024,23:00:00,1.788331419,16.13101321,8.686530384,2024-11-04T23:00:00Z
Nottingham,2024,05-11-2024,00:00:00,65.19751268,131.6685448,108.9631644,2024-11-05T00:00:00Z
Nottingham,2024,05-11-2024,01:00:00,42.53774803,99.29106152,77.89001115,2024-11-05T01:00:00Z
Nottingham,2024,05-11-2024,02:00:00,33.40408222,66.40514904,55.89221647,2024-11-05T02:00:00Z
Nottingham,2024,05-11-2024,03:00:00,64.80078459,148.0088803,112.4996339,2024-11-05T03:00:00Z
Nottingham,2024,05-11-2024,04:00:00,73.09248793,160.6059841,136.1589094,2024-11-05T04:00:00Z
Nottingham,2024,05-11-2024,05:00:00,46.15252995,103.1327326,82.52919439,2024-11-05T05:00:00Z
Nottingham,2024,05-11-2024,06:00:00,88.87077338,176.0085407,128.4312636,2024-11-05T06:00:00Z
Nottingham,2024,05-11-2024,07:00:00,62.84468412,156.5970484,110.6375992,2024-11-05T07:00:00Z
Nottingham,2024,05-11-2024,08:00:00,60.45710097,197.092784,143.6539999,2024-11-05T08:00:00Z
Nottingham,2024,05-11-2024,09:00:00,45.15242195,75.8198265,58.56218301,2024-11-05T09:00:00Z
Nottingham,2024,05-11-2024,10:00:00,44.02741555,93.04974079,70.96775683,2024-11-05T10:00:00Z
Nottingham,2024,05-11-2024,11:00:00,14.60136912,53.39901453,46.48329897,2024-11-05T11:00:00Z
Nottingham,2024,05-11-2024,12:00:00,34.0990737,65.60975046,60.05957614,2024-11-05T12:00:00Z
Nottingham,2024,05-11-2024,13:00:00,68.8233553,147.9568521,102.8563369,2024-11-05T13:00:00Z
Nottingham,2024,05-11-2024,14:00:00,26.83392115,101.1646387,79.34896192,2024-11-05T14:00:00Z
Nottingham,2024,05-11-2024,15:00:00,69.15071051,142.2233123,100.9639012,2024-11-05T15:00:00Z
Nottingham,2024,05-11-2024,16:00:00,33.80412064,78.181882,62.79749999,2024-11-05T16:00:00Z
Nottingham,2024,05-11-2024,17:00:00,15.77625822,74.32450676,53.39105551,2024-11-05T17:00:00Z
Nottingham,2024,05-11-2024,18:00:00,33.61859547,62.60491199,48.87530968,2024-11-05T18:00:00Z
Nottingham,2024,05-11-2024,19:00:00,44.6721788,120.0080357,93.46948497,2024-11-05T19:00:00Z
Nottingham,2024,05-11-2024,20:00:00,35.67583192,106.6301465,83.28467795,2024-11-05T20:00:00Z
Nottingham,2024,05-11-2024,21:00:00,20.18340615,51.26054788,44.27335005,2024-11-05T21:00:00Z
Nottingham,2024,05-11-2024,22:00:00,57.62181264,108.6518956,84.29103004,2024-11-05T22:00:00Z
Nottingham,2024,05-11-2024,23:00:00,28.40837374,85.21336745,73.8482617,2024-11-05T23:00:00Z
Nottingham,2024,06-11-2024,00:00:00,23.43188351,55.86594594,34.2061565,2024-11-06T00:00:00Z
Nottingham,2024,06-11-2024,01:00:00,5.186916609,28.30982664,18.4433578,2024-11-06T01:00:00Z
Nottingham,2024,06-11-2024,02:00:00,15.04506231,10.9115112,20.37618175,2024-11-06T02:00:00Z
Nottingham,2024,06-11-2024,03:00:00,21.62608625,22.08424109,27.7996171,2024-11-06T03:00:00Z
Nottingham,2024,06-11-2024,04:00:00,6.962839284,11.52947636,18.80934395,2024-11-06T04:00:00Z
Nottingham,2024,06-11-2024,05:00:00,8.024158696,4.471361695,15.01578028,2024-11-06T05:00:00Z
Nottingham,2024,06-11-2024,06:00:00,11.16967469,12.13296247,7.431942572,2024-11-06T06:00:00Z
Nottingham,2024,06-11-2024,07:00:00,8.37896592,14.60806846,13.50804282,2024-11-06T07:00:00Z
Nottingham,2024,06-11-2024,08:00:00,10.80894142,4.655135404,6.229159182,2024-11-06T08:00:00Z
Nottingham,2024,06-11-2024,09:00:00,4.330351087,12.85836031,10.98983848,2024-11-06T09:00:00Z
Nottingham,2024,06-11-2024,10:00:00,21.68684235,26.66452187,16.03173825,2024-11-06T10:00:00Z
Nottingham,2024,06-11-2024,11:00:00,1.080420213,22.26344077,13.80196816,2024-11-06T11:00:00Z
Nottingham,2024,06-11-2024,12:00:00,11.56449425,-21.5978679,-0.078885769,2024-11-06T12:00:00Z
Nottingham,2024,06-11-2024,13:00:00,9.972497707,15.83068709,15.04239516,2024-11-06T13:00:00Z
Nottingham,2024,06-11-2024,14:00:00,0,17.6040418,8.330762033,2024-11-06T14:00:00Z
Nottingham,2024,06-11-2024,15:00:00,12.11510647,25.02953763,20.48201168,2024-11-06T15:00:00Z
Nottingham,2024,06-11-2024,16:00:00,12.68449912,3.574713136,9.958563028,2024-11-06T16:00:00Z
Nottingham,2024,06-11-2024,17:00:00,9.507579972,33.15783015,27.62199334,2024-11-06T17:00:00Z
Nottingham,2024,06-11-2024,18:00:00,0,1.544095593,1.766377864,2024-11-06T18:00:00Z
Nottingham,2024,06-11-2024,19:00:00,12.5222383,32.49932581,19.1494152,2024-11-06T19:00:00Z
Nottingham,2024,06-11-2024,20:00:00,0,-8.719637589,-1.580251888,2024-11-06T20:00:00Z
Nottingham,2024,06-11-2024,21:00:00,0.193534592,-16.99404477,-11.12794704,2024-11-06T21:00:00Z
Nottingham,2024,06-11-2024,22:00:00,16.218687890000002,0.761116599,10.30471632,2024-11-06T22:00:00Z
Nottingham,2024,06-11-2024,23:00:00,9.421908952,34.01006959,18.94419087,2024-11-06T23:00:00Z
Nottingham,2024,07-11-2024,00:00:00,0,23.64294683,5.989857167,2024-11-07T00:00:00Z
Nottingham,2024,07-11-2024,01:00:00,17.64847839,30.89472554,16.73272608,2024-11-07T01:00:00Z
Nottingham,2024,07-11-2024,02:00:00,11.82725175,22.46241051,18.69841427,2024-11-07T02:00:00Z
Nottingham,2024,07-11-2024,03:00:00,3.860731138,23.00324216,20.21221835,2024-11-07T03:00:00Z
Nottingham,2024,07-11-2024,04:00:00,2.56975643,12.44244549,6.602555544,2024-11-07T04:00:00Z
Nottingham,2024,07-11-2024,05:00:00,0.086682257,14.79525347,7.826701569,2024-11-07T05:00:00Z
Nottingham,2024,07-11-2024,06:00:00,16.90332607,36.62098451,21.23299016,2024-11-07T06:00:00Z
Nottingham,2024,07-11-2024,07:00:00,0,4.624728991,6.057623388,2024-11-07T07:00:00Z
Nottingham,2024,07-11-2024,08:00:00,9.360577335,14.79442402,13.61674009,2024-11-07T08:00:00Z
Nottingham,2024,07-11-2024,09:00:00,15.19862337,7.215291636,11.23072239,2024-11-07T09:00:00Z
Nottingham,2024,07-11-2024,10:00:00,11.3671785,25.25815297,14.41573798,2024-11-07T10:00:00Z
Nottingham,2024,07-11-2024,11:00:00,8.249232789,25.55917384,19.11255194,2024-11-07T11:00:00Z
Nottingham,2024,07-11-2024,12:00:00,12.79808789,21.52457218,12.13101815,2024-11-07T12:00:00Z
Nottingham,2024,07-11-2024,13:00:00,0,11.33935752,6.008344926,2024-11-07T13:00:00Z
Nottingham,2024,07-11-2024,14:00:00,11.69147369,24.51585556,19.72916242,2024-11-07T14:00:00Z
Nottingham,2024,07-11-2024,15:00:00,3.398138118,17.13306242,16.42900788,2024-11-07T15:00:00Z
Nottingham,2024,07-11-2024,16:00:00,9.994504694,24.77224511,19.54445623,2024-11-07T16:00:00Z
Nottingham,2024,07-11-2024,17:00:00,0,-8.434245243,-1.115046032,2024-11-07T17:00:00Z
Nottingham,2024,07-11-2024,18:00:00,0,-3.418718492,4.644677385,2024-11-07T18:00:00Z
Nottingham,2024,07-11-2024,19:00:00,12.60312197,32.15476039,12.10488025,2024-11-07T19:00:00Z
Nottingham,2024,07-11-2024,20:00:00,9.307297735,19.64252734,17.01871062,2024-11-07T20:00:00Z
Nottingham,2024,07-11-2024,21:00:00,14.25619101,37.8231335,29.60662691,2024-11-07T21:00:00Z
Nottingham,2024,07-11-2024,22:00:00,23.99333386,29.77534464,23.36718813,2024-11-07T22:00:00Z
Nottingham,2024,07-11-2024,23:00:00,2.476053702,19.84743398,19.21818465,2024-11-07T23:00:00Z
Nottingham,2024,08-11-2024,00:00:00,0,5.387776089,10.72331925,2024-11-08T00:00:00Z
Nottingham,2024,08-11-2024,01:00:00,5.896269968,15.57102289,16.04163556,2024-11-08T01:00:00Z
Nottingham,2024,08-11-2024,02:00:00,10.0485999,24.74903336,18.59443594,2024-11-08T02:00:00Z
Nottingham,2024,08-11-2024,03:00:00,12.08800712,22.85600529,19.68192929,2024-11-08T03:00:00Z
Nottingham,2024,08-11-2024,04:00:00,10.64746679,29.8206075,13.98804257,2024-11-08T04:00:00Z
Nottingham,2024,08-11-2024,05:00:00,9.962285462,19.09041071,13.35046509,2024-11-08T05:00:00Z
Nottingham,2024,08-11-2024,06:00:00,16.58517049,31.13396456,19.70109524,2024-11-08T06:00:00Z
Nottingham,2024,08-11-2024,07:00:00,11.59784805,20.60382133,17.26056205,2024-11-08T07:00:00Z
Nottingham,2024,08-11-2024,08:00:00,12.98290139,19.91034965,16.86001943,2024-11-08T08:00:00Z
Nottingham,2024,08-11-2024,09:00:00,20.65605121,25.87628731,22.77940765,2024-11-08T09:00:00Z
Nottingham,2024,08-11-2024,10:00:00,22.31717053,12.39035291,19.99492225,2024-11-08T10:00:00Z
Nottingham,2024,08-11-2024,11:00:00,6.574051899,17.57214339,13.23658766,2024-11-08T11:00:00Z
Nottingham,2024,08-11-2024,12:00:00,10.17435156,4.929056639,14.04964466,2024-11-08T12:00:00Z
Nottingham,2024,08-11-2024,13:00:00,0,-6.05189789,-7.149806207,2024-11-08T13:00:00Z
Nottingham,2024,08-11-2024,14:00:00,17.64369675,22.06103225,20.88187978,2024-11-08T14:00:00Z
Nottingham,2024,08-11-2024,15:00:00,14.08098996,19.64391382,21.57311379,2024-11-08T15:00:00Z
Nottingham,2024,08-11-2024,16:00:00,2.725351573,9.72311008,14.88809286,2024-11-08T16:00:00Z
Nottingham,2024,08-11-2024,17:00:00,10.57467179,13.07485617,23.45534444,2024-11-08T17:00:00Z
Nottingham,2024,08-11-2024,18:00:00,13.77511238,23.15232758,14.91485084,2024-11-08T18:00:00Z
Nottingham,2024,08-11-2024,19:00:00,15.3425067,42.7017637,24.95480464,2024-11-08T19:00:00Z
Nottingham,2024,08-11-2024,20:00:00,9.186476878,21.97577231,26.9100312,2024-11-08T20:00:00Z
Nottingham,2024,08-11-2024,21:00:00,10.66569997,21.70536377,14.2395549,2024-11-08T21:00:00Z
Nottingham,2024,08-11-2024,22:00:00,11.18350098,5.297390463,10.85697137,2024-11-08T22:00:00Z
Nottingham,2024,08-11-2024,23:00:00,5.947346221,19.78510208,22.78608832,2024-11-08T23:00:00Z
Nottingham,2024,09-11-2024,00:00:00,3.425651686,-1.580384444,10.986369,2024-11-09T00:00:00Z
Nottingham,2024,09-11-2024,01:00:00,3.572475918,11.34301742,5.372065235,2024-11-09T01:00:00Z
Nottingham,2024,09-11-2024,02:00:00,7.801025952,37.9626552,31.94457521,2024-11-09T02:00:00Z
Nottingham,2024,09-11-2024,03:00:00,0,-0.775537851,4.798592449,2024-11-09T03:00:00Z
Nottingham,2024,09-11-2024,04:00:00,2.339617727,-1.330635942,4.320912751,2024-11-09T04:00:00Z
Nottingham,2024,09-11-2024,05:00:00,9.858971215,6.307586177,11.03753404,2024-11-09T05:00:00Z
Nottingham,2024,09-11-2024,06:00:00,0,1.117765183,-6.032425411,2024-11-09T06:00:00Z
Nottingham,2024,09-11-2024,07:00:00,14.01493278,22.52385567,21.91584148,2024-11-09T07:00:00Z
Nottingham,2024,09-11-2024,08:00:00,14.2933129,18.39852543,18.19790721,2024-11-09T08:00:00Z
Nottingham,2024,09-11-2024,09:00:00,15.83521218,44.87933608,24.88819359,2024-11-09T09:00:00Z
Nottingham,2024,09-11-2024,10:00:00,0,2.203353735,3.01867163,2024-11-09T10:00:00Z
Nottingham,2024,09-11-2024,11:00:00,15.78264779,29.63138027,27.28324666,2024-11-09T11:00:00Z
Nottingham,2024,09-11-2024,12:00:00,9.934872582,39.76511846,21.99003901,2024-11-09T12:00:00Z
Nottingham,2024,09-11-2024,13:00:00,18.34580497,29.13138595,16.18350155,2024-11-09T13:00:00Z
Nottingham,2024,09-11-2024,14:00:00,20.22867549,24.70879826,17.88906124,2024-11-09T14:00:00Z
Nottingham,2024,09-11-2024,15:00:00,11.19627805,23.49945396,20.65939866,2024-11-09T15:00:00Z
Nottingham,2024,09-11-2024,16:00:00,0,24.11542266,10.90937797,2024-11-09T16:00:00Z
Nottingham,2024,09-11-2024,17:00:00,2.579048699,-5.647001898,-0.787699191,2024-11-09T17:00:00Z
Nottingham,2024,09-11-2024,18:00:00,5.513759725,28.74345277,11.13754302,2024-11-09T18:00:00Z
Nottingham,2024,09-11-2024,19:00:00,0,8.28590285,-2.603087703,2024-11-09T19:00:00Z
Nottingham,2024,09-11-2024,20:00:00,0,7.325592401,-0.830722202,2024-11-09T20:00:00Z
Nottingham,2024,09-11-2024,21:00:00,1.45111631,9.525159366,20.51739908,2024-11-09T21:00:00Z
Nottingham,2024,09-11-2024,22:00:00,0,24.21638527,21.175913,2024-11-09T22:00:00Z
Nottingham,2024,09-11-2024,23:00:00,6.021273554,5.229982721,15.57841856,2024-11-09T23:00:00Z
Nottingham,2024,10-11-2024,00:00:00,13.12872554,46.16535779,18.84826352,2024-11-10T00:00:00Z
Nottingham,2024,10-11-2024,01:00:00,14.74045962,41.56430256,14.6018202,2024-11-10T01:00:00Z
Nottingham,2024,10-11-2024,02:00:00,12.02893831,14.34730963,16.16030329,2024-11-10T02:00:00Z
Nottingham,2024,10-11-2024,03:00:00,10.91806438,15.73645368,12.34978855,2024-11-10T03:00:00Z
Nottingham,2024,10-11-2024,04:00:00,7.22704825,15.84778871,11.75024754,2024-11-10T04:00:00Z
Nottingham,2024,10-11-2024,05:00:00,10.77792821,8.164782083,8.52999953,2024-11-10T05:00:00Z
Nottingham,2024,10-11-2024,06:00:00,14.84438456,-0.989964305,8.321301737,2024-11-10T06:00:00Z
Nottingham,2024,10-11-2024,07:00:00,6.748664147,17.22653899,6.699619127,2024-11-10T07:00:00Z
Nottingham,2024,10-11-2024,08:00:00,0.687578251,20.29578214,8.531564816,2024-11-10T08:00:00Z
Nottingham,2024,10-11-2024,09:00:00,3.051862481,0.375860216,5.997832131,2024-11-10T09:00:00Z
Nottingham,2024,10-11-2024,10:00:00,13.68625798,47.93380739,24.7620298,2024-11-10T10:00:00Z
Nottingham,2024,10-11-2024,11:00:00,0,10.89490559,3.007643949,2024-11-10T11:00:00Z
Nottingham,2024,10-11-2024,12:00:00,0.410946895,8.347932062,-1.19980149,2024-11-10T12:00:00Z
Nottingham,2024,10-11-2024,13:00:00,13.32732708,33.04462783,20.56687095,2024-11-10T13:00:00Z
Nottingham,2024,10-11-2024,14:00:00,0,-11.97683734,-4.490826933,2024-11-10T14:00:00Z
Nottingham,2024,10-11-2024,15:00:00,22.0546885,18.22425373,21.94419479,2024-11-10T15:00:00Z
Nottingham,2024,10-11-2024,16:00:00,3.492818006,36.38434407,9.443375042,2024-11-10T16:00:00Z
Nottingham,2024,10-11-2024,17:00:00,0.709761543,-9.018877336,5.945848547,2024-11-10T17:00:00Z
Nottingham,2024,10-11-2024,18:00:00,18.22475647,11.79997493,25.24240783,2024-11-10T18:00:00Z
Nottingham,2024,10-11-2024,19:00:00,9.164052569,31.57391171,19.65192186,2024-11-10T19:00:00Z
Nottingham,2024,10-11-2024,20:00:00,11.59059001,22.75721058,17.32994639,2024-11-10T20:00:00Z
Nottingham,2024,10-11-2024,21:00:00,0.787678728,3.157504818,9.296536363,2024-11-10T21:00:00Z
Nottingham,2024,10-11-2024,22:00:00,8.040271514,53.46467919,18.13118584,2024-11-10T22:00:00Z
Nottingham,2024,10-11-2024,23:00:00,0.599398834,-1.56903484,-5.670404977,2024-11-10T23:00:00Z
Sheffield,2017,01-11-2017,00:00:00,10.88844392,32.79312545,2.64048229,2017-11-01T00:00:00Z
Sheffield,2017,01-11-2017,01:00:00,13.88841966,9.713472767,11.31731196,2017-11-01T01:00:00Z
Sheffield,2017,01-11-2017,02:00:00,0,32.92113325,4.91219666,2017-11-01T02:00:00Z
Sheffield,2017,01-11-2017,03:00:00,7.016497089,10.36054227,12.35238162,2017-11-01T03:00:00Z
Sheffield,2017,01-11-2017,04:00:00,3.109972467,27.69741467,15.90041333,2017-11-01T04:00:00Z
Sheffield,2017,01-11-2017,05:00:00,13.76147712,14.51510096,15.8644922,2017-11-01T05:00:00Z
Sheffield,2017,01-11-2017,06:00:00,17.21174002,14.00326096,13.97476925,2017-11-01T06:00:00Z
Sheffield,2017,01-11-2017,07:00:00,18.097378,30.89667699,20.59102601,2017-11-01T07:00:00Z
Sheffield,2017,01-11-2017,08:00:00,2.375414737,0,3.948460534,2017-11-01T08:00:00Z
Sheffield,2017,01-11-2017,09:00:00,6.344527741,22.37183733,7.034753339,2017-11-01T09:00:00Z
Sheffield,2017,01-11-2017,10:00:00,0.842375461,17.63544954,9.508389131,2017-11-01T10:00:00Z
Sheffield,2017,01-11-2017,11:00:00,0,9.918045854,5.482182757,2017-11-01T11:00:00Z
Sheffield,2017,01-11-2017,12:00:00,9.439233378,24.36722295,21.62968126,2017-11-01T12:00:00Z
Sheffield,2017,01-11-2017,13:00:00,19.13729155,38.74178986,29.03899728,2017-11-01T13:00:00Z
Sheffield,2017,01-11-2017,14:00:00,11.41128204,11.02114028,16.44629926,2017-11-01T14:00:00Z
Sheffield,2017,01-11-2017,15:00:00,18.79665176,32.74338439,29.90274016,2017-11-01T15:00:00Z
Sheffield,2017,01-11-2017,16:00:00,30.18658575,44.42369096,36.84682915,2017-11-01T16:00:00Z
Sheffield,2017,01-11-2017,17:00:00,18.2526365,19.67048036,20.41138308,2017-11-01T17:00:00Z
Sheffield,2017,01-11-2017,18:00:00,12.37270267,4.246621449,15.1022171,2017-11-01T18:00:00Z
Sheffield,2017,01-11-2017,19:00:00,3.918978187,0.37426203,14.24119764,2017-11-01T19:00:00Z
Sheffield,2017,01-11-2017,20:00:00,7.128665196,14.3161256,11.29242,2017-11-01T20:00:00Z
Sheffield,2017,01-11-2017,21:00:00,3.200996516,0,0,2017-11-01T21:00:00Z
Sheffield,2017,01-11-2017,22:00:00,0,0,0,2017-11-01T22:00:00Z
Sheffield,2017,01-11-2017,23:00:00,2.10512199,0,0.857915127,2017-11-01T23:00:00Z
Sheffield,2017,02-11-2017,00:00:00,0.009709469,19.04585698,12.12507094,2017-11-02T00:00:00Z
Sheffield,2017,02-11-2017,01:00:00,13.40145814,24.96072078,19.18513326,2017-11-02T01:00:00Z
Sheffield,2017,02-11-2017,02:00:00,26.5352378,47.62624595,48.99702181,2017-11-02T02:00:00Z
Sheffield,2017,02-11-2017,03:00:00,4.079361243,33.09649973,16.09756584,2017-11-02T03:00:00Z
Sheffield,2017,02-11-2017,04:00:00,11.92640435,0,12.64034714,2017-11-02T04:00:00Z
Sheffield,2017,02-11-2017,05:00:00,12.59214139,12.89973045,11.17900468,2017-11-02T05:00:00Z
Sheffield,2017,02-11-2017,06:00:00,8.164826274,16.62656444,18.41509052,2017-11-02T06:00:00Z
Sheffield,2017,02-11-2017,07:00:00,0,15.29297456,0,2017-11-02T07:00:00Z
Sheffield,2017,02-11-2017,08:00:00,0.466064313,0.430072643,9.530893048,2017-11-02T08:00:00Z
Sheffield,2017,02-11-2017,09:00:00,11.08605994,36.03333397,36.69425862,2017-11-02T09:00:00Z
Sheffield,2017,02-11-2017,10:00:00,3.257791728,1.826896026,18.29536909,2017-11-02T10:00:00Z
Sheffield,2017,02-11-2017,11:00:00,12.65325786,28.95625369,10.29565981,2017-11-02T11:00:00Z
Sheffield,2017,02-11-2017,12:00:00,0,1.953474515,0,2017-11-02T12:00:00Z
Sheffield,2017,02-11-2017,13:00:00,13.61196453,0,2.123583592,2017-11-02T13:00:00Z
Sheffield,2017,02-11-2017,14:00:00,13.80121273,24.01669135,17.22169722,2017-11-02T14:00:00Z
Sheffield,2017,02-11-2017,15:00:00,1.593055102,20.09085156,16.50111605,2017-11-02T15:00:00Z
Sheffield,2017,02-11-2017,16:00:00,19.68099532,50.07855524,27.82520025,2017-11-02T16:00:00Z
Sheffield,2017,02-11-2017,17:00:00,7.835724471,12.77593995,17.15196917,2017-11-02T17:00:00Z
Sheffield,2017,02-11-2017,18:00:00,14.16905286,17.23078598,10.308603,2017-11-02T18:00:00Z
Sheffield,2017,02-11-2017,19:00:00,0.964864205,7.759644378,1.220700415,2017-11-02T19:00:00Z
Sheffield,2017,02-11-2017,20:00:00,5.872045222,38.10371684,28.70619995,2017-11-02T20:00:00Z
Sheffield,2017,02-11-2017,21:00:00,5.7742095,11.44487981,6.139488552,2017-11-02T21:00:00Z
Sheffield,2017,02-11-2017,22:00:00,5.876792469,43.62107079,16.48660775,2017-11-02T22:00:00Z
Sheffield,2017,02-11-2017,23:00:00,20.81033349,36.44375003,26.34946626,2017-11-02T23:00:00Z
Sheffield,2017,03-11-2017,00:00:00,0,0,1.090880596,2017-11-03T00:00:00Z
Sheffield,2017,03-11-2017,01:00:00,3.57212482,9.344037972,13.54570384,2017-11-03T01:00:00Z
Sheffield,2017,03-11-2017,02:00:00,0,25.01013275,7.535309634,2017-11-03T02:00:00Z
Sheffield,2017,03-11-2017,03:00:00,4.120880253,7.490841483,18.04637343,2017-11-03T03:00:00Z
Sheffield,2017,03-11-2017,04:00:00,13.71940476,2.496685323,4.88163146,2017-11-03T04:00:00Z
Sheffield,2017,03-11-2017,05:00:00,3.948865667,0,5.546765142,2017-11-03T05:00:00Z
Sheffield,2017,03-11-2017,06:00:00,3.113526304,23.36868434,7.824127568,2017-11-03T06:00:00Z
Sheffield,2017,03-11-2017,07:00:00,5.047438362,2.419931838,0.086767139,2017-11-03T07:00:00Z
Sheffield,2017,03-11-2017,08:00:00,2.975806092,15.96212258,6.90250256,2017-11-03T08:00:00Z
Sheffield,2017,03-11-2017,09:00:00,2.649334385,21.51061819,16.72196396,2017-11-03T09:00:00Z
Sheffield,2017,03-11-2017,10:00:00,10.94511365,7.392634212,12.21556496,2017-11-03T10:00:00Z
Sheffield,2017,03-11-2017,11:00:00,24.46730747,14.75019171,17.14997423,2017-11-03T11:00:00Z
Sheffield,2017,03-11-2017,12:00:00,9.864698639,23.31219021,13.62588472,2017-11-03T12:00:00Z
Sheffield,2017,03-11-2017,13:00:00,1.744471039,22.44778024,19.72878953,2017-11-03T13:00:00Z
Sheffield,2017,03-11-2017,14:00:00,1.389021986,34.59025125,20.53533076,2017-11-03T14:00:00Z
Sheffield,2017,03-11-2017,15:00:00,13.8699054,19.2566036,19.32865099,2017-11-03T15:00:00Z
Sheffield,2017,03-11-2017,16:00:00,15.33884704,31.98160022,20.48563647,2017-11-03T16:00:00Z
Sheffield,2017,03-11-2017,17:00:00,6.17125474,10.84013951,8.211423204,2017-11-03T17:00:00Z
Sheffield,2017,03-11-2017,18:00:00,7.428789097,10.48023515,9.520604851,2017-11-03T18:00:00Z
Sheffield,2017,03-11-2017,19:00:00,8.400189015,12.35739618,10.12405075,2017-11-03T19:00:00Z
Sheffield,2017,03-11-2017,20:00:00,19.44700813,26.18885773,13.83917194,2017-11-03T20:00:00Z
Sheffield,2017,03-11-2017,21:00:00,8.620704754,0,5.724162904,2017-11-03T21:00:00Z
Sheffield,2017,03-11-2017,22:00:00,8.401934838,5.832229911,0.34127124,2017-11-03T22:00:00Z
Sheffield,2017,03-11-2017,23:00:00,22.58422156,13.61215613,27.91849532,2017-11-03T23:00:00Z
Sheffield,2017,04-11-2017,00:00:00,8.124570884,14.15638352,1.55876126,2017-11-04T00:00:00Z
Sheffield,2017,04-11-2017,01:00:00,1.273758943,10.86144422,8.801678483,2017-11-04T01:00:00Z
Sheffield,2017,04-11-2017,02:00:00,1.279173876,26.64741571,21.26711474,2017-11-04T02:00:00Z
Sheffield,2017,04-11-2017,03:00:00,0,14.57702811,16.59138091,2017-11-04T03:00:00Z
Sheffield,2017,04-11-2017,04:00:00,9.136111743,22.04203368,22.8378035,2017-11-04T04:00:00Z
Sheffield,2017,04-11-2017,05:00:00,0.037004009,20.90788602,5.210014519,2017-11-04T05:00:00Z
Sheffield,2017,04-11-2017,06:00:00,0,0,0,2017-11-04T06:00:00Z
Sheffield,2017,04-11-2017,07:00:00,15.49090055,22.1733379,22.69214936,2017-11-04T07:00:00Z
Sheffield,2017,04-11-2017,08:00:00,0,0,3.322031806,2017-11-04T08:00:00Z
Sheffield,2017,04-11-2017,09:00:00,4.119947839,3.930338739,6.013726028,2017-11-04T09:00:00Z
Sheffield,2017,04-11-2017,10:00:00,5.936083104,9.99167033,6.701976288,2017-11-04T10:00:00Z
Sheffield,2017,04-11-2017,11:00:00,8.382029647,21.29497546,8.131478969,2017-11-04T11:00:00Z
Sheffield,2017,04-11-2017,12:00:00,7.044570019,9.410059076,2.968378618,2017-11-04T12:00:00Z
Sheffield,2017,04-11-2017,13:00:00,11.70511037,18.29552212,21.7097007,2017-11-04T13:00:00Z
Sheffield,2017,04-11-2017,14:00:00,6.398990361,8.024157496,18.74774606,2017-11-04T14:00:00Z
Sheffield,2017,04-11-2017,15:00:00,4.80785162,29.6921395,23.46655858,2017-11-04T15:00:00Z
Sheffield,2017,04-11-2017,16:00:00,15.20665274,55.14236934,25.48531461,2017-11-04T16:00:00Z
Sheffield,2017,04-11-2017,17:00:00,11.37859013,37.5185699,22.39783865,2017-11-04T17:00:00Z
Sheffield,2017,04-11-2017,18:00:00,19.99666606,44.47655038,25.88901467,2017-11-04T18:00:00Z
Sheffield,2017,04-11-2017,19:00:00,3.456280354,16.84980227,8.229141131,2017-11-04T19:00:00Z
Sheffield,2017,04-11-2017,20:00:00,3.575695223,8.66245957,14.06316255,2017-11-04T20:00:00Z
Sheffield,2017,04-11-2017,21:00:00,0,11.99599495,0,2017-11-04T21:00:00Z
Sheffield,2017,04-11-2017,22:00:00,6.065563354,15.40900629,4.510636161,2017-11-04T22:00:00Z
Sheffield,2017,04-11-2017,23:00:00,2.355431099,22.40148811,13.98680058,2017-11-04T23:00:00Z
Sheffield,2017,05-11-2017,00:00:00,67.05661165,174.1001004,127.738117,2017-11-05T00:00:00Z
Sheffield,2017,05-11-2017,01:00:00,50.74164963,108.1469489,77.62642091,2017-11-05T01:00:00Z
Sheffield,2017,05-11-2017,02:00:00,40.79442296,147.9047189,99.76121327,2017-11-05T02:00:00Z
Sheffield,2017,05-11-2017,03:00:00,37.69533211,75.0414087,57.40835646,2017-11-05T03:00:00Z
Sheffield,2017,05-11-2017,04:00:00,67.94107205,124.7708536,84.57807175,2017-11-05T04:00:00Z
Sheffield,2017,05-11-2017,05:00:00,40.75515328,127.727015,77.43284444,2017-11-05T05:00:00Z
Sheffield,2017,05-11-2017,06:00:00,53.87057676,110.1148019,85.60453962,2017-11-05T06:00:00Z
Sheffield,2017,05-11-2017,07:00:00,57.2051896,165.1578568,119.0119758,2017-11-05T07:00:00Z
Sheffield,2017,05-11-2017,08:00:00,43.5597939,85.50525389,72.12589073,2017-11-05T08:00:00Z
Sheffield,2017,05-11-2017,09:00:00,24.82093885,82.4712145,63.94665556,2017-11-05T09:00:00Z
Sheffield,2017,05-11-2017,10:00:00,35.17852168,110.6091345,75.90304491,2017-11-05T10:00:00Z
Sheffield,2017,05-11-2017,11:00:00,61.79729284,143.288622,97.85581245,2017-11-05T11:00:00Z
Sheffield,2017,05-11-2017,12:00:00,23.90896764,63.28959158,49.95221113,2017-11-05T12:00:00Z
Sheffield,2017,05-11-2017,13:00:00,26.05491775,71.24455211,58.19794132,2017-11-05T13:00:00Z
Sheffield,2017,05-11-2017,14:00:00,42.16566636,118.9962501,78.84313416,2017-11-05T14:00:00Z
Sheffield,2017,05-11-2017,15:00:00,41.23007211,90.66798015,82.02404707,2017-11-05T15:00:00Z
Sheffield,2017,05-11-2017,16:00:00,50.82806049,114.736796,80.29656518,2017-11-05T16:00:00Z
Sheffield,2017,05-11-2017,17:00:00,45.78070318,136.8773045,105.6087935,2017-11-05T17:00:00Z
Sheffield,2017,05-11-2017,18:00:00,61.81325588,132.8820856,101.7759479,2017-11-05T18:00:00Z
Sheffield,2017,05-11-2017,19:00:00,39.27972579,61.53313643,48.96352047,2017-11-05T19:00:00Z
Sheffield,2017,05-11-2017,20:00:00,38.80802806,82.48398733,77.07823125,2017-11-05T20:00:00Z
Sheffield,2017,05-11-2017,21:00:00,41.93342482,107.529748,69.36703714,2017-11-05T21:00:00Z
Sheffield,2017,05-11-2017,22:00:00,32.57254595,72.03674325,55.71932505,2017-11-05T22:00:00Z
Sheffield,2017,05-11-2017,23:00:00,77.02672647,132.1552166,102.2017457,2017-11-05T23:00:00Z
Sheffield,2017,06-11-2017,00:00:00,0.721816653,31.3424989,13.06533668,2017-11-06T00:00:00Z
Sheffield,2017,06-11-2017,01:00:00,13.03413624,34.23997719,25.3806742,2017-11-06T01:00:00Z
Sheffield,2017,06-11-2017,02:00:00,12.31656116,4.7575434,12.82160116,2017-11-06T02:00:00Z
Sheffield,2017,06-11-2017,03:00:00,7.308489654,36.06686889,16.06499939,2017-11-06T03:00:00Z
Sheffield,2017,06-11-2017,04:00:00,29.10929889,25.48544911,24.74909255,2017-11-06T04:00:00Z
Sheffield,2017,06-11-2017,05:00:00,4.527181156,28.75722311,21.48075259,2017-11-06T05:00:00Z
Sheffield,2017,06-11-2017,06:00:00,9.877606945,13.24905851,17.43862727,2017-11-06T06:00:00Z
Sheffield,2017,06-11-2017,07:00:00,0.183799727,26.61253645,7.966176724,2017-11-06T07:00:00Z
Sheffield,2017,06-11-2017,08:00:00,15.7940952,40.0471828,23.17117474,2017-11-06T08:00:00Z
Sheffield,2017,06-11-2017,09:00:00,10.56915802,7.881573614,7.957610489,2017-11-06T09:00:00Z
Sheffield,2017,06-11-2017,10:00:00,15.64787472,19.31759753,18.8338311,2017-11-06T10:00:00Z
Sheffield,2017,06-11-2017,11:00:00,4.410772995,23.43291134,14.32271503,2017-11-06T11:00:00Z
Sheffield,2017,06-11-2017,12:00:00,0,0,0,2017-11-06T12:00:00Z
Sheffield,2017,06-11-2017,13:00:00,13.05231123,13.74594322,22.93905244,2017-11-06T13:00:00Z
Sheffield,2017,06-11-2017,14:00:00,5.561925697,0,5.849006327,2017-11-06T14:00:00Z
Sheffield,2017,06-11-2017,15:00:00,15.16479185,38.82955714,17.57818675,2017-11-06T15:00:00Z
Sheffield,2017,06-11-2017,16:00:00,19.54037489,5.555610798,17.49769629,2017-11-06T16:00:00Z
Sheffield,2017,06-11-2017,17:00:00,24.50159211,33.91688934,22.01956687,2017-11-06T17:00:00Z
Sheffield,2017,06-11-2017,18:00:00,9.440731541,17.02381126,17.54468783,2017-11-06T18:00:00Z
Sheffield,2017,06-11-2017,19:00:00,0.984986669,28.84568006,10.59372279,2017-11-06T19:00:00Z
Sheffield,2017,06-11-2017,20:00:00,4.975219165,10.91123095,11.94990606,2017-11-06T20:00:00Z
Sheffield,2017,06-11-2017,21:00:00,2.160060493,2.312653197,5.36672932,2017-11-06T21:00:00Z
Sheffield,2017,06-11-2017,22:00:00,5.995734578,2.745295099,11.2556324,2017-11-06T22:00:00Z
Sheffield,2017,06-11-2017,23:00:00,9.180698782,43.30152169,23.42920007,2017-11-06T23:00:00Z
Sheffield,2017,07-11-2017,00:00:00,7.489988639,0,18.26517578,2017-11-07T00:00:00Z
Sheffield,2017,07-11-2017,01:00:00,4.12655025,25.11105925,14.89594305,2017-11-07T01:00:00Z
Sheffield,2017,07-11-2017,02:00:00,0,0,0,2017-11-07T02:00:00Z
Sheffield,2017,07-11-2017,03:00:00,3.457016575,0,0,2017-11-07T03:00:00Z
Sheffield,2017,07-11-2017,04:00:00,4.151178049,26.17189085,14.76357476,2017-11-07T04:00:00Z
Sheffield,2017,07-11-2017,05:00:00,1.352513977,0,0,2017-11-07T05:00:00Z
Sheffield,2017,07-11-2017,06:00:00,6.585647673,25.51429555,17.86289221,2017-11-07T06:00:00Z
Sheffield,2017,07-11-2017,07:00:00,5.567034634,34.14923235,21.50979111,2017-11-07T07:00:00Z
Sheffield,2017,07-11-2017,08:00:00,19.03544363,40.42527553,36.2101429,2017-11-07T08:00:00Z
Sheffield,2017,07-11-2017,09:00:00,4.432861251,29.09186662,1.189528612,2017-11-07T09:00:00Z
Sheffield,2017,07-11-2017,10:00:00,15.79768936,9.107512768,0.074695516,2017-11-07T10:00:00Z
Sheffield,2017,07-11-2017,11:00:00,2.001417191,18.44077799,15.71347844,2017-11-07T11:00:00Z
Sheffield,2017,07-11-2017,12:00:00,8.061201095,44.365758,34.56717156,2017-11-07T12:00:00Z
Sheffield,2017,07-11-2017,13:00:00,17.12191706,37.0712791,17.47744845,2017-11-07T13:00:00Z
Sheffield,2017,07-11-2017,14:00:00,0,21.4420048,13.60960863,2017-11-07T14:00:00Z
Sheffield,2017,07-11-2017,15:00:00,10.61483412,40.77367515,21.53609768,2017-11-07T15:00:00Z
Sheffield,2017,07-11-2017,16:00:00,3.743345856,6.709714335,4.345188417,2017-11-07T16:00:00Z
Sheffield,2017,07-11-2017,17:00:00,12.91134397,44.43594333,26.8248236,2017-11-07T17:00:00Z
Sheffield,2017,07-11-2017,18:00:00,6.789658838,0,5.30771147,2017-11-07T18:00:00Z
Sheffield,2017,07-11-2017,19:00:00,3.461477891,1.978248716,9.495642332,2017-11-07T19:00:00Z
Sheffield,2017,07-11-2017,20:00:00,0.660690735,0,0.44878328,2017-11-07T20:00:00Z
Sheffield,2017,07-11-2017,21:00:00,5.141790588,19.79445106,5.911815894,2017-11-07T21:00:00Z
Sheffield,2017,07-11-2017,22:00:00,6.292935209,15.65611391,10.2616973,2017-11-07T22:00:00Z
Sheffield,2017,07-11-2017,23:00:00,8.755978799,18.67135765,6.943043101,2017-11-07T23:00:00Z
Sheffield,2017,08-11-2017,00:00:00,6.419244117,3.812718118,3.023184303,2017-11-08T00:00:00Z
Sheffield,2017,08-11-2017,01:00:00,0,0,11.26176665,2017-11-08T01:00:00Z
Sheffield,2017,08-11-2017,02:00:00,6.184697392,24.18256034,21.44432074,2017-11-08T02:00:00Z
Sheffield,2017,08-11-2017,03:00:00,11.98279011,21.74156985,17.2258445,2017-11-08T03:00:00Z
Sheffield,2017,08-11-2017,04:00:00,0.596300777,25.9729917,7.723698698,2017-11-08T04:00:00Z
Sheffield,2017,08-11-2017,05:00:00,18.03032843,29.81857284,17.54822349,2017-11-08T05:00:00Z
Sheffield,2017,08-11-2017,06:00:00,6.134357554,36.55460386,26.74389718,2017-11-08T06:00:00Z
Sheffield,2017,08-11-2017,07:00:00,11.97243751,38.86319781,33.55806158,2017-11-08T07:00:00Z
Sheffield,2017,08-11-2017,08:00:00,14.64309427,51.18928567,23.40749631,2017-11-08T08:00:00Z
Sheffield,2017,08-11-2017,09:00:00,8.860540771,18.78584902,11.97473569,2017-11-08T09:00:00Z
Sheffield,2017,08-11-2017,10:00:00,11.74170054,38.71027799,18.30321882,2017-11-08T10:00:00Z
Sheffield,2017,08-11-2017,11:00:00,0,2.520457963,0,2017-11-08T11:00:00Z
Sheffield,2017,08-11-2017,12:00:00,0,8.667064587,6.572645381,2017-11-08T12:00:00Z
Sheffield,2017,08-11-2017,13:00:00,17.59797749,10.6731824,7.790235296,2017-11-08T13:00:00Z
Sheffield,2017,08-11-2017,14:00:00,7.497148886,29.83721998,17.10410442,2017-11-08T14:00:00Z
Sheffield,2017,08-11-2017,15:00:00,9.285433983,33.31110241,24.69584624,2017-11-08T15:00:00Z
Sheffield,2017,08-11-2017,16:00:00,0,22.10869034,4.733240482,2017-11-08T16:00:00Z
Sheffield,2017,08-11-2017,17:00:00,9.993944417,13.80016681,23.59786527,2017-11-08T17:00:00Z
Sheffield,2017,08-11-2017,18:00:00,0.825823949,44.12416139,28.75853939,2017-11-08T18:00:00Z
Sheffield,2017,08-11-2017,19:00:00,23.00145852,29.6013262,21.37632699,2017-11-08T19:00:00Z
Sheffield,2017,08-11-2017,20:00:00,10.30495597,27.41584359,24.49390746,2017-11-08T20:00:00Z
Sheffield,2017,08-11-2017,21:00:00,10.16437561,22.23431652,21.65090357,2017-11-08T21:00:00Z
Sheffield,2017,08-11-2017,22:00:00,19.16622588,31.95585757,23.34444562,2017-11-08T22:00:00Z
Sheffield,2017,08-11-2017,23:00:00,8.795600406,20.00976347,21.52206032,2017-11-08T23:00:00Z
Sheffield,2017,09-11-2017,00:00:00,19.42179718,37.90847961,18.75625237,2017-11-09T00:00:00Z
Sheffield,2017,09-11-2017,01:00:00,11.91030228,12.64171553,18.4947179,2017-11-09T01:00:00Z
Sheffield,2017,09-11-2017,02:00:00,10.59163534,12.15704105,8.110458282,2017-11-09T02:00:00Z
Sheffield,2017,09-11-2017,03:00:00,0.299511848,20.07358373,16.22221154,2017-11-09T03:00:00Z
Sheffield,2017,09-11-2017,04:00:00,6.960917594,36.6498223,21.38665107,2017-11-09T04:00:00Z
Sheffield,2017,09-11-2017,05:00:00,8.426767558,7.243619209,10.05252169,2017-11-09T05:00:00Z
Sheffield,2017,09-11-2017,06:00:00,0,1.670768885,18.62044213,2017-11-09T06:00:00Z
Sheffield,2017,09-11-2017,07:00:00,7.77333605,6.358158184,14.06485622,2017-11-09T07:00:00Z
Sheffield,2017,09-11-2017,08:00:00,9.176920681,0,9.790199541,2017-11-09T08:00:00Z
Sheffield,2017,09-11-2017,09:00:00,10.55650425,38.84683516,23.7325836,2017-11-09T09:00:00Z
Sheffield,2017,09-11-2017,10:00:00,1.563462852,32.44631176,31.97392885,2017-11-09T10:00:00Z
Sheffield,2017,09-11-2017,11:00:00,20.8018818,21.52674079,17.65001838,2017-11-09T11:00:00Z
Sheffield,2017,09-11-2017,12:00:00,13.0596624,26.6226704,11.17506392,2017-11-09T12:00:00Z
Sheffield,2017,09-11-2017,13:00:00,14.59584162,43.97548427,18.86280473,2017-11-09T13:00:00Z
Sheffield,2017,09-11-2017,14:00:00,6.772439985,8.526219039,9.156259588,2017-11-09T14:00:00Z
Sheffield,2017,09-11-2017,15:00:00,7.744588929,32.56411086,8.247658776,2017-11-09T15:00:00Z
Sheffield,2017,09-11-2017,16:00:00,0,13.7274565,8.681873123,2017-11-09T16:00:00Z
Sheffield,2017,09-11-2017,17:00:00,13.04087931,37.9043429,15.41105818,2017-11-09T17:00:00Z
Sheffield,2017,09-11-2017,18:00:00,5.82322664,26.68037622,19.18247232,2017-11-09T18:00:00Z
Sheffield,2017,09-11-2017,19:00:00,2.008827481,6.487941866,9.500880517,2017-11-09T19:00:00Z
Sheffield,2017,09-11-2017,20:00:00,0,22.78911373,17.60716343,2017-11-09T20:00:00Z
Sheffield,2017,09-11-2017,21:00:00,12.58293009,17.65909529,16.64288282,2017-11-09T21:00:00Z
Sheffield,2017,09-11-2017,22:00:00,10.66947504,26.08454638,11.07871739,2017-11-09T22:00:00Z
Sheffield,2017,09-11-2017,23:00:00,11.05685273,22.52676797,13.53506216,2017-11-09T23:00:00Z
Sheffield,2017,10-11-2017,00:00:00,4.20756988,25.19621927,3.115029983,2017-11-10T00:00:00Z
Sheffield,2017,10-11-2017,01:00:00,18.39542885,27.90876775,16.21923873,2017-11-10T01:00:00Z
Sheffield,2017,10-11-2017,02:00:00,22.72236906,66.58116021,27.755139109999998,2017-11-10T02:00:00Z
Sheffield,2017,10-11-2017,03:00:00,9.126695242,39.49352448,14.83846463,2017-11-10T03:00:00Z
Sheffield,2017,10-11-2017,04:00:00,0.042813404,2.166205458,4.944737453,2017-11-10T04:00:00Z
Sheffield,2017,10-11-2017,05:00:00,11.52575679,26.3604519,25.42976229,2017-11-10T05:00:00Z
Sheffield,2017,10-11-2017,06:00:00,7.29384755,18.14180754,13.08902382,2017-11-10T06:00:00Z
Sheffield,2017,10-11-2017,07:00:00,4.243636633,0,0,2017-11-10T07:00:00Z
Sheffield,2017,10-11-2017,08:00:00,11.6428227,10.70193787,18.85198115,2017-11-10T08:00:00Z
Sheffield,2017,10-11-2017,09:00:00,4.44077221,17.01615941,17.02687884,2017-11-10T09:00:00Z
Sheffield,2017,10-11-2017,10:00:00,16.92096252,10.64751307,9.543579605,2017-11-10T10:00:00Z
Sheffield,2017,10-11-2017,11:00:00,7.674573267,3.090147131,12.97289899,2017-11-10T11:00:00Z
Sheffield,2017,10-11-2017,12:00:00,18.11849514,14.23450145,24.10359098,2017-11-10T12:00:00Z
Sheffield,2017,10-11-2017,13:00:00,20.1346412,41.24987112,19.19653829,2017-11-10T13:00:00Z
Sheffield,2017,10-11-2017,14:00:00,0,30.08686504,17.74387798,2017-11-10T14:00:00Z
Sheffield,2017,10-11-2017,15:00:00,1.732114152,12.99182001,7.932417971,2017-11-10T15:00:00Z
Sheffield,2017,10-11-2017,16:00:00,4.073956336,3.0437243,12.28195947,2017-11-10T16:00:00Z
Sheffield,2017,10-11-2017,17:00:00,11.21779748,3.277690601,28.29323437,2017-11-10T17:00:00Z
Sheffield,2017,10-11-2017,18:00:00,7.712344914,21.37470589,0,2017-11-10T18:00:00Z
Sheffield,2017,10-11-2017,19:00:00,15.87120932,34.40264166,19.58640563,2017-11-10T19:00:00Z
Sheffield,2017,10-11-2017,20:00:00,7.640057758,6.051673729,17.02455424,2017-11-10T20:00:00Z
Sheffield,2017,10-11-2017,21:00:00,10.66165713,28.33329105,17.54995423,2017-11-10T21:00:00Z
Sheffield,2017,10-11-2017,22:00:00,19.77527589,4.960932386,5.656077456,2017-11-10T22:00:00Z
Sheffield,2017,10-11-2017,23:00:00,6.620688595,21.4956374,14.67244694,2017-11-10T23:00:00Z
Sheffield,2018,01-11-2018,00:00:00,0,11.43527033,6.629900577,2018-11-01T00:00:00Z
Sheffield,2018,01-11-2018,01:00:00,14.01676257,31.06169615,22.55797261,2018-11-01T01:00:00Z
Sheffield,2018,01-11-2018,02:00:00,9.515920755,12.58115907,14.57168892,2018-11-01T02:00:00Z
Sheffield,2018,01-11-2018,03:00:00,3.590492772,0,6.269398,2018-11-01T03:00:00Z
Sheffield,2018,01-11-2018,04:00:00,17.83923773,20.01419005,18.24656428,2018-11-01T04:00:00Z
Sheffield,2018,01-11-2018,05:00:00,9.666541715,34.15214498,19.79001489,2018-11-01T05:00:00Z
Sheffield,2018,01-11-2018,06:00:00,5.505350518,0,0,2018-11-01T06:00:00Z
Sheffield,2018,01-11-2018,07:00:00,4.324452058,2.719225869,0,2018-11-01T07:00:00Z
Sheffield,2018,01-11-2018,08:00:00,15.48817849,24.70022017,19.76174535,2018-11-01T08:00:00Z
Sheffield,2018,01-11-2018,09:00:00,20.8189737,19.8453502,21.15624333,2018-11-01T09:00:00Z
Sheffield,2018,01-11-2018,10:00:00,12.43486035,25.30492146,15.00707382,2018-11-01T10:00:00Z
Sheffield,2018,01-11-2018,11:00:00,0,37.15281838,16.85834876,2018-11-01T11:00:00Z
Sheffield,2018,01-11-2018,12:00:00,10.06189162,7.164278036,16.71875813,2018-11-01T12:00:00Z
Sheffield,2018,01-11-2018,13:00:00,21.79689214,22.15227049,34.54533927,2018-11-01T13:00:00Z
Sheffield,2018,01-11-2018,14:00:00,9.545214597,0.484657007,5.135309926,2018-11-01T14:00:00Z
Sheffield,2018,01-11-2018,15:00:00,7.185902475,26.85013903,20.56202157,2018-11-01T15:00:00Z
Sheffield,2018,01-11-2018,16:00:00,0,17.82159064,3.801375942,2018-11-01T16:00:00Z
Sheffield,2018,01-11-2018,17:00:00,22.41902118,47.27375546,25.67515839,2018-11-01T17:00:00Z
Sheffield,2018,01-11-2018,18:00:00,7.624868111,0.418543204,17.10394262,2018-11-01T18:00:00Z
Sheffield,2018,01-11-2018,19:00:00,0.946533673,7.899487056,15.21468083,2018-11-01T19:00:00Z
Sheffield,2018,01-11-2018,20:00:00,9.248379351,6.149599698,2.230572977,2018-11-01T20:00:00Z
Sheffield,2018,01-11-2018,21:00:00,14.60014742,42.09311112,37.55307539,2018-11-01T21:00:00Z
Sheffield,2018,01-11-2018,22:00:00,0,0,0,2018-11-01T22:00:00Z
Sheffield,2018,01-11-2018,23:00:00,24.6424913,0,19.61107927,2018-11-01T23:00:00Z
Sheffield,2018,02-11-2018,00:00:00,4.064150018,44.7425057,5.972959208,2018-11-02T00:00:00Z
Sheffield,2018,02-11-2018,01:00:00,6.222718682,9.178076892,10.712294290000001,2018-11-02T01:00:00Z
Sheffield,2018,02-11-2018,02:00:00,8.736974781,8.229711383,9.642292582,2018-11-02T02:00:00Z
Sheffield,2018,02-11-2018,03:00:00,17.2267539,34.48627546,18.72415267,2018-11-02T03:00:00Z
Sheffield,2018,02-11-2018,04:00:00,11.52032615,25.86738702,12.51623216,2018-11-02T04:00:00Z
Sheffield,2018,02-11-2018,05:00:00,14.08269002,50.22763145,29.62708979,2018-11-02T05:00:00Z
Sheffield,2018,02-11-2018,06:00:00,3.930565255,1.982725154,12.9891717,2018-11-02T06:00:00Z
Sheffield,2018,02-11-2018,07:00:00,11.49680251,6.136972279,13.25939913,2018-11-02T07:00:00Z
Sheffield,2018,02-11-2018,08:00:00,3.438714436,5.09428988,4.765212232,2018-11-02T08:00:00Z
Sheffield,2018,02-11-2018,09:00:00,7.43228485,0,0,2018-11-02T09:00:00Z
Sheffield,2018,02-11-2018,10:00:00,16.96400588,22.92642719,30.84173327,2018-11-02T10:00:00Z
Sheffield,2018,02-11-2018,11:00:00,13.60447679,27.10057181,5.811908785,2018-11-02T11:00:00Z
Sheffield,2018,02-11-2018,12:00:00,5.926413271,13.48991753,12.63583363,2018-11-02T12:00:00Z
Sheffield,2018,02-11-2018,13:00:00,10.38169336,12.72296364,15.25829823,2018-11-02T13:00:00Z
Sheffield,2018,02-11-2018,14:00:00,6.068576609,19.86298661,11.57871462,2018-11-02T14:00:00Z
Sheffield,2018,02-11-2018,15:00:00,7.592218142,11.08068111,13.10899133,2018-11-02T15:00:00Z
Sheffield,2018,02-11-2018,16:00:00,7.31416164,21.96173568,11.94168903,2018-11-02T16:00:00Z
Sheffield,2018,02-11-2018,17:00:00,17.44460603,34.37880115,27.79543513,2018-11-02T17:00:00Z
Sheffield,2018,02-11-2018,18:00:00,2.921671141,23.32823385,13.44780252,2018-11-02T18:00:00Z
Sheffield,2018,02-11-2018,19:00:00,9.050779695,19.83281239,17.55536054,2018-11-02T19:00:00Z
Sheffield,2018,02-11-2018,20:00:00,0,16.97751773,0.646400862,2018-11-02T20:00:00Z
Sheffield,2018,02-11-2018,21:00:00,20.70740557,50.40785527,25.17578454,2018-11-02T21:00:00Z
Sheffield,2018,02-11-2018,22:00:00,9.095026252,34.27657526,24.72929207,2018-11-02T22:00:00Z
Sheffield,2018,02-11-2018,23:00:00,2.693142124,20.7930516,12.63372855,2018-11-02T23:00:00Z
Sheffield,2018,03-11-2018,00:00:00,5.530584775,32.77555299,9.112961873,2018-11-03T00:00:00Z
Sheffield,2018,03-11-2018,01:00:00,15.36166768,33.76414027,29.13260202,2018-11-03T01:00:00Z
Sheffield,2018,03-11-2018,02:00:00,16.37357093,18.38671393,21.60523962,2018-11-03T02:00:00Z
Sheffield,2018,03-11-2018,03:00:00,0,11.302727580000001,8.858243553,2018-11-03T03:00:00Z
Sheffield,2018,03-11-2018,04:00:00,7.516868683,4.19242717,5.082549087,2018-11-03T04:00:00Z
Sheffield,2018,03-11-2018,05:00:00,21.2942594,12.57672509,20.06920695,2018-11-03T05:00:00Z
Sheffield,2018,03-11-2018,06:00:00,5.155371742,9.755342931,9.652015857,2018-11-03T06:00:00Z
Sheffield,2018,03-11-2018,07:00:00,12.98476177,10.42396833,6.566305346,2018-11-03T07:00:00Z
Sheffield,2018,03-11-2018,08:00:00,17.72906148,16.26298548,30.50541627,2018-11-03T08:00:00Z
Sheffield,2018,03-11-2018,09:00:00,22.59038601,32.88007919,20.09848016,2018-11-03T09:00:00Z
Sheffield,2018,03-11-2018,10:00:00,7.521503676,22.98352138,22.34768026,2018-11-03T10:00:00Z
Sheffield,2018,03-11-2018,11:00:00,4.107139681,19.50291389,21.45935946,2018-11-03T11:00:00Z
Sheffield,2018,03-11-2018,12:00:00,8.766609598,0,6.651076046,2018-11-03T12:00:00Z
Sheffield,2018,03-11-2018,13:00:00,14.32641382,15.31960124,13.92114424,2018-11-03T13:00:00Z
Sheffield,2018,03-11-2018,14:00:00,24.10763249,28.84410944,19.40770893,2018-11-03T14:00:00Z
Sheffield,2018,03-11-2018,15:00:00,7.047706115,22.14949925,12.69262352,2018-11-03T15:00:00Z
Sheffield,2018,03-11-2018,16:00:00,1.262466172,8.430737051,10.45772936,2018-11-03T16:00:00Z
Sheffield,2018,03-11-2018,17:00:00,5.52542166,19.42483054,16.63520756,2018-11-03T17:00:00Z
Sheffield,2018,03-11-2018,18:00:00,11.05286098,18.16343646,21.67363951,2018-11-03T18:00:00Z
Sheffield,2018,03-11-2018,19:00:00,3.499548102,21.50416368,18.87224326,2018-11-03T19:00:00Z
Sheffield,2018,03-11-2018,20:00:00,2.265732699,21.91000907,11.4953747,2018-11-03T20:00:00Z
Sheffield,2018,03-11-2018,21:00:00,2.336125827,20.75673244,8.758641645,2018-11-03T21:00:00Z
Sheffield,2018,03-11-2018,22:00:00,14.46816604,42.13925035,35.24121131,2018-11-03T22:00:00Z
Sheffield,2018,03-11-2018,23:00:00,5.413002536,23.05733122,15.556525,2018-11-03T23:00:00Z
Sheffield,2018,04-11-2018,00:00:00,7.481328957,18.2850647,14.57943887,2018-11-04T00:00:00Z
Sheffield,2018,04-11-2018,01:00:00,21.21952293,28.14398479,15.4679017,2018-11-04T01:00:00Z
Sheffield,2018,04-11-2018,02:00:00,18.55698168,36.88874193,20.9650455,2018-11-04T02:00:00Z
Sheffield,2018,04-11-2018,03:00:00,4.677565659,15.13373054,16.44321561,2018-11-04T03:00:00Z
Sheffield,2018,04-11-2018,04:00:00,15.5415917,31.11006195,7.835854702,2018-11-04T04:00:00Z
Sheffield,2018,04-11-2018,05:00:00,5.876781831,0,0,2018-11-04T05:00:00Z
Sheffield,2018,04-11-2018,06:00:00,7.44323213,34.97141824,16.99617395,2018-11-04T06:00:00Z
Sheffield,2018,04-11-2018,07:00:00,0,4.046510893,0,2018-11-04T07:00:00Z
Sheffield,2018,04-11-2018,08:00:00,12.7766005,14.53370061,12.46620083,2018-11-04T08:00:00Z
Sheffield,2018,04-11-2018,09:00:00,1.837059389,47.44149548,24.27546596,2018-11-04T09:00:00Z
Sheffield,2018,04-11-2018,10:00:00,6.600689513,21.66097714,24.83841236,2018-11-04T10:00:00Z
Sheffield,2018,04-11-2018,11:00:00,12.11728611,22.57754153,9.723702127,2018-11-04T11:00:00Z
Sheffield,2018,04-11-2018,12:00:00,2.547606161,5.319023223,8.619191529,2018-11-04T12:00:00Z
Sheffield,2018,04-11-2018,13:00:00,6.468634025,19.39535982,11.75967439,2018-11-04T13:00:00Z
Sheffield,2018,04-11-2018,14:00:00,3.620844639,4.684540834,10.73557821,2018-11-04T14:00:00Z
Sheffield,2018,04-11-2018,15:00:00,2.117701931,0,10.11122165,2018-11-04T15:00:00Z
Sheffield,2018,04-11-2018,16:00:00,20.79815248,24.2922297,23.0148114,2018-11-04T16:00:00Z
Sheffield,2018,04-11-2018,17:00:00,8.620036952,26.04247377,23.25950263,2018-11-04T17:00:00Z
Sheffield,2018,04-11-2018,18:00:00,8.871549485,36.95729611,19.79477283,2018-11-04T18:00:00Z
Sheffield,2018,04-11-2018,19:00:00,27.98435292,41.67894763,33.02023203,2018-11-04T19:00:00Z
Sheffield,2018,04-11-2018,20:00:00,1.459911935,0,1.734154865,2018-11-04T20:00:00Z
Sheffield,2018,04-11-2018,21:00:00,0,0,0,2018-11-04T21:00:00Z
Sheffield,2018,04-11-2018,22:00:00,15.53793567,19.87904069,31.46676617,2018-11-04T22:00:00Z
Sheffield,2018,04-11-2018,23:00:00,19.20734427,20.31243197,19.13760635,2018-11-04T23:00:00Z
Sheffield,2018,05-11-2018,00:00:00,35.71247414,94.81602354,76.42919466,2018-11-05T00:00:00Z
Sheffield,2018,05-11-2018,01:00:00,74.08257604,156.0891603,109.2519308,2018-11-05T01:00:00Z
Sheffield,2018,05-11-2018,02:00:00,36.2958054,102.7681732,80.45093996,2018-11-05T02:00:00Z
Sheffield,2018,05-11-2018,03:00:00,68.46066033,116.5770339,75.59287968,2018-11-05T03:00:00Z
Sheffield,2018,05-11-2018,04:00:00,38.01071375,78.16687613,61.41280096,2018-11-05T04:00:00Z
Sheffield,2018,05-11-2018,05:00:00,51.45026987,117.1285236,88.38059315,2018-11-05T05:00:00Z
Sheffield,2018,05-11-2018,06:00:00,35.84495597,93.64365187,73.49222852,2018-11-05T06:00:00Z
Sheffield,2018,05-11-2018,07:00:00,56.85987648,125.2195486,92.74558187,2018-11-05T07:00:00Z
Sheffield,2018,05-11-2018,08:00:00,15.15223265,71.84822704,51.74751004,2018-11-05T08:00:00Z
Sheffield,2018,05-11-2018,09:00:00,46.26515429,109.0532549,87.71868325,2018-11-05T09:00:00Z
Sheffield,2018,05-11-2018,10:00:00,97.08162662,162.4490146,134.2012096,2018-11-05T10:00:00Z
Sheffield,2018,05-11-2018,11:00:00,66.33593693,119.1348563,93.73986074,2018-11-05T11:00:00Z
Sheffield,2018,05-11-2018,12:00:00,24.89470664,89.46517582,53.94776728,2018-11-05T12:00:00Z
Sheffield,2018,05-11-2018,13:00:00,42.97142089,94.08284716,74.98970959,2018-11-05T13:00:00Z
Sheffield,2018,05-11-2018,14:00:00,45.70687055,96.29838201,69.67711208,2018-11-05T14:00:00Z
Sheffield,2018,05-11-2018,15:00:00,37.48009763,87.87529117,71.75890236,2018-11-05T15:00:00Z
Sheffield,2018,05-11-2018,16:00:00,35.49911795,87.59350213,71.65129941,2018-11-05T16:00:00Z
Sheffield,2018,05-11-2018,17:00:00,64.89856391,105.2042559,90.88249632,2018-11-05T17:00:00Z
Sheffield,2018,05-11-2018,18:00:00,51.94532045,110.1874662,90.16317082,2018-11-05T18:00:00Z
Sheffield,2018,05-11-2018,19:00:00,55.12889353,119.6755593,95.43214346,2018-11-05T19:00:00Z
Sheffield,2018,05-11-2018,20:00:00,70.19228169,162.6161483,123.3237,2018-11-05T20:00:00Z
Sheffield,2018,05-11-2018,21:00:00,53.22139786,127.7726582,89.5810484,2018-11-05T21:00:00Z
Sheffield,2018,05-11-2018,22:00:00,22.97754194,56.2889167,58.08954036,2018-11-05T22:00:00Z
Sheffield,2018,05-11-2018,23:00:00,56.27299148,116.4597857,101.0152377,2018-11-05T23:00:00Z
Sheffield,2018,06-11-2018,00:00:00,17.23342854,29.85725679,30.37424254,2018-11-06T00:00:00Z
Sheffield,2018,06-11-2018,01:00:00,0.57840107,1.031879745,8.202051111,2018-11-06T01:00:00Z
Sheffield,2018,06-11-2018,02:00:00,13.17713443,27.77773661,13.97479612,2018-11-06T02:00:00Z
Sheffield,2018,06-11-2018,03:00:00,0,36.66677571,23.06468789,2018-11-06T03:00:00Z
Sheffield,2018,06-11-2018,04:00:00,5.833519502,24.50856708,15.45111433,2018-11-06T04:00:00Z
Sheffield,2018,06-11-2018,05:00:00,8.451377324,29.39481093,25.78621922,2018-11-06T05:00:00Z
Sheffield,2018,06-11-2018,06:00:00,0,7.500389057,2.025251461,2018-11-06T06:00:00Z
Sheffield,2018,06-11-2018,07:00:00,17.08431279,0,4.211818233,2018-11-06T07:00:00Z
Sheffield,2018,06-11-2018,08:00:00,2.910908247,17.41505026,16.67377229,2018-11-06T08:00:00Z
Sheffield,2018,06-11-2018,09:00:00,12.506735,30.45658454,17.13431168,2018-11-06T09:00:00Z
Sheffield,2018,06-11-2018,10:00:00,0,5.996195279,0,2018-11-06T10:00:00Z
Sheffield,2018,06-11-2018,11:00:00,11.57907511,44.03764004,32.19829804,2018-11-06T11:00:00Z
Sheffield,2018,06-11-2018,12:00:00,13.12579608,28.40620849,19.20262992,2018-11-06T12:00:00Z
Sheffield,2018,06-11-2018,13:00:00,0,21.05049476,18.40794775,2018-11-06T13:00:00Z
Sheffield,2018,06-11-2018,14:00:00,8.137759243,28.73242408,14.22403377,2018-11-06T14:00:00Z
Sheffield,2018,06-11-2018,15:00:00,15.31685296,8.283956442,16.12749392,2018-11-06T15:00:00Z
Sheffield,2018,06-11-2018,16:00:00,13.02167321,14.86873433,10.20888463,2018-11-06T16:00:00Z
Sheffield,2018,06-11-2018,17:00:00,14.43135717,27.97651725,21.43343775,2018-11-06T17:00:00Z
Sheffield,2018,06-11-2018,18:00:00,0,0,0,2018-11-06T18:00:00Z
Sheffield,2018,06-11-2018,19:00:00,8.473793354,23.12731808,12.04244239,2018-11-06T19:00:00Z
Sheffield,2018,06-11-2018,20:00:00,6.746739511,18.42062551,10.32115484,2018-11-06T20:00:00Z
Sheffield,2018,06-11-2018,21:00:00,6.767974633,8.672758894,5.847858406,2018-11-06T21:00:00Z
Sheffield,2018,06-11-2018,22:00:00,10.8748099,4.655335108,15.77238962,2018-11-06T22:00:00Z
Sheffield,2018,06-11-2018,23:00:00,20.52493367,36.91818687,27.40397844,2018-11-06T23:00:00Z
Sheffield,2018,07-11-2018,00:00:00,2.624736642,10.84959858,4.914116791,2018-11-07T00:00:00Z
Sheffield,2018,07-11-2018,01:00:00,7.531182787,8.228271576,11.57222789,2018-11-07T01:00:00Z
Sheffield,2018,07-11-2018,02:00:00,12.2543934,14.42097915,10.89054266,2018-11-07T02:00:00Z
Sheffield,2018,07-11-2018,03:00:00,16.41663531,33.96264156,15.1631703,2018-11-07T03:00:00Z
Sheffield,2018,07-11-2018,04:00:00,0,22.26444386,11.03671211,2018-11-07T04:00:00Z
Sheffield,2018,07-11-2018,05:00:00,4.175820278,10.45545906,19.31747583,2018-11-07T05:00:00Z
Sheffield,2018,07-11-2018,06:00:00,7.489163103,25.18609646,13.48482876,2018-11-07T06:00:00Z
Sheffield,2018,07-11-2018,07:00:00,3.688570237,0,0,2018-11-07T07:00:00Z
Sheffield,2018,07-11-2018,08:00:00,0,4.141248047,12.12808595,2018-11-07T08:00:00Z
Sheffield,2018,07-11-2018,09:00:00,26.55454304,30.262623,30.88230279,2018-11-07T09:00:00Z
Sheffield,2018,07-11-2018,10:00:00,1.522455649,14.16164106,4.186275225,2018-11-07T10:00:00Z
Sheffield,2018,07-11-2018,11:00:00,4.360985404,17.11466764,23.07332269,2018-11-07T11:00:00Z
Sheffield,2018,07-11-2018,12:00:00,15.82644102,19.82120476,28.0544747,2018-11-07T12:00:00Z
Sheffield,2018,07-11-2018,13:00:00,6.30995059,17.33813074,12.23896027,2018-11-07T13:00:00Z
Sheffield,2018,07-11-2018,14:00:00,2.614931671,11.86500891,10.30091705,2018-11-07T14:00:00Z
Sheffield,2018,07-11-2018,15:00:00,6.036101808,19.26562752,25.0226955,2018-11-07T15:00:00Z
Sheffield,2018,07-11-2018,16:00:00,6.81350494,19.99166717,11.08031928,2018-11-07T16:00:00Z
Sheffield,2018,07-11-2018,17:00:00,2.552026867,38.29374414,31.20209209,2018-11-07T17:00:00Z
Sheffield,2018,07-11-2018,18:00:00,16.91712968,43.76051169,27.86117672,2018-11-07T18:00:00Z
Sheffield,2018,07-11-2018,19:00:00,18.03486435,20.36672925,17.80956163,2018-11-07T19:00:00Z
Sheffield,2018,07-11-2018,20:00:00,0.526133185,0,10.71254781,2018-11-07T20:00:00Z
Sheffield,2018,07-11-2018,21:00:00,0,23.66619607,4.056127444,2018-11-07T21:00:00Z
Sheffield,2018,07-11-2018,22:00:00,6.57100507,0,1.640438165,2018-11-07T22:00:00Z
Sheffield,2018,07-11-2018,23:00:00,0,17.54738448,8.833015094,2018-11-07T23:00:00Z
Sheffield,2018,08-11-2018,00:00:00,6.432675515,46.52254344,27.97960714,2018-11-08T00:00:00Z
Sheffield,2018,08-11-2018,01:00:00,16.88814353,19.92042298,17.45181889,2018-11-08T01:00:00Z
Sheffield,2018,08-11-2018,02:00:00,3.573621206,15.49603498,6.658444943,2018-11-08T02:00:00Z
Sheffield,2018,08-11-2018,03:00:00,6.904573346,5.664139592,10.11912349,2018-11-08T03:00:00Z
Sheffield,2018,08-11-2018,04:00:00,1.711140551,29.94437357,27.60352239,2018-11-08T04:00:00Z
Sheffield,2018,08-11-2018,05:00:00,6.418433202,21.93694908,22.50060557,2018-11-08T05:00:00Z
Sheffield,2018,08-11-2018,06:00:00,16.71778446,31.11274726,17.90483485,2018-11-08T06:00:00Z
Sheffield,2018,08-11-2018,07:00:00,0,27.04680901,13.98273943,2018-11-08T07:00:00Z
Sheffield,2018,08-11-2018,08:00:00,0.189938304,14.71538984,13.74139957,2018-11-08T08:00:00Z
Sheffield,2018,08-11-2018,09:00:00,11.1863503,0,13.1457382,2018-11-08T09:00:00Z
Sheffield,2018,08-11-2018,10:00:00,9.203359723,24.01737734,0,2018-11-08T10:00:00Z
Sheffield,2018,08-11-2018,11:00:00,7.626066006,15.51264137,12.4443289,2018-11-08T11:00:00Z
Sheffield,2018,08-11-2018,12:00:00,11.32624261,31.62770725,24.05473218,2018-11-08T12:00:00Z
Sheffield,2018,08-11-2018,13:00:00,0,29.67943223,2.599756478,2018-11-08T13:00:00Z
Sheffield,2018,08-11-2018,14:00:00,11.47749068,23.00493986,13.80193999,2018-11-08T14:00:00Z
Sheffield,2018,08-11-2018,15:00:00,0,25.40887627,3.601843116,2018-11-08T15:00:00Z
Sheffield,2018,08-11-2018,16:00:00,2.29733427,15.67896597,18.15886022,2018-11-08T16:00:00Z
Sheffield,2018,08-11-2018,17:00:00,0,0,0,2018-11-08T17:00:00Z
Sheffield,2018,08-11-2018,18:00:00,15.52823315,17.99688208,13.74429888,2018-11-08T18:00:00Z
Sheffield,2018,08-11-2018,19:00:00,19.76991865,22.70879061,25.49452479,2018-11-08T19:00:00Z
Sheffield,2018,08-11-2018,20:00:00,21.50282053,32.34702344,24.93222217,2018-11-08T20:00:00Z
Sheffield,2018,08-11-2018,21:00:00,0,0,0,2018-11-08T21:00:00Z
Sheffield,2018,08-11-2018,22:00:00,8.319173278,0.365847165,10.22490375,2018-11-08T22:00:00Z
Sheffield,2018,08-11-2018,23:00:00,22.97693593,46.40090557,23.72006033,2018-11-08T23:00:00Z
Sheffield,2018,09-11-2018,00:00:00,2.055726123,8.703370443,20.57999113,2018-11-09T00:00:00Z
Sheffield,2018,09-11-2018,01:00:00,14.23258203,11.04171524,8.472974639,2018-11-09T01:00:00Z
Sheffield,2018,09-11-2018,02:00:00,2.815499472,17.67937543,8.418029568,2018-11-09T02:00:00Z
Sheffield,2018,09-11-2018,03:00:00,5.146574486,8.912650283,19.62298756,2018-11-09T03:00:00Z
Sheffield,2018,09-11-2018,04:00:00,12.82670233,16.94357791,7.520076563,2018-11-09T04:00:00Z
Sheffield,2018,09-11-2018,05:00:00,6.16428836,2.304602287,16.30416729,2018-11-09T05:00:00Z
Sheffield,2018,09-11-2018,06:00:00,16.34208404,28.63501967,21.25123865,2018-11-09T06:00:00Z
Sheffield,2018,09-11-2018,07:00:00,10.47706666,6.391892015,4.423682862,2018-11-09T07:00:00Z
Sheffield,2018,09-11-2018,08:00:00,13.52787265,18.76566268,20.25054549,2018-11-09T08:00:00Z
Sheffield,2018,09-11-2018,09:00:00,7.416472711,32.39397854,21.14936609,2018-11-09T09:00:00Z
Sheffield,2018,09-11-2018,10:00:00,1.005837432,5.268764621,4.687568257,2018-11-09T10:00:00Z
Sheffield,2018,09-11-2018,11:00:00,1.79243623,34.45781711,20.90741223,2018-11-09T11:00:00Z
Sheffield,2018,09-11-2018,12:00:00,21.51552908,29.7051119,16.27391887,2018-11-09T12:00:00Z
Sheffield,2018,09-11-2018,13:00:00,3.680165515,0,0,2018-11-09T13:00:00Z
Sheffield,2018,09-11-2018,14:00:00,16.40877789,26.70414026,10.0125943,2018-11-09T14:00:00Z
Sheffield,2018,09-11-2018,15:00:00,8.813458934,21.75103245,31.78823563,2018-11-09T15:00:00Z
Sheffield,2018,09-11-2018,16:00:00,22.55448292,59.48948946,26.98235114,2018-11-09T16:00:00Z
Sheffield,2018,09-11-2018,17:00:00,6.357537187,0,0,2018-11-09T17:00:00Z
Sheffield,2018,09-11-2018,18:00:00,13.18758296,23.20719948,22.16332413,2018-11-09T18:00:00Z
Sheffield,2018,09-11-2018,19:00:00,12.85683098,16.66592178,19.858723,2018-11-09T19:00:00Z
Sheffield,2018,09-11-2018,20:00:00,14.16496734,28.90377287,20.51200767,2018-11-09T20:00:00Z
Sheffield,2018,09-11-2018,21:00:00,0,27.22945362,16.98791978,2018-11-09T21:00:00Z
Sheffield,2018,09-11-2018,22:00:00,2.672436702,28.62134443,17.4428245,2018-11-09T22:00:00Z
Sheffield,2018,09-11-2018,23:00:00,0,30.33564247,14.98666169,2018-11-09T23:00:00Z
Sheffield,2018,10-11-2018,00:00:00,6.582535571,25.58302304,22.55638023,2018-11-10T00:00:00Z
Sheffield,2018,10-11-2018,01:00:00,15.24743251,36.7955168,18.63652165,2018-11-10T01:00:00Z
Sheffield,2018,10-11-2018,02:00:00,2.025856426,19.10601634,19.37867735,2018-11-10T02:00:00Z
Sheffield,2018,10-11-2018,03:00:00,0.322931912,17.83355659,14.32499978,2018-11-10T03:00:00Z
Sheffield,2018,10-11-2018,04:00:00,3.886701446,0,0.14100836,2018-11-10T04:00:00Z
Sheffield,2018,10-11-2018,05:00:00,12.21590803,24.17550082,23.79862483,2018-11-10T05:00:00Z
Sheffield,2018,10-11-2018,06:00:00,22.0549189,26.44499472,25.78111094,2018-11-10T06:00:00Z
Sheffield,2018,10-11-2018,07:00:00,4.934692324,10.47561106,9.930007597,2018-11-10T07:00:00Z
Sheffield,2018,10-11-2018,08:00:00,0,9.53210984,15.99244139,2018-11-10T08:00:00Z
Sheffield,2018,10-11-2018,09:00:00,12.90372887,15.11393802,10.82495419,2018-11-10T09:00:00Z
Sheffield,2018,10-11-2018,10:00:00,3.730946583,6.076419093,12.47436374,2018-11-10T10:00:00Z
Sheffield,2018,10-11-2018,11:00:00,7.6338754,6.049358203,13.65158428,2018-11-10T11:00:00Z
Sheffield,2018,10-11-2018,12:00:00,8.411654653,34.49844009,21.63226271,2018-11-10T12:00:00Z
Sheffield,2018,10-11-2018,13:00:00,3.877207275,24.99081668,11.27208288,2018-11-10T13:00:00Z
Sheffield,2018,10-11-2018,14:00:00,11.81060442,9.588165724,14.58800097,2018-11-10T14:00:00Z
Sheffield,2018,10-11-2018,15:00:00,0.73443003,14.87945553,0,2018-11-10T15:00:00Z
Sheffield,2018,10-11-2018,16:00:00,21.07609599,30.72434434,21.14402744,2018-11-10T16:00:00Z
Sheffield,2018,10-11-2018,17:00:00,0,0,4.729131023,2018-11-10T17:00:00Z
Sheffield,2018,10-11-2018,18:00:00,5.626976293,15.93687629,15.8563111,2018-11-10T18:00:00Z
Sheffield,2018,10-11-2018,19:00:00,2.279968184,0,0,2018-11-10T19:00:00Z
Sheffield,2018,10-11-2018,20:00:00,16.20932078,7.487908617,10.1962459,2018-11-10T20:00:00Z
Sheffield,2018,10-11-2018,21:00:00,4.302787072,13.04486513,16.25858669,2018-11-10T21:00:00Z
Sheffield,2018,10-11-2018,22:00:00,0,11.71111186,13.93619174,2018-11-10T22:00:00Z
Sheffield,2018,10-11-2018,23:00:00,18.07326537,31.07561031,32.89833583,2018-11-10T23:00:00Z
Sheffield,2019,01-11-2019,00:00:00,0,10.81328039,15.35006111,2019-11-01T00:00:00Z
Sheffield,2019,01-11-2019,01:00:00,4.08690242,37.03349862,17.58420236,2019-11-01T01:00:00Z
Sheffield,2019,01-11-2019,02:00:00,10.52864283,20.93962586,21.73056879,2019-11-01T02:00:00Z
Sheffield,2019,01-11-2019,03:00:00,5.47362327,0,5.746555779,2019-11-01T03:00:00Z
Sheffield,2019,01-11-2019,04:00:00,9.589090007,13.77596853,9.677957635,2019-11-01T04:00:00Z
Sheffield,2019,01-11-2019,05:00:00,8.353465174,36.91198982,18.14922457,2019-11-01T05:00:00Z
Sheffield,2019,01-11-2019,06:00:00,8.577706873,20.16588717,21.54933824,2019-11-01T06:00:00Z
Sheffield,2019,01-11-2019,07:00:00,7.783257909,0,6.42358012,2019-11-01T07:00:00Z
Sheffield,2019,01-11-2019,08:00:00,0,0,0,2019-11-01T08:00:00Z
Sheffield,2019,01-11-2019,09:00:00,0,6.370168282,18.15438905,2019-11-01T09:00:00Z
Sheffield,2019,01-11-2019,10:00:00,16.64817762,37.9884206,30.048162,2019-11-01T10:00:00Z
Sheffield,2019,01-11-2019,11:00:00,5.296128232,0,0,2019-11-01T11:00:00Z
Sheffield,2019,01-11-2019,12:00:00,14.07187675,30.39103592,26.17328797,2019-11-01T12:00:00Z
Sheffield,2019,01-11-2019,13:00:00,7.239520065,0,7.902122817,2019-11-01T13:00:00Z
Sheffield,2019,01-11-2019,14:00:00,8.621740536,16.29582366,12.28620373,2019-11-01T14:00:00Z
Sheffield,2019,01-11-2019,15:00:00,7.77553079,15.37671449,13.74243013,2019-11-01T15:00:00Z
Sheffield,2019,01-11-2019,16:00:00,19.12071367,40.69606494,37.96678226,2019-11-01T16:00:00Z
Sheffield,2019,01-11-2019,17:00:00,7.870251363,10.75404859,14.44979575,2019-11-01T17:00:00Z
Sheffield,2019,01-11-2019,18:00:00,21.82676259,39.7056216,21.09581622,2019-11-01T18:00:00Z
Sheffield,2019,01-11-2019,19:00:00,5.840361793,38.98580346,14.80958447,2019-11-01T19:00:00Z
Sheffield,2019,01-11-2019,20:00:00,10.45029223,41.55016999,23.02913811,2019-11-01T20:00:00Z
Sheffield,2019,01-11-2019,21:00:00,17.02163831,8.395832254,20.97583887,2019-11-01T21:00:00Z
Sheffield,2019,01-11-2019,22:00:00,12.81777402,28.53679273,26.98221724,2019-11-01T22:00:00Z
Sheffield,2019,01-11-2019,23:00:00,10.96625891,43.70700228,34.36779915,2019-11-01T23:00:00Z
Sheffield,2019,02-11-2019,00:00:00,3.390048799,8.329488662,13.62401004,2019-11-02T00:00:00Z
Sheffield,2019,02-11-2019,01:00:00,0,7.025419996,0.08073326,2019-11-02T01:00:00Z
Sheffield,2019,02-11-2019,02:00:00,5.260299194,18.09066698,10.47231566,2019-11-02T02:00:00Z
Sheffield,2019,02-11-2019,03:00:00,5.759965145,6.971738972,0,2019-11-02T03:00:00Z
Sheffield,2019,02-11-2019,04:00:00,11.85392596,18.19220018,11.73185687,2019-11-02T04:00:00Z
Sheffield,2019,02-11-2019,05:00:00,15.23601359,40.76214807,26.40979354,2019-11-02T05:00:00Z
Sheffield,2019,02-11-2019,06:00:00,0,11.31637095,9.23051233,2019-11-02T06:00:00Z
Sheffield,2019,02-11-2019,07:00:00,6.080082958,23.90444293,9.096639826,2019-11-02T07:00:00Z
Sheffield,2019,02-11-2019,08:00:00,9.392432651,18.83125396,11.79414585,2019-11-02T08:00:00Z
Sheffield,2019,02-11-2019,09:00:00,16.22603378,41.71196574,24.84589616,2019-11-02T09:00:00Z
Sheffield,2019,02-11-2019,10:00:00,3.942570272,10.28364701,10.9908341,2019-11-02T10:00:00Z
Sheffield,2019,02-11-2019,11:00:00,10.15666406,8.99721095,14.98595594,2019-11-02T11:00:00Z
Sheffield,2019,02-11-2019,12:00:00,23.62981544,41.19535155,28.50910959,2019-11-02T12:00:00Z
Sheffield,2019,02-11-2019,13:00:00,5.926251142,10.17458437,11.21412437,2019-11-02T13:00:00Z
Sheffield,2019,02-11-2019,14:00:00,12.50343577,46.47754762,32.84839711,2019-11-02T14:00:00Z
Sheffield,2019,02-11-2019,15:00:00,15.70860166,15.80519387,18.1968073,2019-11-02T15:00:00Z
Sheffield,2019,02-11-2019,16:00:00,2.553546888,8.119988527,0,2019-11-02T16:00:00Z
Sheffield,2019,02-11-2019,17:00:00,6.069030801,13.43126202,13.02014729,2019-11-02T17:00:00Z
Sheffield,2019,02-11-2019,18:00:00,1.367950649,7.372632424,14.59017568,2019-11-02T18:00:00Z
Sheffield,2019,02-11-2019,19:00:00,15.66598126,41.58771203,21.98883994,2019-11-02T19:00:00Z
Sheffield,2019,02-11-2019,20:00:00,1.419392607,46.71192279,17.43852468,2019-11-02T20:00:00Z
Sheffield,2019,02-11-2019,21:00:00,0,12.17602085,0.871181939,2019-11-02T21:00:00Z
Sheffield,2019,02-11-2019,22:00:00,2.226135629,0.160022635,8.75734578,2019-11-02T22:00:00Z
Sheffield,2019,02-11-2019,23:00:00,1.749287157,33.22493086,19.0485176,2019-11-02T23:00:00Z
Sheffield,2019,03-11-2019,00:00:00,18.52273311,25.94699349,23.59505017,2019-11-03T00:00:00Z
Sheffield,2019,03-11-2019,01:00:00,25.80244177,59.56860703,43.34453116,2019-11-03T01:00:00Z
Sheffield,2019,03-11-2019,02:00:00,6.056897298,11.65224991,3.027590568,2019-11-03T02:00:00Z
Sheffield,2019,03-11-2019,03:00:00,2.413974417,0,1.261451213,2019-11-03T03:00:00Z
Sheffield,2019,03-11-2019,04:00:00,1.1653840070000001,7.254424632,7.16971425,2019-11-03T04:00:00Z
Sheffield,2019,03-11-2019,05:00:00,6.975896326,2.246140617,1.398123819,2019-11-03T05:00:00Z
Sheffield,2019,03-11-2019,06:00:00,3.915941357,6.615977092,18.62216759,2019-11-03T06:00:00Z
Sheffield,2019,03-11-2019,07:00:00,10.18776817,0,1.417717252,2019-11-03T07:00:00Z
Sheffield,2019,03-11-2019,08:00:00,8.014012063,33.75278294,27.51722062,2019-11-03T08:00:00Z
Sheffield,2019,03-11-2019,09:00:00,5.603303844,20.39333315,4.884126182,2019-11-03T09:00:00Z
Sheffield,2019,03-11-2019,10:00:00,10.71833005,19.89608807,22.16356878,2019-11-03T10:00:00Z
Sheffield,2019,03-11-2019,11:00:00,6.97631017,21.90140988,6.925635665,2019-11-03T11:00:00Z
Sheffield,2019,03-11-2019,12:00:00,6.940504196,30.63139529,18.44717786,2019-11-03T12:00:00Z
Sheffield,2019,03-11-2019,13:00:00,15.19740832,32.50454479,13.71021531,2019-11-03T13:00:00Z
Sheffield,2019,03-11-2019,14:00:00,0.010286919,41.92812905,19.69236386,2019-11-03T14:00:00Z
Sheffield,2019,03-11-2019,15:00:00,0,17.90933568,11.4555453,2019-11-03T15:00:00Z
Sheffield,2019,03-11-2019,16:00:00,5.82307136,14.71744592,6.320002895,2019-11-03T16:00:00Z
Sheffield,2019,03-11-2019,17:00:00,6.723237969,12.07941724,10.16577545,2019-11-03T17:00:00Z
Sheffield,2019,03-11-2019,18:00:00,8.893732668,21.04555949,21.68029989,2019-11-03T18:00:00Z
Sheffield,2019,03-11-2019,19:00:00,14.33243812,34.49226684,23.11011308,2019-11-03T19:00:00Z
Sheffield,2019,03-11-2019,20:00:00,3.534505564,16.7872239,5.371597326,2019-11-03T20:00:00Z
Sheffield,2019,03-11-2019,21:00:00,2.546289933,0,11.64433682,2019-11-03T21:00:00Z
Sheffield,2019,03-11-2019,22:00:00,0.415336619,11.24712705,7.891195757,2019-11-03T22:00:00Z
Sheffield,2019,03-11-2019,23:00:00,6.007392861,3.153171624,12.27340555,2019-11-03T23:00:00Z
Sheffield,2019,04-11-2019,00:00:00,29.28041435,46.09360889,36.09510217,2019-11-04T00:00:00Z
Sheffield,2019,04-11-2019,01:00:00,2.04145388,0,6.757418877,2019-11-04T01:00:00Z
Sheffield,2019,04-11-2019,02:00:00,13.71297015,24.83541049,21.41132316,2019-11-04T02:00:00Z
Sheffield,2019,04-11-2019,03:00:00,2.291094843,13.99970544,23.02865081,2019-11-04T03:00:00Z
Sheffield,2019,04-11-2019,04:00:00,6.495082303,25.01337088,12.53628085,2019-11-04T04:00:00Z
Sheffield,2019,04-11-2019,05:00:00,17.18104875,53.1059623,35.3606352,2019-11-04T05:00:00Z
Sheffield,2019,04-11-2019,06:00:00,0,15.00893369,0.701557991,2019-11-04T06:00:00Z
Sheffield,2019,04-11-2019,07:00:00,8.625246606,18.19971567,5.735474653,2019-11-04T07:00:00Z
Sheffield,2019,04-11-2019,08:00:00,3.523399319,49.35382347,15.03341449,2019-11-04T08:00:00Z
Sheffield,2019,04-11-2019,09:00:00,8.292724043,16.17765427,12.99681436,2019-11-04T09:00:00Z
Sheffield,2019,04-11-2019,10:00:00,18.84787519,22.34098652,20.61953611,2019-11-04T10:00:00Z
Sheffield,2019,04-11-2019,11:00:00,10.06550182,0,21.53632346,2019-11-04T11:00:00Z
Sheffield,2019,04-11-2019,12:00:00,11.05096337,14.98182948,8.779229638,2019-11-04T12:00:00Z
Sheffield,2019,04-11-2019,13:00:00,0,0.702958471,0,2019-11-04T13:00:00Z
Sheffield,2019,04-11-2019,14:00:00,9.001543707,19.53757686,6.57651997,2019-11-04T14:00:00Z
Sheffield,2019,04-11-2019,15:00:00,4.805417151,28.38020079,14.65629733,2019-11-04T15:00:00Z
Sheffield,2019,04-11-2019,16:00:00,0,21.83961948,24.09320023,2019-11-04T16:00:00Z
Sheffield,2019,04-11-2019,17:00:00,20.37914989,53.09715206,25.73869,2019-11-04T17:00:00Z
Sheffield,2019,04-11-2019,18:00:00,0,17.36325343,8.817760839,2019-11-04T18:00:00Z
Sheffield,2019,04-11-2019,19:00:00,4.201915706,28.87037562,16.10320283,2019-11-04T19:00:00Z
Sheffield,2019,04-11-2019,20:00:00,13.31339459,11.32801835,6.572866362,2019-11-04T20:00:00Z
Sheffield,2019,04-11-2019,21:00:00,14.32201756,9.606663598,12.03622156,2019-11-04T21:00:00Z
Sheffield,2019,04-11-2019,22:00:00,21.39825221,26.99047142,23.11647779,2019-11-04T22:00:00Z
Sheffield,2019,04-11-2019,23:00:00,9.410799314,24.00145136,15.83255079,2019-11-04T23:00:00Z
Sheffield,2019,05-11-2019,00:00:00,43.41615476,93.00383568,76.20328876,2019-11-05T00:00:00Z
Sheffield,2019,05-11-2019,01:00:00,29.24167784,90.05349373,64.60577628,2019-11-05T01:00:00Z
Sheffield,2019,05-11-2019,02:00:00,60.05938086,104.4665601,87.6463658,2019-11-05T02:00:00Z
Sheffield,2019,05-11-2019,03:00:00,53.83227209,145.8299842,107.5576733,2019-11-05T03:00:00Z
Sheffield,2019,05-11-2019,04:00:00,30.97569959,73.79670196,70.81270671,2019-11-05T04:00:00Z
Sheffield,2019,05-11-2019,05:00:00,87.63289646,170.1691462,135.1066526,2019-11-05T05:00:00Z
Sheffield,2019,05-11-2019,06:00:00,38.64025451,104.4464647,76.3359175,2019-11-05T06:00:00Z
Sheffield,2019,05-11-2019,07:00:00,38.13319987,76.46289511,76.77191199,2019-11-05T07:00:00Z
Sheffield,2019,05-11-2019,08:00:00,20.0715543,59.40668976,42.6161821,2019-11-05T08:00:00Z
Sheffield,2019,05-11-2019,09:00:00,36.9492976,118.2937774,96.28660678,2019-11-05T09:00:00Z
Sheffield,2019,05-11-2019,10:00:00,60.93121936,123.281457,106.4555539,2019-11-05T10:00:00Z
Sheffield,2019,05-11-2019,11:00:00,37.8001948,59.00568619,61.19336277,2019-11-05T11:00:00Z
Sheffield,2019,05-11-2019,12:00:00,80.54979565,166.1816827,124.4521467,2019-11-05T12:00:00Z
Sheffield,2019,05-11-2019,13:00:00,63.18232621,160.7781454,121.3005145,2019-11-05T13:00:00Z
Sheffield,2019,05-11-2019,14:00:00,34.568849,70.07500321,54.97305851,2019-11-05T14:00:00Z
Sheffield,2019,05-11-2019,15:00:00,60.67084849,94.21073016,78.16531017,2019-11-05T15:00:00Z
Sheffield,2019,05-11-2019,16:00:00,40.70898605,64.92898166,53.73703568,2019-11-05T16:00:00Z
Sheffield,2019,05-11-2019,17:00:00,38.02258291,110.6363202,92.687382,2019-11-05T17:00:00Z
Sheffield,2019,05-11-2019,18:00:00,49.14762852,120.579011,95.83728648,2019-11-05T18:00:00Z
Sheffield,2019,05-11-2019,19:00:00,43.72127606,140.3769214,103.1959417,2019-11-05T19:00:00Z
Sheffield,2019,05-11-2019,20:00:00,55.29305869,138.3250778,109.0700932,2019-11-05T20:00:00Z
Sheffield,2019,05-11-2019,21:00:00,41.93350345,94.34353603,87.01356942,2019-11-05T21:00:00Z
Sheffield,2019,05-11-2019,22:00:00,30.93620399,95.28105047,78.99909378,2019-11-05T22:00:00Z
Sheffield,2019,05-11-2019,23:00:00,36.93117342,82.42218055,49.32459087,2019-11-05T23:00:00Z
Sheffield,2019,06-11-2019,00:00:00,10.86606477,7.981290701,13.684529210000001,2019-11-06T00:00:00Z
Sheffield,2019,06-11-2019,01:00:00,7.292334741,46.93621796,17.13093583,2019-11-06T01:00:00Z
Sheffield,2019,06-11-2019,02:00:00,10.28460242,17.63700262,10.73563704,2019-11-06T02:00:00Z
Sheffield,2019,06-11-2019,03:00:00,15.52333366,36.30132508,28.12511503,2019-11-06T03:00:00Z
Sheffield,2019,06-11-2019,04:00:00,3.15684623,17.67165379,6.041516075,2019-11-06T04:00:00Z
Sheffield,2019,06-11-2019,05:00:00,11.03246866,23.35438576,17.6350167,2019-11-06T05:00:00Z
Sheffield,2019,06-11-2019,06:00:00,13.30660003,23.43095381,17.72628993,2019-11-06T06:00:00Z
Sheffield,2019,06-11-2019,07:00:00,0,0,2.023772216,2019-11-06T07:00:00Z
Sheffield,2019,06-11-2019,08:00:00,2.673113968,19.87540961,18.41128393,2019-11-06T08:00:00Z
Sheffield,2019,06-11-2019,09:00:00,16.00575963,26.23780545,19.43658013,2019-11-06T09:00:00Z
Sheffield,2019,06-11-2019,10:00:00,23.68366261,5.284117612,10.20280764,2019-11-06T10:00:00Z
Sheffield,2019,06-11-2019,11:00:00,6.724115901,36.60469609,23.90791218,2019-11-06T11:00:00Z
Sheffield,2019,06-11-2019,12:00:00,2.302177653,20.43538894,2.174788601,2019-11-06T12:00:00Z
Sheffield,2019,06-11-2019,13:00:00,0,7.044170623,0,2019-11-06T13:00:00Z
Sheffield,2019,06-11-2019,14:00:00,9.795050362,0,7.801875924,2019-11-06T14:00:00Z
Sheffield,2019,06-11-2019,15:00:00,14.07710522,26.95140834,27.07882189,2019-11-06T15:00:00Z
Sheffield,2019,06-11-2019,16:00:00,7.418774678,18.72521994,20.48157477,2019-11-06T16:00:00Z
Sheffield,2019,06-11-2019,17:00:00,0,5.136567945,7.032414266,2019-11-06T17:00:00Z
Sheffield,2019,06-11-2019,18:00:00,17.22749748,41.24944756,30.51397741,2019-11-06T18:00:00Z
Sheffield,2019,06-11-2019,19:00:00,14.72186079,29.14294278,23.96937684,2019-11-06T19:00:00Z
Sheffield,2019,06-11-2019,20:00:00,3.945437936,31.44086179,9.699420306,2019-11-06T20:00:00Z
Sheffield,2019,06-11-2019,21:00:00,12.63411161,29.71316807,16.03257653,2019-11-06T21:00:00Z
Sheffield,2019,06-11-2019,22:00:00,11.92698379,30.17875644,26.07235836,2019-11-06T22:00:00Z
Sheffield,2019,06-11-2019,23:00:00,8.355670184,0,4.40805006,2019-11-06T23:00:00Z
Sheffield,2019,07-11-2019,00:00:00,15.50603691,22.72465524,11.41447863,2019-11-07T00:00:00Z
Sheffield,2019,07-11-2019,01:00:00,0,12.07862932,9.205336611,2019-11-07T01:00:00Z
Sheffield,2019,07-11-2019,02:00:00,4.610469457,6.578271256,6.358929035,2019-11-07T02:00:00Z
Sheffield,2019,07-11-2019,03:00:00,11.08002198,18.8084985,6.941007869,2019-11-07T03:00:00Z
Sheffield,2019,07-11-2019,04:00:00,16.01736219,5.108937403,24.89362282,2019-11-07T04:00:00Z
Sheffield,2019,07-11-2019,05:00:00,19.10696528,26.88411156,13.68998726,2019-11-07T05:00:00Z
Sheffield,2019,07-11-2019,06:00:00,0,29.7343938,24.23412335,2019-11-07T06:00:00Z
Sheffield,2019,07-11-2019,07:00:00,17.82322388,7.48611514,12.82960708,2019-11-07T07:00:00Z
Sheffield,2019,07-11-2019,08:00:00,8.323515615,27.80319487,10.72583406,2019-11-07T08:00:00Z
Sheffield,2019,07-11-2019,09:00:00,22.68247119,20.60394378,17.93065648,2019-11-07T09:00:00Z
Sheffield,2019,07-11-2019,10:00:00,15.50764688,46.774099,42.20714699,2019-11-07T10:00:00Z
Sheffield,2019,07-11-2019,11:00:00,11.93883666,55.11413015,26.44731013,2019-11-07T11:00:00Z
Sheffield,2019,07-11-2019,12:00:00,4.06279622,0,12.17550978,2019-11-07T12:00:00Z
Sheffield,2019,07-11-2019,13:00:00,11.60097977,32.70186419,7.380555562,2019-11-07T13:00:00Z
Sheffield,2019,07-11-2019,14:00:00,5.449463849,27.92663869,6.580394555,2019-11-07T14:00:00Z
Sheffield,2019,07-11-2019,15:00:00,13.27334793,0,15.7160298,2019-11-07T15:00:00Z
Sheffield,2019,07-11-2019,16:00:00,14.48379618,22.35456759,8.796173991,2019-11-07T16:00:00Z
Sheffield,2019,07-11-2019,17:00:00,0,0,3.711023942,2019-11-07T17:00:00Z
Sheffield,2019,07-11-2019,18:00:00,10.3672453,33.0563695,22.22726547,2019-11-07T18:00:00Z
Sheffield,2019,07-11-2019,19:00:00,12.58318182,41.25631151,25.6781703,2019-11-07T19:00:00Z
Sheffield,2019,07-11-2019,20:00:00,5.856855157,20.24797734,15.0878078,2019-11-07T20:00:00Z
Sheffield,2019,07-11-2019,21:00:00,0.405036027,2.239583613,0,2019-11-07T21:00:00Z
Sheffield,2019,07-11-2019,22:00:00,0.245464474,0,0,2019-11-07T22:00:00Z
Sheffield,2019,07-11-2019,23:00:00,23.08809321,29.17173236,27.09526999,2019-11-07T23:00:00Z
Sheffield,2019,08-11-2019,00:00:00,19.47724231,7.925355831,23.4114738,2019-11-08T00:00:00Z
Sheffield,2019,08-11-2019,01:00:00,11.25586402,29.41718596,17.069039449999998,2019-11-08T01:00:00Z
Sheffield,2019,08-11-2019,02:00:00,12.25767375,52.93006576,21.12325798,2019-11-08T02:00:00Z
Sheffield,2019,08-11-2019,03:00:00,10.94910382,19.58322826,24.85304729,2019-11-08T03:00:00Z
Sheffield,2019,08-11-2019,04:00:00,0,13.11221343,10.26001334,2019-11-08T04:00:00Z
Sheffield,2019,08-11-2019,05:00:00,0.144916594,16.25427452,1.1233317840000001,2019-11-08T05:00:00Z
Sheffield,2019,08-11-2019,06:00:00,6.076370373,13.36818343,13.17743966,2019-11-08T06:00:00Z
Sheffield,2019,08-11-2019,07:00:00,18.95121256,27.47408485,28.6033123,2019-11-08T07:00:00Z
Sheffield,2019,08-11-2019,08:00:00,9.915371544,48.17167611,33.71736783,2019-11-08T08:00:00Z
Sheffield,2019,08-11-2019,09:00:00,12.83430266,34.21855634,13.6306622,2019-11-08T09:00:00Z
Sheffield,2019,08-11-2019,10:00:00,19.63970812,0,8.380105664,2019-11-08T10:00:00Z
Sheffield,2019,08-11-2019,11:00:00,5.632310222,1.290990563,9.267816996,2019-11-08T11:00:00Z
Sheffield,2019,08-11-2019,12:00:00,3.42461082,7.21938287,7.306527239,2019-11-08T12:00:00Z
Sheffield,2019,08-11-2019,13:00:00,2.548019246,32.86995183,7.89331728,2019-11-08T13:00:00Z
Sheffield,2019,08-11-2019,14:00:00,11.42469814,41.34773724,18.84244291,2019-11-08T14:00:00Z
Sheffield,2019,08-11-2019,15:00:00,17.57617082,33.47581836,19.61155204,2019-11-08T15:00:00Z
Sheffield,2019,08-11-2019,16:00:00,9.013910707,8.78642877,10.14405775,2019-11-08T16:00:00Z
Sheffield,2019,08-11-2019,17:00:00,1.408289877,24.21879568,13.80756436,2019-11-08T17:00:00Z
Sheffield,2019,08-11-2019,18:00:00,1.256635232,10.11790822,11.50554284,2019-11-08T18:00:00Z
Sheffield,2019,08-11-2019,19:00:00,12.17724861,17.15227843,8.26405492,2019-11-08T19:00:00Z
Sheffield,2019,08-11-2019,20:00:00,17.49096112,43.25142668,17.55777438,2019-11-08T20:00:00Z
Sheffield,2019,08-11-2019,21:00:00,11.6088604,5.406989417,7.751361264,2019-11-08T21:00:00Z
Sheffield,2019,08-11-2019,22:00:00,7.336322397,11.8736908,8.004872391,2019-11-08T22:00:00Z
Sheffield,2019,08-11-2019,23:00:00,0,21.13755617,12.89081128,2019-11-08T23:00:00Z
Sheffield,2019,09-11-2019,00:00:00,15.15838302,41.38995169,28.71747493,2019-11-09T00:00:00Z
Sheffield,2019,09-11-2019,01:00:00,10.40182779,42.18428259,15.26051487,2019-11-09T01:00:00Z
Sheffield,2019,09-11-2019,02:00:00,17.48514491,4.892891778,8.524107177,2019-11-09T02:00:00Z
Sheffield,2019,09-11-2019,03:00:00,21.99552378,42.20624137,33.05303395,2019-11-09T03:00:00Z
Sheffield,2019,09-11-2019,04:00:00,0.267881021,3.05147987,4.672369017,2019-11-09T04:00:00Z
Sheffield,2019,09-11-2019,05:00:00,17.29250893,24.71546459,12.45297735,2019-11-09T05:00:00Z
Sheffield,2019,09-11-2019,06:00:00,10.53678792,1.542162523,6.253830375,2019-11-09T06:00:00Z
Sheffield,2019,09-11-2019,07:00:00,14.28258866,16.914565,21.5352542,2019-11-09T07:00:00Z
Sheffield,2019,09-11-2019,08:00:00,1.226715042,25.87200026,27.56993035,2019-11-09T08:00:00Z
Sheffield,2019,09-11-2019,09:00:00,6.681758867,23.38585999,15.34644162,2019-11-09T09:00:00Z
Sheffield,2019,09-11-2019,10:00:00,10.15110881,10.55608085,9.990862984,2019-11-09T10:00:00Z
Sheffield,2019,09-11-2019,11:00:00,20.96607751,28.83200565,22.52270758,2019-11-09T11:00:00Z
Sheffield,2019,09-11-2019,12:00:00,7.490343632,3.529455201,10.35949432,2019-11-09T12:00:00Z
Sheffield,2019,09-11-2019,13:00:00,11.91841285,0,7.775340076,2019-11-09T13:00:00Z
Sheffield,2019,09-11-2019,14:00:00,0,12.07125712,10.13969552,2019-11-09T14:00:00Z
Sheffield,2019,09-11-2019,15:00:00,3.925100417,41.04086699,20.96251918,2019-11-09T15:00:00Z
Sheffield,2019,09-11-2019,16:00:00,1.968746609,0,0.866130248,2019-11-09T16:00:00Z
Sheffield,2019,09-11-2019,17:00:00,0,28.89078726,17.47045988,2019-11-09T17:00:00Z
Sheffield,2019,09-11-2019,18:00:00,1.594260072,28.63868428,10.96786671,2019-11-09T18:00:00Z
Sheffield,2019,09-11-2019,19:00:00,27.85656608,46.03940352,26.70191241,2019-11-09T19:00:00Z
Sheffield,2019,09-11-2019,20:00:00,5.30957236,0,0.748060434,2019-11-09T20:00:00Z
Sheffield,2019,09-11-2019,21:00:00,4.919413678,58.22554845,8.935061544,2019-11-09T21:00:00Z
Sheffield,2019,09-11-2019,22:00:00,12.95511943,13.4940896,15.52614268,2019-11-09T22:00:00Z
Sheffield,2019,09-11-2019,23:00:00,2.260119703,38.68587882,21.33853553,2019-11-09T23:00:00Z
Sheffield,2019,10-11-2019,00:00:00,5.56414615,3.241801783,12.78582411,2019-11-10T00:00:00Z
Sheffield,2019,10-11-2019,01:00:00,16.72788728,26.1906527,14.62956015,2019-11-10T01:00:00Z
Sheffield,2019,10-11-2019,02:00:00,7.608639608,0,15.09806812,2019-11-10T02:00:00Z
Sheffield,2019,10-11-2019,03:00:00,13.81523617,15.25347249,2.645309952,2019-11-10T03:00:00Z
Sheffield,2019,10-11-2019,04:00:00,1.069813007,0,3.070620357,2019-11-10T04:00:00Z
Sheffield,2019,10-11-2019,05:00:00,6.557993668,18.42272503,10.77161491,2019-11-10T05:00:00Z
Sheffield,2019,10-11-2019,06:00:00,17.86100127,37.09990814,26.60356794,2019-11-10T06:00:00Z
Sheffield,2019,10-11-2019,07:00:00,11.19087237,16.5182626,4.472658405,2019-11-10T07:00:00Z
Sheffield,2019,10-11-2019,08:00:00,14.92187914,32.0467638,28.50847241,2019-11-10T08:00:00Z
Sheffield,2019,10-11-2019,09:00:00,16.78913016,45.38765626,21.15053838,2019-11-10T09:00:00Z
Sheffield,2019,10-11-2019,10:00:00,4.236336972,23.62493171,27.31768787,2019-11-10T10:00:00Z
Sheffield,2019,10-11-2019,11:00:00,20.80659962,24.61937247,11.72647266,2019-11-10T11:00:00Z
Sheffield,2019,10-11-2019,12:00:00,8.064602758,21.15744634,24.48364325,2019-11-10T12:00:00Z
Sheffield,2019,10-11-2019,13:00:00,5.622702344,12.93740994,15.73913932,2019-11-10T13:00:00Z
Sheffield,2019,10-11-2019,14:00:00,16.06851701,5.945113875,7.525419177,2019-11-10T14:00:00Z
Sheffield,2019,10-11-2019,15:00:00,0,9.155172885,16.35786483,2019-11-10T15:00:00Z
Sheffield,2019,10-11-2019,16:00:00,0,2.59929582,17.71659941,2019-11-10T16:00:00Z
Sheffield,2019,10-11-2019,17:00:00,6.4244706,2.441176557,0,2019-11-10T17:00:00Z
Sheffield,2019,10-11-2019,18:00:00,19.54108441,25.46492321,22.17041801,2019-11-10T18:00:00Z
Sheffield,2019,10-11-2019,19:00:00,9.689643124,20.93216485,17.35245144,2019-11-10T19:00:00Z
Sheffield,2019,10-11-2019,20:00:00,1.432309283,0,4.996918093,2019-11-10T20:00:00Z
Sheffield,2019,10-11-2019,21:00:00,6.73367496,19.60045183,14.77393703,2019-11-10T21:00:00Z
Sheffield,2019,10-11-2019,22:00:00,12.52325219,20.17358486,11.79159449,2019-11-10T22:00:00Z
Sheffield,2019,10-11-2019,23:00:00,18.29634157,45.64230853,24.33148298,2019-11-10T23:00:00Z
Sheffield,2020,01-11-2020,00:00:00,10.29644436,37.12924616,5.308938638,2020-11-01T00:00:00Z
Sheffield,2020,01-11-2020,01:00:00,15.12558746,7.014331322,9.54049151,2020-11-01T01:00:00Z
Sheffield,2020,01-11-2020,02:00:00,0,28.21534312,9.990692758,2020-11-01T02:00:00Z
Sheffield,2020,01-11-2020,03:00:00,7.70371602,8.96046064,11.2849002,2020-11-01T03:00:00Z
Sheffield,2020,01-11-2020,04:00:00,3.390320335,28.26128609,10.41199284,2020-11-01T04:00:00Z
Sheffield,2020,01-11-2020,05:00:00,11.11656656,10.53199585,14.84161196,2020-11-01T05:00:00Z
Sheffield,2020,01-11-2020,06:00:00,13.13855861,14.14298489,13.4489927,2020-11-01T06:00:00Z
Sheffield,2020,01-11-2020,07:00:00,13.89455295,34.34715564,21.15743663,2020-11-01T07:00:00Z
Sheffield,2020,01-11-2020,08:00:00,1.873344632,-1.581516988,3.089569589,2020-11-01T08:00:00Z
Sheffield,2020,01-11-2020,09:00:00,6.658474815,20.14996238,10.87676913,2020-11-01T09:00:00Z
Sheffield,2020,01-11-2020,10:00:00,0.842564477,14.45640124,9.594379195,2020-11-01T10:00:00Z
Sheffield,2020,01-11-2020,11:00:00,10.25078729,7.255046457,7.660206272,2020-11-01T11:00:00Z
Sheffield,2020,01-11-2020,12:00:00,8.737055938,23.23411608,17.13952241,2020-11-01T12:00:00Z
Sheffield,2020,01-11-2020,13:00:00,14.01758817,39.41757526,26.53763303,2020-11-01T13:00:00Z
Sheffield,2020,01-11-2020,14:00:00,6.63811851,10.94863626,17.16630076,2020-11-01T14:00:00Z
Sheffield,2020,01-11-2020,15:00:00,17.45191669,29.38361841,26.24328438,2020-11-01T15:00:00Z
Sheffield,2020,01-11-2020,16:00:00,24.07237427,42.14384039,33.80962471,2020-11-01T16:00:00Z
Sheffield,2020,01-11-2020,17:00:00,15.77889262,21.69410032,20.72812422,2020-11-01T17:00:00Z
Sheffield,2020,01-11-2020,18:00:00,8.359697813,3.386898989,13.02222617,2020-11-01T18:00:00Z
Sheffield,2020,01-11-2020,19:00:00,4.716828222,3.924029043,17.61063846,2020-11-01T19:00:00Z
Sheffield,2020,01-11-2020,20:00:00,6.763236083,15.2960958,11.5078747,2020-11-01T20:00:00Z
Sheffield,2020,01-11-2020,21:00:00,4.353661325,0.101873538,-1.522799044,2020-11-01T21:00:00Z
Sheffield,2020,01-11-2020,22:00:00,1.782702431,-3.180620568,-5.639499336,2020-11-01T22:00:00Z
Sheffield,2020,01-11-2020,23:00:00,0,-8.464497033,-4.616351208,2020-11-01T23:00:00Z
Sheffield,2020,02-11-2020,00:00:00,1.19348425,19.62650659,14.80727662,2020-11-02T00:00:00Z
Sheffield,2020,02-11-2020,01:00:00,14.28105498,23.59726758,17.79691658,2020-11-02T01:00:00Z
Sheffield,2020,02-11-2020,02:00:00,22.3741807,51.25963005,45.56430313,2020-11-02T02:00:00Z
Sheffield,2020,02-11-2020,03:00:00,6.51992502,35.33639257,16.20438431,2020-11-02T03:00:00Z
Sheffield,2020,02-11-2020,04:00:00,7.609366886,-0.684220168,10.21579404,2020-11-02T04:00:00Z
Sheffield,2020,02-11-2020,05:00:00,13.51176222,10.24228684,13.2084296,2020-11-02T05:00:00Z
Sheffield,2020,02-11-2020,06:00:00,12.16588375,13.10037696,20.05773656,2020-11-02T06:00:00Z
Sheffield,2020,02-11-2020,07:00:00,0,7.775697825,-2.339175808,2020-11-02T07:00:00Z
Sheffield,2020,02-11-2020,08:00:00,0,5.804398446,4.293126506,2020-11-02T08:00:00Z
Sheffield,2020,02-11-2020,09:00:00,11.88707664,35.32358384,34.49219955,2020-11-02T09:00:00Z
Sheffield,2020,02-11-2020,10:00:00,0,3.432195386,10.62102419,2020-11-02T10:00:00Z
Sheffield,2020,02-11-2020,11:00:00,13.18175876,30.02920143,15.21305117,2020-11-02T11:00:00Z
Sheffield,2020,02-11-2020,12:00:00,0,3.52402149,-4.927382427,2020-11-02T12:00:00Z
Sheffield,2020,02-11-2020,13:00:00,9.820189621,-21.32379852,-0.893238668,2020-11-02T13:00:00Z
Sheffield,2020,02-11-2020,14:00:00,12.36323426,25.93019843,17.4594954,2020-11-02T14:00:00Z
Sheffield,2020,02-11-2020,15:00:00,1.012383182,19.04516638,10.8667389,2020-11-02T15:00:00Z
Sheffield,2020,02-11-2020,16:00:00,13.93851059,45.63239736,24.06900428,2020-11-02T16:00:00Z
Sheffield,2020,02-11-2020,17:00:00,9.69781892,9.434726143,16.61454818,2020-11-02T17:00:00Z
Sheffield,2020,02-11-2020,18:00:00,11.08292038,19.89899881,16.48638578,2020-11-02T18:00:00Z
Sheffield,2020,02-11-2020,19:00:00,4.126480769,8.537028889,1.577849718,2020-11-02T19:00:00Z
Sheffield,2020,02-11-2020,20:00:00,11.98305542,36.50345523,30.63338101,2020-11-02T20:00:00Z
Sheffield,2020,02-11-2020,21:00:00,4.889923916,9.069666586,9.101899716,2020-11-02T21:00:00Z
Sheffield,2020,02-11-2020,22:00:00,1.137992498,42.03846299,17.56803339,2020-11-02T22:00:00Z
Sheffield,2020,02-11-2020,23:00:00,18.64713343,36.35402097,28.91481389,2020-11-02T23:00:00Z
Sheffield,2020,03-11-2020,00:00:00,0,-7.622436979,2.475838162,2020-11-03T00:00:00Z
Sheffield,2020,03-11-2020,01:00:00,9.153940243,11.31686056,16.24496996,2020-11-03T01:00:00Z
Sheffield,2020,03-11-2020,02:00:00,2.129163417,20.27821354,9.718328592,2020-11-03T02:00:00Z
Sheffield,2020,03-11-2020,03:00:00,6.086125081,6.631497532,11.61236466,2020-11-03T03:00:00Z
Sheffield,2020,03-11-2020,04:00:00,10.39953388,-5.336360569,5.269922672,2020-11-03T04:00:00Z
Sheffield,2020,03-11-2020,05:00:00,11.88880303,-1.521803598,3.546125264,2020-11-03T05:00:00Z
Sheffield,2020,03-11-2020,06:00:00,2.052286681,27.12269073,10.08768143,2020-11-03T06:00:00Z
Sheffield,2020,03-11-2020,07:00:00,9.486926995,5.337354468,3.483786723,2020-11-03T07:00:00Z
Sheffield,2020,03-11-2020,08:00:00,0,14.75953181,4.928809562,2020-11-03T08:00:00Z
Sheffield,2020,03-11-2020,09:00:00,9.902555662,22.13327711,15.28387703,2020-11-03T09:00:00Z
Sheffield,2020,03-11-2020,10:00:00,10.95691546,3.096232479,15.82664594,2020-11-03T10:00:00Z
Sheffield,2020,03-11-2020,11:00:00,22.28846983,19.06661164,25.1517272,2020-11-03T11:00:00Z
Sheffield,2020,03-11-2020,12:00:00,14.23942622,20.33438657,15.16386333,2020-11-03T12:00:00Z
Sheffield,2020,03-11-2020,13:00:00,4.663757463,19.595327,20.11226656,2020-11-03T13:00:00Z
Sheffield,2020,03-11-2020,14:00:00,5.360870196,31.75826164,21.98885007,2020-11-03T14:00:00Z
Sheffield,2020,03-11-2020,15:00:00,12.59397196,23.08275233,20.79907671,2020-11-03T15:00:00Z
Sheffield,2020,03-11-2020,16:00:00,14.94201558,32.44077051,18.27901119,2020-11-03T16:00:00Z
Sheffield,2020,03-11-2020,17:00:00,5.857160548,8.018959062,7.874443583,2020-11-03T17:00:00Z
Sheffield,2020,03-11-2020,18:00:00,13.34261991,14.1130504,14.03800818,2020-11-03T18:00:00Z
Sheffield,2020,03-11-2020,19:00:00,9.151397653,12.71051947,8.229608926,2020-11-03T19:00:00Z
Sheffield,2020,03-11-2020,20:00:00,19.16124929,26.10053557,18.3827373,2020-11-03T20:00:00Z
Sheffield,2020,03-11-2020,21:00:00,7.716773006,1.079199814,8.259340904,2020-11-03T21:00:00Z
Sheffield,2020,03-11-2020,22:00:00,0.454618318,10.70128553,1.484090253,2020-11-03T22:00:00Z
Sheffield,2020,03-11-2020,23:00:00,19.75785189,18.29060674,25.48418037,2020-11-03T23:00:00Z
Sheffield,2020,04-11-2020,00:00:00,4.618387682,10.64355703,3.310091616,2020-11-04T00:00:00Z
Sheffield,2020,04-11-2020,01:00:00,4.912470856,9.087518261,5.865521801,2020-11-04T01:00:00Z
Sheffield,2020,04-11-2020,02:00:00,3.440898131,25.58200194,17.32310341,2020-11-04T02:00:00Z
Sheffield,2020,04-11-2020,03:00:00,0,13.67188363,13.31027693,2020-11-04T03:00:00Z
Sheffield,2020,04-11-2020,04:00:00,11.39959546,21.43566203,23.24689731,2020-11-04T04:00:00Z
Sheffield,2020,04-11-2020,05:00:00,2.637307469,19.01684799,5.502205255,2020-11-04T05:00:00Z
Sheffield,2020,04-11-2020,06:00:00,0,-14.75265801,-9.823589709,2020-11-04T06:00:00Z
Sheffield,2020,04-11-2020,07:00:00,14.94763757,22.54941519,20.22458814,2020-11-04T07:00:00Z
Sheffield,2020,04-11-2020,08:00:00,1.063236959,-5.266373013,3.440476697,2020-11-04T08:00:00Z
Sheffield,2020,04-11-2020,09:00:00,4.417356477,7.020563489,13.37154306,2020-11-04T09:00:00Z
Sheffield,2020,04-11-2020,10:00:00,3.236978188,10.41536589,6.455412632,2020-11-04T10:00:00Z
Sheffield,2020,04-11-2020,11:00:00,6.702851726,19.99273016,8.942072533,2020-11-04T11:00:00Z
Sheffield,2020,04-11-2020,12:00:00,6.971112243,6.483891292,5.538198516,2020-11-04T12:00:00Z
Sheffield,2020,04-11-2020,13:00:00,17.98577774,20.39848089,22.94919099,2020-11-04T13:00:00Z
Sheffield,2020,04-11-2020,14:00:00,8.303681666,11.65143918,17.78136172,2020-11-04T14:00:00Z
Sheffield,2020,04-11-2020,15:00:00,3.965446533,32.49424906,19.41370992,2020-11-04T15:00:00Z
Sheffield,2020,04-11-2020,16:00:00,13.43726668,53.15971485,25.84195051,2020-11-04T16:00:00Z
Sheffield,2020,04-11-2020,17:00:00,10.09974245,39.41799236,20.12663647,2020-11-04T17:00:00Z
Sheffield,2020,04-11-2020,18:00:00,14.23696136,43.54162757,21.71835473,2020-11-04T18:00:00Z
Sheffield,2020,04-11-2020,19:00:00,0.437391871,14.93473179,10.22658687,2020-11-04T19:00:00Z
Sheffield,2020,04-11-2020,20:00:00,5.688691164,10.55109996,11.42946108,2020-11-04T20:00:00Z
Sheffield,2020,04-11-2020,21:00:00,2.921802603,10.96704869,-1.066400133,2020-11-04T21:00:00Z
Sheffield,2020,04-11-2020,22:00:00,4.827606476,17.93494494,8.216565963,2020-11-04T22:00:00Z
Sheffield,2020,04-11-2020,23:00:00,7.253950709,20.46328367,12.01387007,2020-11-04T23:00:00Z
Sheffield,2020,05-11-2020,00:00:00,67.81921809,173.6611663,130.7958329,2020-11-05T00:00:00Z
Sheffield,2020,05-11-2020,01:00:00,52.37183193,109.4741512,76.74914948,2020-11-05T01:00:00Z
Sheffield,2020,05-11-2020,02:00:00,43.77565866,144.0881256,100.4046221,2020-11-05T02:00:00Z
Sheffield,2020,05-11-2020,03:00:00,37.55523456,74.33383048,58.36783071,2020-11-05T03:00:00Z
Sheffield,2020,05-11-2020,04:00:00,61.61422459,120.7416491,83.12698866,2020-11-05T04:00:00Z
Sheffield,2020,05-11-2020,05:00:00,41.45632989,128.17064,83.30023497,2020-11-05T05:00:00Z
Sheffield,2020,05-11-2020,06:00:00,55.73435609,114.2493491,81.19620685,2020-11-05T06:00:00Z
Sheffield,2020,05-11-2020,07:00:00,64.42434554,167.8576958,114.9209344,2020-11-05T07:00:00Z
Sheffield,2020,05-11-2020,08:00:00,41.63281686,85.21912674,74.05395469,2020-11-05T08:00:00Z
Sheffield,2020,05-11-2020,09:00:00,23.05532605,82.77242676,63.51461637,2020-11-05T09:00:00Z
Sheffield,2020,05-11-2020,10:00:00,37.01336448,110.818186,75.22780896,2020-11-05T10:00:00Z
Sheffield,2020,05-11-2020,11:00:00,58.37695814,140.7913423,96.34267931,2020-11-05T11:00:00Z
Sheffield,2020,05-11-2020,12:00:00,17.37340481,61.50286911,47.01795132,2020-11-05T12:00:00Z
Sheffield,2020,05-11-2020,13:00:00,31.85981985,71.9459787,63.25180248,2020-11-05T13:00:00Z
Sheffield,2020,05-11-2020,14:00:00,45.14999232,115.663012,83.38917759,2020-11-05T14:00:00Z
Sheffield,2020,05-11-2020,15:00:00,40.64655787,87.00928726,76.49134514,2020-11-05T15:00:00Z
Sheffield,2020,05-11-2020,16:00:00,45.5174048,112.2405631,82.78053125,2020-11-05T16:00:00Z
Sheffield,2020,05-11-2020,17:00:00,47.74905896,133.6741292,107.1816591,2020-11-05T17:00:00Z
Sheffield,2020,05-11-2020,18:00:00,59.81152376,135.4371148,108.4183709,2020-11-05T18:00:00Z
Sheffield,2020,05-11-2020,19:00:00,33.95020662,62.34276946,51.35879355,2020-11-05T19:00:00Z
Sheffield,2020,05-11-2020,20:00:00,36.63438909,78.94092631,74.40315994,2020-11-05T20:00:00Z
Sheffield,2020,05-11-2020,21:00:00,39.82333958,106.4408439,73.11735075,2020-11-05T21:00:00Z
Sheffield,2020,05-11-2020,22:00:00,31.24290826,69.89795898,54.9376726,2020-11-05T22:00:00Z
Sheffield,2020,05-11-2020,23:00:00,80.90170484,134.6426536,105.0873272,2020-11-05T23:00:00Z
Sheffield,2020,06-11-2020,00:00:00,0,26.33486396,12.13288991,2020-11-06T00:00:00Z
Sheffield,2020,06-11-2020,01:00:00,12.0865014,34.580924,24.20481552,2020-11-06T01:00:00Z
Sheffield,2020,06-11-2020,02:00:00,10.21418938,11.13223725,16.78687662,2020-11-06T02:00:00Z
Sheffield,2020,06-11-2020,03:00:00,8.949337672,32.70616838,15.08125455,2020-11-06T03:00:00Z
Sheffield,2020,06-11-2020,04:00:00,26.20217352,24.99014663,23.61255658,2020-11-06T04:00:00Z
Sheffield,2020,06-11-2020,05:00:00,3.892114542,29.82781566,19.34774854,2020-11-06T05:00:00Z
Sheffield,2020,06-11-2020,06:00:00,10.6109439,8.26204724,19.85358541,2020-11-06T06:00:00Z
Sheffield,2020,06-11-2020,07:00:00,0.245024312,22.46585452,5.847587191,2020-11-06T07:00:00Z
Sheffield,2020,06-11-2020,08:00:00,16.66401563,39.29868083,21.94093658,2020-11-06T08:00:00Z
Sheffield,2020,06-11-2020,09:00:00,5.362967344,10.17329162,12.01994783,2020-11-06T09:00:00Z
Sheffield,2020,06-11-2020,10:00:00,13.52970148,19.34559758,17.13513175,2020-11-06T10:00:00Z
Sheffield,2020,06-11-2020,11:00:00,1.869313182,25.34549762,14.36600886,2020-11-06T11:00:00Z
Sheffield,2020,06-11-2020,12:00:00,0,-18.20808401,-1.098371231,2020-11-06T12:00:00Z
Sheffield,2020,06-11-2020,13:00:00,13.18326815,17.99684569,21.79531347,2020-11-06T13:00:00Z
Sheffield,2020,06-11-2020,14:00:00,3.843391626,-3.800237796,5.74963638,2020-11-06T14:00:00Z
Sheffield,2020,06-11-2020,15:00:00,16.63698878,41.19970012,19.61329844,2020-11-06T15:00:00Z
Sheffield,2020,06-11-2020,16:00:00,16.94542288,6.277600952,18.23805385,2020-11-06T16:00:00Z
Sheffield,2020,06-11-2020,17:00:00,23.79448848,36.29113393,23.53839763,2020-11-06T17:00:00Z
Sheffield,2020,06-11-2020,18:00:00,10.25577013,21.84935943,19.27226977,2020-11-06T18:00:00Z
Sheffield,2020,06-11-2020,19:00:00,0,24.48438036,12.30089694,2020-11-06T19:00:00Z
Sheffield,2020,06-11-2020,20:00:00,4.31280121,9.73342739,11.55167143,2020-11-06T20:00:00Z
Sheffield,2020,06-11-2020,21:00:00,0,8.055931843,4.62860137,2020-11-06T21:00:00Z
Sheffield,2020,06-11-2020,22:00:00,5.559270858,-1.282960698,13.35704199,2020-11-06T22:00:00Z
Sheffield,2020,06-11-2020,23:00:00,14.25925403,43.91865135,26.90245155,2020-11-06T23:00:00Z
Sheffield,2020,07-11-2020,00:00:00,4.32915078,-4.308426649,16.19367372,2020-11-07T00:00:00Z
Sheffield,2020,07-11-2020,01:00:00,3.44174773,17.46673332,11.70042614,2020-11-07T01:00:00Z
Sheffield,2020,07-11-2020,02:00:00,0,-5.221240012,-1.506139205,2020-11-07T02:00:00Z
Sheffield,2020,07-11-2020,03:00:00,0,-18.28721983,-6.155230426,2020-11-07T03:00:00Z
Sheffield,2020,07-11-2020,04:00:00,5.419255063,21.37703594,12.90128236,2020-11-07T04:00:00Z
Sheffield,2020,07-11-2020,05:00:00,0,-2.638319233,2.211491919,2020-11-07T05:00:00Z
Sheffield,2020,07-11-2020,06:00:00,11.34057628,25.51556702,15.185081,2020-11-07T06:00:00Z
Sheffield,2020,07-11-2020,07:00:00,2.667976327,38.04687547,23.11212165,2020-11-07T07:00:00Z
Sheffield,2020,07-11-2020,08:00:00,16.62240846,40.26353225,34.33501531,2020-11-07T08:00:00Z
Sheffield,2020,07-11-2020,09:00:00,7.469864349,28.76757828,7.485666284,2020-11-07T09:00:00Z
Sheffield,2020,07-11-2020,10:00:00,6.915601609,5.988707507,-3.492171169,2020-11-07T10:00:00Z
Sheffield,2020,07-11-2020,11:00:00,6.35663978,19.05760226,18.4050411,2020-11-07T11:00:00Z
Sheffield,2020,07-11-2020,12:00:00,6.90289811,45.77578367,35.76890492,2020-11-07T12:00:00Z
Sheffield,2020,07-11-2020,13:00:00,19.14722417,36.82426323,20.16563978,2020-11-07T13:00:00Z
Sheffield,2020,07-11-2020,14:00:00,0,22.89878032,11.73268141,2020-11-07T14:00:00Z
Sheffield,2020,07-11-2020,15:00:00,13.12994052,42.88887445,23.87119552,2020-11-07T15:00:00Z
Sheffield,2020,07-11-2020,16:00:00,2.808171743,6.76750935,4.001137677,2020-11-07T16:00:00Z
Sheffield,2020,07-11-2020,17:00:00,12.80141977,43.7925068,27.08853852,2020-11-07T17:00:00Z
Sheffield,2020,07-11-2020,18:00:00,8.3336716,1.242151037,4.742096595,2020-11-07T18:00:00Z
Sheffield,2020,07-11-2020,19:00:00,0,5.079781321,7.957347157,2020-11-07T19:00:00Z
Sheffield,2020,07-11-2020,20:00:00,0,-3.585496565,4.650989226,2020-11-07T20:00:00Z
Sheffield,2020,07-11-2020,21:00:00,7.885926769,15.92781735,7.584299588,2020-11-07T21:00:00Z
Sheffield,2020,07-11-2020,22:00:00,3.949255224,16.75817871,7.710027253,2020-11-07T22:00:00Z
Sheffield,2020,07-11-2020,23:00:00,4.1863141,25.10335022,13.48646489,2020-11-07T23:00:00Z
Sheffield,2020,08-11-2020,00:00:00,8.488281761,3.995086973,6.36953018,2020-11-08T00:00:00Z
Sheffield,2020,08-11-2020,01:00:00,3.872597518,0.56179683,11.45721177,2020-11-08T01:00:00Z
Sheffield,2020,08-11-2020,02:00:00,7.589453313,26.71285688,19.25404772,2020-11-08T02:00:00Z
Sheffield,2020,08-11-2020,03:00:00,10.92624018,21.37449871,18.55724621,2020-11-08T03:00:00Z
Sheffield,2020,08-11-2020,04:00:00,4.508709061,25.35708601,6.163228261,2020-11-08T04:00:00Z
Sheffield,2020,08-11-2020,05:00:00,13.45411684,25.70415767,17.58132595,2020-11-08T05:00:00Z
Sheffield,2020,08-11-2020,06:00:00,8.171383003,32.54351562,25.96454857,2020-11-08T06:00:00Z
Sheffield,2020,08-11-2020,07:00:00,17.76365111,37.23400937,33.19445288,2020-11-08T07:00:00Z
Sheffield,2020,08-11-2020,08:00:00,11.69345775,46.40103987,21.45176409,2020-11-08T08:00:00Z
Sheffield,2020,08-11-2020,09:00:00,9.622529711,17.70926608,15.01586507,2020-11-08T09:00:00Z
Sheffield,2020,08-11-2020,10:00:00,9.10580037,35.57610839,17.077342,2020-11-08T10:00:00Z
Sheffield,2020,08-11-2020,11:00:00,0,1.200461562,-5.728605015,2020-11-08T11:00:00Z
Sheffield,2020,08-11-2020,12:00:00,0,1.719314561,9.662805235,2020-11-08T12:00:00Z
Sheffield,2020,08-11-2020,13:00:00,11.62868338,6.898023916,7.578607874,2020-11-08T13:00:00Z
Sheffield,2020,08-11-2020,14:00:00,8.003311365,31.27326391,21.528127,2020-11-08T14:00:00Z
Sheffield,2020,08-11-2020,15:00:00,14.16307638,27.80427774,26.07079871,2020-11-08T15:00:00Z
Sheffield,2020,08-11-2020,16:00:00,0.511957921,21.56945467,6.411222696,2020-11-08T16:00:00Z
Sheffield,2020,08-11-2020,17:00:00,13.98077143,15.68033177,20.23774269,2020-11-08T17:00:00Z
Sheffield,2020,08-11-2020,18:00:00,3.503644436,43.77244459,34.15032682,2020-11-08T18:00:00Z
Sheffield,2020,08-11-2020,19:00:00,21.77028144,26.64720764,19.71831274,2020-11-08T19:00:00Z
Sheffield,2020,08-11-2020,20:00:00,9.719608021,27.96130238,21.0638455,2020-11-08T20:00:00Z
Sheffield,2020,08-11-2020,21:00:00,11.38561485,20.08237362,17.39742446,2020-11-08T21:00:00Z
Sheffield,2020,08-11-2020,22:00:00,14.6053464,32.94673185,25.04348909,2020-11-08T22:00:00Z
Sheffield,2020,08-11-2020,23:00:00,9.009234102,17.73865614,17.15642404,2020-11-08T23:00:00Z
Sheffield,2020,09-11-2020,00:00:00,19.3864059,39.02813856,21.31458678,2020-11-09T00:00:00Z
Sheffield,2020,09-11-2020,01:00:00,9.1887674,11.34466065,19.71732459,2020-11-09T01:00:00Z
Sheffield,2020,09-11-2020,02:00:00,9.819904381,15.04411095,16.58078105,2020-11-09T02:00:00Z
Sheffield,2020,09-11-2020,03:00:00,0,24.98509242,15.20142306,2020-11-09T03:00:00Z
Sheffield,2020,09-11-2020,04:00:00,12.03621847,36.47840514,21.421099860000002,2020-11-09T04:00:00Z
Sheffield,2020,09-11-2020,05:00:00,9.608949609,7.504260587,14.82833394,2020-11-09T05:00:00Z
Sheffield,2020,09-11-2020,06:00:00,2.570960488,5.730894642,19.21269761,2020-11-09T06:00:00Z
Sheffield,2020,09-11-2020,07:00:00,7.580028493,10.37579015,14.64889173,2020-11-09T07:00:00Z
Sheffield,2020,09-11-2020,08:00:00,4.66196349,-2.893078388,5.718033319,2020-11-09T08:00:00Z
Sheffield,2020,09-11-2020,09:00:00,11.94694297,38.3156224,18.97171415,2020-11-09T09:00:00Z
Sheffield,2020,09-11-2020,10:00:00,2.539334915,34.68819358,30.69623819,2020-11-09T10:00:00Z
Sheffield,2020,09-11-2020,11:00:00,18.04102708,22.92288148,18.49083737,2020-11-09T11:00:00Z
Sheffield,2020,09-11-2020,12:00:00,8.429999076,27.48587681,13.4945964,2020-11-09T12:00:00Z
Sheffield,2020,09-11-2020,13:00:00,12.88776797,41.18314022,16.37340812,2020-11-09T13:00:00Z
Sheffield,2020,09-11-2020,14:00:00,6.406549154,11.54569156,13.32041909,2020-11-09T14:00:00Z
Sheffield,2020,09-11-2020,15:00:00,10.38522493,32.5311907,9.645661569,2020-11-09T15:00:00Z
Sheffield,2020,09-11-2020,16:00:00,3.761456571,13.6196796,12.47457053,2020-11-09T16:00:00Z
Sheffield,2020,09-11-2020,17:00:00,13.64389049,34.44875895,18.08580148,2020-11-09T17:00:00Z
Sheffield,2020,09-11-2020,18:00:00,6.408566606,28.78709515,20.5240539,2020-11-09T18:00:00Z
Sheffield,2020,09-11-2020,19:00:00,4.172209983,5.496017277,11.68446202,2020-11-09T19:00:00Z
Sheffield,2020,09-11-2020,20:00:00,0,23.23085476,17.32662051,2020-11-09T20:00:00Z
Sheffield,2020,09-11-2020,21:00:00,12.35561803,14.84971332,19.12402549,2020-11-09T21:00:00Z
Sheffield,2020,09-11-2020,22:00:00,10.84797669,23.82062828,12.8411053,2020-11-09T22:00:00Z
Sheffield,2020,09-11-2020,23:00:00,13.51683573,27.36679607,16.41080249,2020-11-09T23:00:00Z
Sheffield,2020,10-11-2020,00:00:00,4.329043887,23.35331871,7.040353563,2020-11-10T00:00:00Z
Sheffield,2020,10-11-2020,01:00:00,18.71029369,27.60780023,16.50587965,2020-11-10T01:00:00Z
Sheffield,2020,10-11-2020,02:00:00,22.00649288,64.43094331,34.04971529,2020-11-10T02:00:00Z
Sheffield,2020,10-11-2020,03:00:00,7.736429464,37.36063705,18.3836443,2020-11-10T03:00:00Z
Sheffield,2020,10-11-2020,04:00:00,4.176372992,6.523184122,3.989671757,2020-11-10T04:00:00Z
Sheffield,2020,10-11-2020,05:00:00,7.27257469,27.81670684,24.94630037,2020-11-10T05:00:00Z
Sheffield,2020,10-11-2020,06:00:00,5.251440279,18.96514718,14.1489041,2020-11-10T06:00:00Z
Sheffield,2020,10-11-2020,07:00:00,0,-18.91205035,-11.17056978,2020-11-10T07:00:00Z
Sheffield,2020,10-11-2020,08:00:00,11.41868564,8.623743139,16.07509929,2020-11-10T08:00:00Z
Sheffield,2020,10-11-2020,09:00:00,6.60976062,21.63820078,21.05693002,2020-11-10T09:00:00Z
Sheffield,2020,10-11-2020,10:00:00,13.51301443,7.648595354,9.287253351,2020-11-10T10:00:00Z
Sheffield,2020,10-11-2020,11:00:00,9.191878503,6.855667957,8.632002011,2020-11-10T11:00:00Z
Sheffield,2020,10-11-2020,12:00:00,20.75689238,14.51243311,27.03746588,2020-11-10T12:00:00Z
Sheffield,2020,10-11-2020,13:00:00,19.05259587,37.40870198,15.90497742,2020-11-10T13:00:00Z
Sheffield,2020,10-11-2020,14:00:00,1.99652149,33.20255034,20.3941261,2020-11-10T14:00:00Z
Sheffield,2020,10-11-2020,15:00:00,0.463110159,9.305669452,11.36398218,2020-11-10T15:00:00Z
Sheffield,2020,10-11-2020,16:00:00,0,3.051200159,10.47646922,2020-11-10T16:00:00Z
Sheffield,2020,10-11-2020,17:00:00,10.85422262,6.502245412,28.06453568,2020-11-10T17:00:00Z
Sheffield,2020,10-11-2020,18:00:00,0,22.05030566,-1.364553798,2020-11-10T18:00:00Z
Sheffield,2020,10-11-2020,19:00:00,17.29223475,24.47197573,21.93339351,2020-11-10T19:00:00Z
Sheffield,2020,10-11-2020,20:00:00,7.722376508,10.91039128,14.19429587,2020-11-10T20:00:00Z
Sheffield,2020,10-11-2020,21:00:00,8.125525138,20.68776434,14.27316792,2020-11-10T21:00:00Z
Sheffield,2020,10-11-2020,22:00:00,14.4678193,2.963776101,7.312972648,2020-11-10T22:00:00Z
Sheffield,2020,10-11-2020,23:00:00,6.806454005,24.43261469,12.11716026,2020-11-10T23:00:00Z
Sheffield,2021,01-11-2021,00:00:00,0,13.37099614,7.671128512,2021-11-01T00:00:00Z
Sheffield,2021,01-11-2021,01:00:00,10.07473586,35.18949517,20.68694276,2021-11-01T01:00:00Z
Sheffield,2021,01-11-2021,02:00:00,7.289155566,16.98460271,12.95228958,2021-11-01T02:00:00Z
Sheffield,2021,01-11-2021,03:00:00,2.22715819,-2.673715931,7.564086002,2021-11-01T03:00:00Z
Sheffield,2021,01-11-2021,04:00:00,13.23737547,21.97772921,24.74750823,2021-11-01T04:00:00Z
Sheffield,2021,01-11-2021,05:00:00,10.41956303,35.99724762,20.89411611,2021-11-01T05:00:00Z
Sheffield,2021,01-11-2021,06:00:00,6.901960087,-21.03352165,0.613572606,2021-11-01T06:00:00Z
Sheffield,2021,01-11-2021,07:00:00,0,1.557465654,-4.295926538,2021-11-01T07:00:00Z
Sheffield,2021,01-11-2021,08:00:00,15.49641007,26.35879381,21.69184583,2021-11-01T08:00:00Z
Sheffield,2021,01-11-2021,09:00:00,20.91740985,19.22203561,23.13303218,2021-11-01T09:00:00Z
Sheffield,2021,01-11-2021,10:00:00,15.53969321,26.37640862,13.52152314,2021-11-01T10:00:00Z
Sheffield,2021,01-11-2021,11:00:00,3.595464576,37.36543003,21.11914827,2021-11-01T11:00:00Z
Sheffield,2021,01-11-2021,12:00:00,9.358076816,9.540135815,11.34613661,2021-11-01T12:00:00Z
Sheffield,2021,01-11-2021,13:00:00,18.19761057,22.02200657,28.88139499,2021-11-01T13:00:00Z
Sheffield,2021,01-11-2021,14:00:00,6.492508398,-2.265677558,4.168093767,2021-11-01T14:00:00Z
Sheffield,2021,01-11-2021,15:00:00,9.667512573,24.45587322,21.69316916,2021-11-01T15:00:00Z
Sheffield,2021,01-11-2021,16:00:00,2.764466366,19.55101422,7.103628187,2021-11-01T16:00:00Z
Sheffield,2021,01-11-2021,17:00:00,15.00226181,50.32095761,27.46029032,2021-11-01T17:00:00Z
Sheffield,2021,01-11-2021,18:00:00,10.14917604,-5.357511856,14.64250942,2021-11-01T18:00:00Z
Sheffield,2021,01-11-2021,19:00:00,3.809720195,11.81537541,13.44573338,2021-11-01T19:00:00Z
Sheffield,2021,01-11-2021,20:00:00,5.816549682,6.794468733,4.556466555,2021-11-01T20:00:00Z
Sheffield,2021,01-11-2021,21:00:00,17.90509064,40.18673828,38.8316064,2021-11-01T21:00:00Z
Sheffield,2021,01-11-2021,22:00:00,0,-11.54252519,-2.177565471,2021-11-01T22:00:00Z
Sheffield,2021,01-11-2021,23:00:00,23.66471465,-3.510001819,18.68811382,2021-11-01T23:00:00Z
Sheffield,2021,02-11-2021,00:00:00,3.628007296,45.28557436,11.62544446,2021-11-02T00:00:00Z
Sheffield,2021,02-11-2021,01:00:00,8.084937007,8.758601739,11.16967575,2021-11-02T01:00:00Z
Sheffield,2021,02-11-2021,02:00:00,10.46359526,14.01373804,8.071881201,2021-11-02T02:00:00Z
Sheffield,2021,02-11-2021,03:00:00,16.58445597,34.82665537,16.4586139,2021-11-02T03:00:00Z
Sheffield,2021,02-11-2021,04:00:00,6.467119996,20.7302448,12.86125326,2021-11-02T04:00:00Z
Sheffield,2021,02-11-2021,05:00:00,16.36894389,51.14114055,31.9776736,2021-11-02T05:00:00Z
Sheffield,2021,02-11-2021,06:00:00,0,6.499248641,8.620914452,2021-11-02T06:00:00Z
Sheffield,2021,02-11-2021,07:00:00,9.775476017,2.775639519,7.708751028,2021-11-02T07:00:00Z
Sheffield,2021,02-11-2021,08:00:00,6.620577137,2.066077319,9.585337949,2021-11-02T08:00:00Z
Sheffield,2021,02-11-2021,09:00:00,1.172751953,-0.561926411,0.026463622,2021-11-02T09:00:00Z
Sheffield,2021,02-11-2021,10:00:00,19.74928945,21.57405972,28.01929854,2021-11-02T10:00:00Z
Sheffield,2021,02-11-2021,11:00:00,12.03569132,27.70663995,6.898133546,2021-11-02T11:00:00Z
Sheffield,2021,02-11-2021,12:00:00,13.92497072,19.17496498,13.84165791,2021-11-02T12:00:00Z
Sheffield,2021,02-11-2021,13:00:00,6.882708525,7.86455154,11.93575574,2021-11-02T13:00:00Z
Sheffield,2021,02-11-2021,14:00:00,6.938677783,20.06624446,13.48647369,2021-11-02T14:00:00Z
Sheffield,2021,02-11-2021,15:00:00,6.155493512,13.6037092,8.89717786,2021-11-02T15:00:00Z
Sheffield,2021,02-11-2021,16:00:00,5.129512365,21.77413116,16.55558485,2021-11-02T16:00:00Z
Sheffield,2021,02-11-2021,17:00:00,15.06517962,38.14603559,25.77026876,2021-11-02T17:00:00Z
Sheffield,2021,02-11-2021,18:00:00,8.702343815,22.9778202,17.39119768,2021-11-02T18:00:00Z
Sheffield,2021,02-11-2021,19:00:00,7.138888623,17.16224123,13.72496198,2021-11-02T19:00:00Z
Sheffield,2021,02-11-2021,20:00:00,1.834649169,18.33905492,0.299531904,2021-11-02T20:00:00Z
Sheffield,2021,02-11-2021,21:00:00,17.51794783,50.65138555,25.43444347,2021-11-02T21:00:00Z
Sheffield,2021,02-11-2021,22:00:00,13.26392525,28.87447395,23.4316732,2021-11-02T22:00:00Z
Sheffield,2021,02-11-2021,23:00:00,5.296035577,20.84248258,16.41726326,2021-11-02T23:00:00Z
Sheffield,2021,03-11-2021,00:00:00,5.001488614,30.70266791,5.739728885,2021-11-03T00:00:00Z
Sheffield,2021,03-11-2021,01:00:00,14.40535801,35.97538284,22.811416,2021-11-03T01:00:00Z
Sheffield,2021,03-11-2021,02:00:00,17.424161,19.81225857,20.47390372,2021-11-03T02:00:00Z
Sheffield,2021,03-11-2021,03:00:00,0,14.81822616,7.007708235,2021-11-03T03:00:00Z
Sheffield,2021,03-11-2021,04:00:00,4.879940493,6.575190221,9.568417023,2021-11-03T04:00:00Z
Sheffield,2021,03-11-2021,05:00:00,22.52496629,14.04077653,18.23922087,2021-11-03T05:00:00Z
Sheffield,2021,03-11-2021,06:00:00,6.996930442,10.12252723,9.594955491,2021-11-03T06:00:00Z
Sheffield,2021,03-11-2021,07:00:00,12.50855323,10.78307003,15.24338891,2021-11-03T07:00:00Z
Sheffield,2021,03-11-2021,08:00:00,14.2877963,22.6902823,26.49248879,2021-11-03T08:00:00Z
Sheffield,2021,03-11-2021,09:00:00,21.86823943,29.22202582,20.80069708,2021-11-03T09:00:00Z
Sheffield,2021,03-11-2021,10:00:00,11.06386375,23.8035015,20.4776951,2021-11-03T10:00:00Z
Sheffield,2021,03-11-2021,11:00:00,2.179210653,20.97524203,9.533067647,2021-11-03T11:00:00Z
Sheffield,2021,03-11-2021,12:00:00,8.493347534,-10.23543501,5.20214547,2021-11-03T12:00:00Z
Sheffield,2021,03-11-2021,13:00:00,11.06755684,20.69762688,13.19828175,2021-11-03T13:00:00Z
Sheffield,2021,03-11-2021,14:00:00,18.9822836,30.18647964,18.44720555,2021-11-03T14:00:00Z
Sheffield,2021,03-11-2021,15:00:00,4.545489226,21.7794672,12.83084621,2021-11-03T15:00:00Z
Sheffield,2021,03-11-2021,16:00:00,3.533592686,10.44181753,7.284616616,2021-11-03T16:00:00Z
Sheffield,2021,03-11-2021,17:00:00,8.76061219,23.45258245,12.66397024,2021-11-03T17:00:00Z
Sheffield,2021,03-11-2021,18:00:00,10.45396071,20.47933987,18.79601763,2021-11-03T18:00:00Z
Sheffield,2021,03-11-2021,19:00:00,8.615651201,23.47020788,20.69578984,2021-11-03T19:00:00Z
Sheffield,2021,03-11-2021,20:00:00,0,24.96580867,11.81683032,2021-11-03T20:00:00Z
Sheffield,2021,03-11-2021,21:00:00,5.881539983,22.56689199,9.415171382,2021-11-03T21:00:00Z
Sheffield,2021,03-11-2021,22:00:00,15.85059262,48.14688669,33.44954605,2021-11-03T22:00:00Z
Sheffield,2021,03-11-2021,23:00:00,4.632775271,20.32273624,16.22051121,2021-11-03T23:00:00Z
Sheffield,2021,04-11-2021,00:00:00,1.87125781,20.99044527,11.94801485,2021-11-04T00:00:00Z
Sheffield,2021,04-11-2021,01:00:00,17.47669328,21.79505629,16.56847991,2021-11-04T01:00:00Z
Sheffield,2021,04-11-2021,02:00:00,14.87156058,36.64143548,24.2438996,2021-11-04T02:00:00Z
Sheffield,2021,04-11-2021,03:00:00,5.22202138,19.38824204,14.73672583,2021-11-04T03:00:00Z
Sheffield,2021,04-11-2021,04:00:00,11.60461274,27.22967974,12.75119601,2021-11-04T04:00:00Z
Sheffield,2021,04-11-2021,05:00:00,5.079280279,-6.330314102,-5.224853023,2021-11-04T05:00:00Z
Sheffield,2021,04-11-2021,06:00:00,10.8613695,34.65654038,16.95593621,2021-11-04T06:00:00Z
Sheffield,2021,04-11-2021,07:00:00,0.623708075,2.032355907,1.851526043,2021-11-04T07:00:00Z
Sheffield,2021,04-11-2021,08:00:00,11.26171296,16.61767211,15.53765692,2021-11-04T08:00:00Z
Sheffield,2021,04-11-2021,09:00:00,7.60688312,44.84511256,29.31811158,2021-11-04T09:00:00Z
Sheffield,2021,04-11-2021,10:00:00,7.638688212,22.48264126,20.71127873,2021-11-04T10:00:00Z
Sheffield,2021,04-11-2021,11:00:00,9.103198807,22.6567496,10.40560524,2021-11-04T11:00:00Z
Sheffield,2021,04-11-2021,12:00:00,0,6.438575794,8.72977312,2021-11-04T12:00:00Z
Sheffield,2021,04-11-2021,13:00:00,10.11494121,18.88454993,11.11500993,2021-11-04T13:00:00Z
Sheffield,2021,04-11-2021,14:00:00,5.79236519,6.879257048,9.321981618,2021-11-04T14:00:00Z
Sheffield,2021,04-11-2021,15:00:00,0,-7.796476374,6.861201046,2021-11-04T15:00:00Z
Sheffield,2021,04-11-2021,16:00:00,21.20764258,23.2331942,24.72258632,2021-11-04T16:00:00Z
Sheffield,2021,04-11-2021,17:00:00,11.23559873,25.67803714,22.19622372,2021-11-04T17:00:00Z
Sheffield,2021,04-11-2021,18:00:00,10.69960221,39.49324144,17.69510298,2021-11-04T18:00:00Z
Sheffield,2021,04-11-2021,19:00:00,24.14217739,38.52373306,35.83193395,2021-11-04T19:00:00Z
Sheffield,2021,04-11-2021,20:00:00,0.989606627,-2.471120578,7.194557002,2021-11-04T20:00:00Z
Sheffield,2021,04-11-2021,21:00:00,0,-6.912956476,-5.845742296,2021-11-04T21:00:00Z
Sheffield,2021,04-11-2021,22:00:00,15.76136032,20.77676085,30.01026842,2021-11-04T22:00:00Z
Sheffield,2021,04-11-2021,23:00:00,15.62690156,18.23658782,16.66356936,2021-11-04T23:00:00Z
Sheffield,2021,05-11-2021,00:00:00,39.58290123,96.41955239,75.01625778,2021-11-05T00:00:00Z
Sheffield,2021,05-11-2021,01:00:00,76.33874757,155.4175826,108.7251711,2021-11-05T01:00:00Z
Sheffield,2021,05-11-2021,02:00:00,41.32969393,104.9976529,76.01583975,2021-11-05T02:00:00Z
Sheffield,2021,05-11-2021,03:00:00,67.80601587,116.6741146,78.69736478,2021-11-05T03:00:00Z
Sheffield,2021,05-11-2021,04:00:00,38.24126945,77.27947837,60.23361937,2021-11-05T04:00:00Z
Sheffield,2021,05-11-2021,05:00:00,51.63776291,114.6304509,88.97755794,2021-11-05T05:00:00Z
Sheffield,2021,05-11-2021,06:00:00,36.93871458,92.67961934,69.09385617,2021-11-05T06:00:00Z
Sheffield,2021,05-11-2021,07:00:00,59.20670553,122.2254376,93.60354236,2021-11-05T07:00:00Z
Sheffield,2021,05-11-2021,08:00:00,19.29486539,73.93030779,54.28419885,2021-11-05T08:00:00Z
Sheffield,2021,05-11-2021,09:00:00,47.91082935,111.0404449,91.88559475,2021-11-05T09:00:00Z
Sheffield,2021,05-11-2021,10:00:00,94.5598394,158.5693906,132.0390184,2021-11-05T10:00:00Z
Sheffield,2021,05-11-2021,11:00:00,63.6466,118.9469285,96.88417698,2021-11-05T11:00:00Z
Sheffield,2021,05-11-2021,12:00:00,22.02038572,88.51602551,55.88781484,2021-11-05T12:00:00Z
Sheffield,2021,05-11-2021,13:00:00,47.73145039,92.8170332,75.16321973,2021-11-05T13:00:00Z
Sheffield,2021,05-11-2021,14:00:00,43.28845649,96.81624951,68.45246986,2021-11-05T14:00:00Z
Sheffield,2021,05-11-2021,15:00:00,40.83480923,89.40552117,74.41349582,2021-11-05T15:00:00Z
Sheffield,2021,05-11-2021,16:00:00,36.58226046,89.49863913,70.58668527,2021-11-05T16:00:00Z
Sheffield,2021,05-11-2021,17:00:00,61.63707618,108.2849023,91.25612048,2021-11-05T17:00:00Z
Sheffield,2021,05-11-2021,18:00:00,50.41830175,109.2361475,88.58083978,2021-11-05T18:00:00Z
Sheffield,2021,05-11-2021,19:00:00,54.67510682,123.0295625,92.83060726,2021-11-05T19:00:00Z
Sheffield,2021,05-11-2021,20:00:00,66.40741082,161.4746033,117.924654,2021-11-05T20:00:00Z
Sheffield,2021,05-11-2021,21:00:00,52.68331773,129.6748104,87.95643371,2021-11-05T21:00:00Z
Sheffield,2021,05-11-2021,22:00:00,24.97838489,56.17650985,58.1156408,2021-11-05T22:00:00Z
Sheffield,2021,05-11-2021,23:00:00,55.34799658,116.9929779,98.47197993,2021-11-05T23:00:00Z
Sheffield,2021,06-11-2021,00:00:00,16.15200866,28.90789853,28.22543891,2021-11-06T00:00:00Z
Sheffield,2021,06-11-2021,01:00:00,1.427953199,1.215469417,7.08259424,2021-11-06T01:00:00Z
Sheffield,2021,06-11-2021,02:00:00,12.08345355,25.71601853,17.80689274,2021-11-06T02:00:00Z
Sheffield,2021,06-11-2021,03:00:00,1.1636111,36.55888505,25.55771508,2021-11-06T03:00:00Z
Sheffield,2021,06-11-2021,04:00:00,10.57434515,22.89988288,18.34611557,2021-11-06T04:00:00Z
Sheffield,2021,06-11-2021,05:00:00,11.30533082,28.91382026,25.52370042,2021-11-06T05:00:00Z
Sheffield,2021,06-11-2021,06:00:00,0,6.673065512,8.487087695,2021-11-06T06:00:00Z
Sheffield,2021,06-11-2021,07:00:00,13.57122856,-3.259640674,5.50875555,2021-11-06T07:00:00Z
Sheffield,2021,06-11-2021,08:00:00,7.927658018,16.92520923,16.85236657,2021-11-06T08:00:00Z
Sheffield,2021,06-11-2021,09:00:00,15.39109024,30.32055776,17.70339799,2021-11-06T09:00:00Z
Sheffield,2021,06-11-2021,10:00:00,0,3.899301875,-7.503224097,2021-11-06T10:00:00Z
Sheffield,2021,06-11-2021,11:00:00,6.364693746,42.8808441,28.12217881,2021-11-06T11:00:00Z
Sheffield,2021,06-11-2021,12:00:00,14.29790685,24.32765602,13.28528133,2021-11-06T12:00:00Z
Sheffield,2021,06-11-2021,13:00:00,0.809673823,23.06677024,18.38167362,2021-11-06T13:00:00Z
Sheffield,2021,06-11-2021,14:00:00,4.905672918,30.27813142,11.83547825,2021-11-06T14:00:00Z
Sheffield,2021,06-11-2021,15:00:00,13.58403324,9.02151903,16.72123914,2021-11-06T15:00:00Z
Sheffield,2021,06-11-2021,16:00:00,11.120895,15.51558197,7.926034281,2021-11-06T16:00:00Z
Sheffield,2021,06-11-2021,17:00:00,12.15036352,28.51127353,23.26825843,2021-11-06T17:00:00Z
Sheffield,2021,06-11-2021,18:00:00,0,-8.799815774,-5.178692754,2021-11-06T18:00:00Z
Sheffield,2021,06-11-2021,19:00:00,5.585690431,22.70331704,13.0447602,2021-11-06T19:00:00Z
Sheffield,2021,06-11-2021,20:00:00,7.810183536,22.43227347,14.27712815,2021-11-06T20:00:00Z
Sheffield,2021,06-11-2021,21:00:00,8.412037168,16.74910171,8.38714658,2021-11-06T21:00:00Z
Sheffield,2021,06-11-2021,22:00:00,8.025386083,5.944029909,16.89523234,2021-11-06T22:00:00Z
Sheffield,2021,06-11-2021,23:00:00,19.04544058,32.1418551,30.42383193,2021-11-06T23:00:00Z
Sheffield,2021,07-11-2021,00:00:00,5.841571001,13.42285246,3.467633144,2021-11-07T00:00:00Z
Sheffield,2021,07-11-2021,01:00:00,6.156740091,11.8417058,11.82627356,2021-11-07T01:00:00Z
Sheffield,2021,07-11-2021,02:00:00,11.60748978,14.39930431,9.313919434,2021-11-07T02:00:00Z
Sheffield,2021,07-11-2021,03:00:00,14.64304379,34.19002861,15.69408071,2021-11-07T03:00:00Z
Sheffield,2021,07-11-2021,04:00:00,1.003921998,22.92996759,10.70592006,2021-11-07T04:00:00Z
Sheffield,2021,07-11-2021,05:00:00,0.652407801,10.67451892,16.02867273,2021-11-07T05:00:00Z
Sheffield,2021,07-11-2021,06:00:00,8.234548113,27.14107362,12.64107763,2021-11-07T06:00:00Z
Sheffield,2021,07-11-2021,07:00:00,0,-9.18223194,0.146004543,2021-11-07T07:00:00Z
Sheffield,2021,07-11-2021,08:00:00,1.238882079,9.457331212,11.12180089,2021-11-07T08:00:00Z
Sheffield,2021,07-11-2021,09:00:00,26.35712058,29.75123992,29.21863359,2021-11-07T09:00:00Z
Sheffield,2021,07-11-2021,10:00:00,0,21.37528104,3.690790075,2021-11-07T10:00:00Z
Sheffield,2021,07-11-2021,11:00:00,7.438032214,19.3792796,21.46791697,2021-11-07T11:00:00Z
Sheffield,2021,07-11-2021,12:00:00,15.36718084,22.00074456,22.15146116,2021-11-07T12:00:00Z
Sheffield,2021,07-11-2021,13:00:00,5.835635842,20.32786576,8.113396583,2021-11-07T13:00:00Z
Sheffield,2021,07-11-2021,14:00:00,0,17.86682067,13.92358758,2021-11-07T14:00:00Z
Sheffield,2021,07-11-2021,15:00:00,9.176837194,21.98547804,30.60982704,2021-11-07T15:00:00Z
Sheffield,2021,07-11-2021,16:00:00,5.335699661,18.16226528,13.08493646,2021-11-07T16:00:00Z
Sheffield,2021,07-11-2021,17:00:00,0,42.47876014,28.04932974,2021-11-07T17:00:00Z
Sheffield,2021,07-11-2021,18:00:00,13.38635931,41.52686774,26.40690236,2021-11-07T18:00:00Z
Sheffield,2021,07-11-2021,19:00:00,17.94925662,21.34093415,20.65511555,2021-11-07T19:00:00Z
Sheffield,2021,07-11-2021,20:00:00,2.360396448,-0.539055691,8.774007772,2021-11-07T20:00:00Z
Sheffield,2021,07-11-2021,21:00:00,0,25.17700166,5.997951817,2021-11-07T21:00:00Z
Sheffield,2021,07-11-2021,22:00:00,0.445133765,-14.02369487,-2.3038511,2021-11-07T22:00:00Z
Sheffield,2021,07-11-2021,23:00:00,1.369547421,17.38091085,8.962986457,2021-11-07T23:00:00Z
Sheffield,2021,08-11-2021,00:00:00,9.278200404,45.08951107,30.91894658,2021-11-08T00:00:00Z
Sheffield,2021,08-11-2021,01:00:00,13.38855936,25.14608025,21.81021317,2021-11-08T01:00:00Z
Sheffield,2021,08-11-2021,02:00:00,3.671535406,9.519672736,7.592528216,2021-11-08T02:00:00Z
Sheffield,2021,08-11-2021,03:00:00,7.057199277,8.312932857,14.8099593,2021-11-08T03:00:00Z
Sheffield,2021,08-11-2021,04:00:00,4.046410146,33.35668448,28.31783298,2021-11-08T04:00:00Z
Sheffield,2021,08-11-2021,05:00:00,11.80732963,24.32976617,21.6734189,2021-11-08T05:00:00Z
Sheffield,2021,08-11-2021,06:00:00,18.79199244,28.44721872,18.50605328,2021-11-08T06:00:00Z
Sheffield,2021,08-11-2021,07:00:00,0,26.12927365,14.03239668,2021-11-08T07:00:00Z
Sheffield,2021,08-11-2021,08:00:00,1.407892028,18.2064171,10.38862702,2021-11-08T08:00:00Z
Sheffield,2021,08-11-2021,09:00:00,7.105009328,5.790927034,13.56167108,2021-11-08T09:00:00Z
Sheffield,2021,08-11-2021,10:00:00,8.920315896,20.47171582,0.079950393,2021-11-08T10:00:00Z
Sheffield,2021,08-11-2021,11:00:00,5.124954711,16.78939338,9.780806649,2021-11-08T11:00:00Z
Sheffield,2021,08-11-2021,12:00:00,9.986247695,26.4858552,19.30534106,2021-11-08T12:00:00Z
Sheffield,2021,08-11-2021,13:00:00,0,25.73493223,4.092585344,2021-11-08T13:00:00Z
Sheffield,2021,08-11-2021,14:00:00,8.874840011,17.49398863,13.34071724,2021-11-08T14:00:00Z
Sheffield,2021,08-11-2021,15:00:00,2.274489721,24.81612939,5.024550486,2021-11-08T15:00:00Z
Sheffield,2021,08-11-2021,16:00:00,3.050145208,19.54343715,22.51203283,2021-11-08T16:00:00Z
Sheffield,2021,08-11-2021,17:00:00,0,-14.97982445,-5.964413179,2021-11-08T17:00:00Z
Sheffield,2021,08-11-2021,18:00:00,17.0754763,19.67272728,10.96031422,2021-11-08T18:00:00Z
Sheffield,2021,08-11-2021,19:00:00,19.79213338,21.35361023,25.84360324,2021-11-08T19:00:00Z
Sheffield,2021,08-11-2021,20:00:00,19.36118759,33.26253617,25.67653159,2021-11-08T20:00:00Z
Sheffield,2021,08-11-2021,21:00:00,0,-6.187681721,-4.03987535,2021-11-08T21:00:00Z
Sheffield,2021,08-11-2021,22:00:00,8.514111819,-1.664369911,7.320538699,2021-11-08T22:00:00Z
Sheffield,2021,08-11-2021,23:00:00,23.22339402,49.63505614,26.06887974,2021-11-08T23:00:00Z
Sheffield,2021,09-11-2021,00:00:00,7.335134464,9.524551223,19.18753323,2021-11-09T00:00:00Z
Sheffield,2021,09-11-2021,01:00:00,9.890277571,17.06335612,14.31183362,2021-11-09T01:00:00Z
Sheffield,2021,09-11-2021,02:00:00,0,16.44515334,7.212891567,2021-11-09T02:00:00Z
Sheffield,2021,09-11-2021,03:00:00,0.840625654,9.370830484,19.50452346,2021-11-09T03:00:00Z
Sheffield,2021,09-11-2021,04:00:00,13.89514124,15.03635059,6.520045035,2021-11-09T04:00:00Z
Sheffield,2021,09-11-2021,05:00:00,5.043559408,6.006139464,16.02001702,2021-11-09T05:00:00Z
Sheffield,2021,09-11-2021,06:00:00,19.05059749,29.33956779,19.05319223,2021-11-09T06:00:00Z
Sheffield,2021,09-11-2021,07:00:00,10.58501014,14.96401547,5.072169063,2021-11-09T07:00:00Z
Sheffield,2021,09-11-2021,08:00:00,14.33756902,18.91212642,18.34042658,2021-11-09T08:00:00Z
Sheffield,2021,09-11-2021,09:00:00,13.17395737,28.33574937,22.66212767,2021-11-09T09:00:00Z
Sheffield,2021,09-11-2021,10:00:00,0,2.280115392,2.762168761,2021-11-09T10:00:00Z
Sheffield,2021,09-11-2021,11:00:00,2.276717982,35.51761396,19.66372083,2021-11-09T11:00:00Z
Sheffield,2021,09-11-2021,12:00:00,19.90225184,30.64886158,22.1214478,2021-11-09T12:00:00Z
Sheffield,2021,09-11-2021,13:00:00,0.407765947,-2.384081604,-7.795441587,2021-11-09T13:00:00Z
Sheffield,2021,09-11-2021,14:00:00,14.81069916,18.40201971,12.0949326,2021-11-09T14:00:00Z
Sheffield,2021,09-11-2021,15:00:00,7.1278598,19.83631987,29.8561706,2021-11-09T15:00:00Z
Sheffield,2021,09-11-2021,16:00:00,21.80184431,57.7219544,27.39342759,2021-11-09T16:00:00Z
Sheffield,2021,09-11-2021,17:00:00,8.626686319,-2.557383232,4.557487584,2021-11-09T17:00:00Z
Sheffield,2021,09-11-2021,18:00:00,10.91936171,23.36913146,23.96270558,2021-11-09T18:00:00Z
Sheffield,2021,09-11-2021,19:00:00,16.41780893,21.20130025,15.76570131,2021-11-09T19:00:00Z
Sheffield,2021,09-11-2021,20:00:00,15.57971461,27.26387128,22.36768703,2021-11-09T20:00:00Z
Sheffield,2021,09-11-2021,21:00:00,1.913414662,27.44549785,16.7071553,2021-11-09T21:00:00Z
Sheffield,2021,09-11-2021,22:00:00,2.174088573,25.41742844,19.53704797,2021-11-09T22:00:00Z
Sheffield,2021,09-11-2021,23:00:00,5.427994986,30.38966718,17.3782256,2021-11-09T23:00:00Z
Sheffield,2021,10-11-2021,00:00:00,6.621640409,30.62586839,18.95674375,2021-11-10T00:00:00Z
Sheffield,2021,10-11-2021,01:00:00,16.55748256,35.09902674,17.13987393,2021-11-10T01:00:00Z
Sheffield,2021,10-11-2021,02:00:00,1.226508692,24.32378264,16.38543402,2021-11-10T02:00:00Z
Sheffield,2021,10-11-2021,03:00:00,0,19.80626655,13.46717004,2021-11-10T03:00:00Z
Sheffield,2021,10-11-2021,04:00:00,0,-7.971396892,0.977752409,2021-11-10T04:00:00Z
Sheffield,2021,10-11-2021,05:00:00,14.8732887,23.24128441,28.54681057,2021-11-10T05:00:00Z
Sheffield,2021,10-11-2021,06:00:00,19.61499454,26.79401026,22.20266647,2021-11-10T06:00:00Z
Sheffield,2021,10-11-2021,07:00:00,4.204921497,2.487827283,13.25808838,2021-11-10T07:00:00Z
Sheffield,2021,10-11-2021,08:00:00,7.000766892,9.759222168,18.90315081,2021-11-10T08:00:00Z
Sheffield,2021,10-11-2021,09:00:00,9.820882925,15.85975775,8.282329539,2021-11-10T09:00:00Z
Sheffield,2021,10-11-2021,10:00:00,4.28046551,8.035246526,11.0963158,2021-11-10T10:00:00Z
Sheffield,2021,10-11-2021,11:00:00,6.553014259,8.907921067,14.02181583,2021-11-10T11:00:00Z
Sheffield,2021,10-11-2021,12:00:00,12.10749087,37.88295647,20.62789989,2021-11-10T12:00:00Z
Sheffield,2021,10-11-2021,13:00:00,6.450732269,32.01095841,12.114982,2021-11-10T13:00:00Z
Sheffield,2021,10-11-2021,14:00:00,9.017733064,8.919206441,7.999873615,2021-11-10T14:00:00Z
Sheffield,2021,10-11-2021,15:00:00,0.955237141,17.33965746,-6.048743574,2021-11-10T15:00:00Z
Sheffield,2021,10-11-2021,16:00:00,15.9873952,28.70045727,27.97213118,2021-11-10T16:00:00Z
Sheffield,2021,10-11-2021,17:00:00,0,-6.502396062,3.955360683,2021-11-10T17:00:00Z
Sheffield,2021,10-11-2021,18:00:00,4.998403297,17.63559834,13.11299328,2021-11-10T18:00:00Z
Sheffield,2021,10-11-2021,19:00:00,0.892702597,-8.537637467,-0.604136551,2021-11-10T19:00:00Z
Sheffield,2021,10-11-2021,20:00:00,14.9036414,10.73695791,8.37936446,2021-11-10T20:00:00Z
Sheffield,2021,10-11-2021,21:00:00,9.372702984,10.80807834,10.5380299,2021-11-10T21:00:00Z
Sheffield,2021,10-11-2021,22:00:00,2.350395965,12.19604268,11.5235329,2021-11-10T22:00:00Z
Sheffield,2021,10-11-2021,23:00:00,19.98294561,35.54792931,31.7279206,2021-11-10T23:00:00Z
Sheffield,2022,01-11-2022,00:00:00,2.271442835,15.25798066,12.11181781,2022-11-01T00:00:00Z
Sheffield,2022,01-11-2022,01:00:00,4.583116735,36.44574097,19.86166663,2022-11-01T01:00:00Z
Sheffield,2022,01-11-2022,02:00:00,13.10762988,24.52678087,20.73142548,2022-11-01T02:00:00Z
Sheffield,2022,01-11-2022,03:00:00,5.57629055,-3.675268594,3.847319265,2022-11-01T03:00:00Z
Sheffield,2022,01-11-2022,04:00:00,10.38301853,13.74456081,11.78138178,2022-11-01T04:00:00Z
Sheffield,2022,01-11-2022,05:00:00,9.389144834,34.57391716,16.7186445,2022-11-01T05:00:00Z
Sheffield,2022,01-11-2022,06:00:00,9.003681404,16.9807495,20.43011415,2022-11-01T06:00:00Z
Sheffield,2022,01-11-2022,07:00:00,10.09211741,-10.21765792,6.321843387,2022-11-01T07:00:00Z
Sheffield,2022,01-11-2022,08:00:00,0,-15.66192059,-2.116846031,2022-11-01T08:00:00Z
Sheffield,2022,01-11-2022,09:00:00,1.250388176,4.933072914,16.09771623,2022-11-01T09:00:00Z
Sheffield,2022,01-11-2022,10:00:00,18.58003708,40.75534888,25.52730707,2022-11-01T10:00:00Z
Sheffield,2022,01-11-2022,11:00:00,4.989511268,-4.686609267,4.11371048,2022-11-01T11:00:00Z
Sheffield,2022,01-11-2022,12:00:00,14.66633597,29.89086771,26.76526656,2022-11-01T12:00:00Z
Sheffield,2022,01-11-2022,13:00:00,6.964121275,-1.690155305,9.886795451,2022-11-01T13:00:00Z
Sheffield,2022,01-11-2022,14:00:00,9.042381663,16.94574198,16.95181792,2022-11-01T14:00:00Z
Sheffield,2022,01-11-2022,15:00:00,8.733932086,16.97592231,15.65562062,2022-11-01T15:00:00Z
Sheffield,2022,01-11-2022,16:00:00,17.9980544,39.75958946,30.60067298,2022-11-01T16:00:00Z
Sheffield,2022,01-11-2022,17:00:00,6.440525187,15.63081625,12.15657802,2022-11-01T17:00:00Z
Sheffield,2022,01-11-2022,18:00:00,18.92570616,41.16156102,19.31951579,2022-11-01T18:00:00Z
Sheffield,2022,01-11-2022,19:00:00,4.850348222,41.60204021,12.46221887,2022-11-01T19:00:00Z
Sheffield,2022,01-11-2022,20:00:00,9.710741507,35.0809456,24.8669441,2022-11-01T20:00:00Z
Sheffield,2022,01-11-2022,21:00:00,9.680601582,8.623896874,16.66128201,2022-11-01T21:00:00Z
Sheffield,2022,01-11-2022,22:00:00,15.0769203,24.90062772,26.98681997,2022-11-01T22:00:00Z
Sheffield,2022,01-11-2022,23:00:00,7.430397195,41.76652666,30.06918368,2022-11-01T23:00:00Z
Sheffield,2022,02-11-2022,00:00:00,1.026115082,3.24272354,12.05545506,2022-11-02T00:00:00Z
Sheffield,2022,02-11-2022,01:00:00,0,6.249882307,-1.937931368,2022-11-02T01:00:00Z
Sheffield,2022,02-11-2022,02:00:00,0.800684163,17.23958799,10.99635674,2022-11-02T02:00:00Z
Sheffield,2022,02-11-2022,03:00:00,6.959882319,9.120386996,-3.854942807,2022-11-02T03:00:00Z
Sheffield,2022,02-11-2022,04:00:00,6.863673628,14.20825906,10.90415656,2022-11-02T04:00:00Z
Sheffield,2022,02-11-2022,05:00:00,18.71290535,39.98917617,28.31259657,2022-11-02T05:00:00Z
Sheffield,2022,02-11-2022,06:00:00,0,9.210862201,9.390385077,2022-11-02T06:00:00Z
Sheffield,2022,02-11-2022,07:00:00,8.778117594,24.46948628,13.71849218,2022-11-02T07:00:00Z
Sheffield,2022,02-11-2022,08:00:00,8.637692508,20.57922074,16.83424715,2022-11-02T08:00:00Z
Sheffield,2022,02-11-2022,09:00:00,19.1562268,41.09946989,20.16709874,2022-11-02T09:00:00Z
Sheffield,2022,02-11-2022,10:00:00,0,15.0197749,6.05491422,2022-11-02T10:00:00Z
Sheffield,2022,02-11-2022,11:00:00,12.15888327,8.256532669,13.99877426,2022-11-02T11:00:00Z
Sheffield,2022,02-11-2022,12:00:00,19.96110782,43.18466254,32.79096936,2022-11-02T12:00:00Z
Sheffield,2022,02-11-2022,13:00:00,8.494433449,9.055099737,10.67578017,2022-11-02T13:00:00Z
Sheffield,2022,02-11-2022,14:00:00,15.54997728,42.37663044,30.41937725,2022-11-02T14:00:00Z
Sheffield,2022,02-11-2022,15:00:00,14.89738841,18.60199874,19.04976423,2022-11-02T15:00:00Z
Sheffield,2022,02-11-2022,16:00:00,1.605275598,0.810635741,2.040243409,2022-11-02T16:00:00Z
Sheffield,2022,02-11-2022,17:00:00,8.205957478,13.51203039,10.57031288,2022-11-02T17:00:00Z
Sheffield,2022,02-11-2022,18:00:00,8.055577788,8.871270706,11.61571615,2022-11-02T18:00:00Z
Sheffield,2022,02-11-2022,19:00:00,17.78006309,36.77712227,25.62279941,2022-11-02T19:00:00Z
Sheffield,2022,02-11-2022,20:00:00,1.957851245,44.86321336,19.10319827,2022-11-02T20:00:00Z
Sheffield,2022,02-11-2022,21:00:00,3.101928276,9.594246651,0.301215303,2022-11-02T21:00:00Z
Sheffield,2022,02-11-2022,22:00:00,1.462091147,0.350249901,7.854960581,2022-11-02T22:00:00Z
Sheffield,2022,02-11-2022,23:00:00,4.874263758,38.6503488,20.28377294,2022-11-02T23:00:00Z
Sheffield,2022,03-11-2022,00:00:00,16.42195148,24.70021037,20.40347823,2022-11-03T00:00:00Z
Sheffield,2022,03-11-2022,01:00:00,21.59750099,59.60085363,42.74101248,2022-11-03T01:00:00Z
Sheffield,2022,03-11-2022,02:00:00,4.016541474,8.019733511,0.034771809,2022-11-03T02:00:00Z
Sheffield,2022,03-11-2022,03:00:00,6.014968977,-16.21401403,5.196520964,2022-11-03T03:00:00Z
Sheffield,2022,03-11-2022,04:00:00,4.95540335,7.806490897,7.708952443,2022-11-03T04:00:00Z
Sheffield,2022,03-11-2022,05:00:00,3.321271631,8.296138535,6.056723438,2022-11-03T05:00:00Z
Sheffield,2022,03-11-2022,06:00:00,3.354212774,7.840573128,12.97572947,2022-11-03T06:00:00Z
Sheffield,2022,03-11-2022,07:00:00,7.958001098,-15.71261549,3.306516542,2022-11-03T07:00:00Z
Sheffield,2022,03-11-2022,08:00:00,8.700372257,30.24860708,27.25753169,2022-11-03T08:00:00Z
Sheffield,2022,03-11-2022,09:00:00,5.540053195,20.02825441,11.40651077,2022-11-03T09:00:00Z
Sheffield,2022,03-11-2022,10:00:00,10.60407399,14.8518957,23.29854887,2022-11-03T10:00:00Z
Sheffield,2022,03-11-2022,11:00:00,8.033903868,22.57039062,7.717581617,2022-11-03T11:00:00Z
Sheffield,2022,03-11-2022,12:00:00,8.189921088,35.38680888,19.56812328,2022-11-03T12:00:00Z
Sheffield,2022,03-11-2022,13:00:00,16.16636325,35.99711013,20.50081316,2022-11-03T13:00:00Z
Sheffield,2022,03-11-2022,14:00:00,0.625304232,47.08290783,22.81527541,2022-11-03T14:00:00Z
Sheffield,2022,03-11-2022,15:00:00,0,21.216545,10.64223916,2022-11-03T15:00:00Z
Sheffield,2022,03-11-2022,16:00:00,9.128602643,14.94521098,9.043755726,2022-11-03T16:00:00Z
Sheffield,2022,03-11-2022,17:00:00,0,13.39314829,11.23081774,2022-11-03T17:00:00Z
Sheffield,2022,03-11-2022,18:00:00,8.980704917,28.22817443,19.78746659,2022-11-03T18:00:00Z
Sheffield,2022,03-11-2022,19:00:00,15.40783937,35.30226719,21.00693748,2022-11-03T19:00:00Z
Sheffield,2022,03-11-2022,20:00:00,0,12.55339551,10.04641275,2022-11-03T20:00:00Z
Sheffield,2022,03-11-2022,21:00:00,4.774862752,6.943049072,16.31395969,2022-11-03T21:00:00Z
Sheffield,2022,03-11-2022,22:00:00,1.623596824,8.586963522,4.974328692,2022-11-03T22:00:00Z
Sheffield,2022,03-11-2022,23:00:00,6.603989414,7.5949601,11.37736723,2022-11-03T23:00:00Z
Sheffield,2022,04-11-2022,00:00:00,30.1170506,40.79641593,39.2015335,2022-11-04T00:00:00Z
Sheffield,2022,04-11-2022,01:00:00,7.420238765,-6.814354991,6.68875043,2022-11-04T01:00:00Z
Sheffield,2022,04-11-2022,02:00:00,8.761372952,29.95412215,22.19596155,2022-11-04T02:00:00Z
Sheffield,2022,04-11-2022,03:00:00,4.467887933,16.86576762,19.03904569,2022-11-04T03:00:00Z
Sheffield,2022,04-11-2022,04:00:00,0,22.88556031,15.36267558,2022-11-04T04:00:00Z
Sheffield,2022,04-11-2022,05:00:00,19.19227161,53.02822972,34.99630801,2022-11-04T05:00:00Z
Sheffield,2022,04-11-2022,06:00:00,0,17.97406335,2.808023241,2022-11-04T06:00:00Z
Sheffield,2022,04-11-2022,07:00:00,7.175348422,17.51364402,10.3237803,2022-11-04T07:00:00Z
Sheffield,2022,04-11-2022,08:00:00,7.571695459,47.65528479,11.98739777,2022-11-04T08:00:00Z
Sheffield,2022,04-11-2022,09:00:00,6.935483826,18.03306314,8.593488327,2022-11-04T09:00:00Z
Sheffield,2022,04-11-2022,10:00:00,13.32939943,17.86449716,18.25070016,2022-11-04T10:00:00Z
Sheffield,2022,04-11-2022,11:00:00,8.595211985,-6.017840192,20.68281161,2022-11-04T11:00:00Z
Sheffield,2022,04-11-2022,12:00:00,10.16430468,10.80367691,6.126717766,2022-11-04T12:00:00Z
Sheffield,2022,04-11-2022,13:00:00,0.132458287,0.762197488,-1.093237949,2022-11-04T13:00:00Z
Sheffield,2022,04-11-2022,14:00:00,2.807483079,22.0846974,9.670298396,2022-11-04T14:00:00Z
Sheffield,2022,04-11-2022,15:00:00,7.775552061,29.06423002,19.43755519,2022-11-04T15:00:00Z
Sheffield,2022,04-11-2022,16:00:00,0,20.96193131,18.28675954,2022-11-04T16:00:00Z
Sheffield,2022,04-11-2022,17:00:00,15.03249692,46.58379928,24.5402437,2022-11-04T17:00:00Z
Sheffield,2022,04-11-2022,18:00:00,0.476712749,17.35450458,9.370592779,2022-11-04T18:00:00Z
Sheffield,2022,04-11-2022,19:00:00,5.733287695,30.786679,16.75472929,2022-11-04T19:00:00Z
Sheffield,2022,04-11-2022,20:00:00,14.87801287,7.090826076,8.925493519,2022-11-04T20:00:00Z
Sheffield,2022,04-11-2022,21:00:00,13.66861888,10.22292516,15.95572477,2022-11-04T21:00:00Z
Sheffield,2022,04-11-2022,22:00:00,24.34124997,24.17081724,20.06398145,2022-11-04T22:00:00Z
Sheffield,2022,04-11-2022,23:00:00,4.784218542,20.1960026,18.20520183,2022-11-04T23:00:00Z
Sheffield,2022,05-11-2022,00:00:00,44.90633438,92.67001287,76.2480248,2022-11-05T00:00:00Z
Sheffield,2022,05-11-2022,01:00:00,32.72025772,88.17386913,63.02854073,2022-11-05T01:00:00Z
Sheffield,2022,05-11-2022,02:00:00,60.01873978,101.9726286,89.02458356,2022-11-05T02:00:00Z
Sheffield,2022,05-11-2022,03:00:00,56.40666614,143.3014735,106.0795967,2022-11-05T03:00:00Z
Sheffield,2022,05-11-2022,04:00:00,26.06017221,69.2237994,64.53995758,2022-11-05T04:00:00Z
Sheffield,2022,05-11-2022,05:00:00,88.61367723,170.1672953,134.2176323,2022-11-05T05:00:00Z
Sheffield,2022,05-11-2022,06:00:00,38.17225731,107.663657,77.79766809,2022-11-05T06:00:00Z
Sheffield,2022,05-11-2022,07:00:00,38.30982641,73.35988126,73.09976495,2022-11-05T07:00:00Z
Sheffield,2022,05-11-2022,08:00:00,20.71130296,57.70202063,49.42088552,2022-11-05T08:00:00Z
Sheffield,2022,05-11-2022,09:00:00,40.41660961,120.1922557,95.28661008,2022-11-05T09:00:00Z
Sheffield,2022,05-11-2022,10:00:00,60.17897927,131.8435379,106.1491385,2022-11-05T10:00:00Z
Sheffield,2022,05-11-2022,11:00:00,35.14620511,54.8166958,58.27785196,2022-11-05T11:00:00Z
Sheffield,2022,05-11-2022,12:00:00,83.13103983,163.7233521,124.8897754,2022-11-05T12:00:00Z
Sheffield,2022,05-11-2022,13:00:00,63.91947404,165.1675649,120.8675063,2022-11-05T13:00:00Z
Sheffield,2022,05-11-2022,14:00:00,35.29940681,75.20233665,54.86907892,2022-11-05T14:00:00Z
Sheffield,2022,05-11-2022,15:00:00,62.88797734,96.90546452,79.49164059,2022-11-05T15:00:00Z
Sheffield,2022,05-11-2022,16:00:00,37.57979681,65.70119976,54.79213735,2022-11-05T16:00:00Z
Sheffield,2022,05-11-2022,17:00:00,35.2116736,113.5664208,92.42747459,2022-11-05T17:00:00Z
Sheffield,2022,05-11-2022,18:00:00,48.35571177,122.914796,92.95160052,2022-11-05T18:00:00Z
Sheffield,2022,05-11-2022,19:00:00,46.54220405,139.8881761,103.797185,2022-11-05T19:00:00Z
Sheffield,2022,05-11-2022,20:00:00,57.12676387,138.1448954,109.0127071,2022-11-05T20:00:00Z
Sheffield,2022,05-11-2022,21:00:00,40.51010353,97.31105282,85.77978295,2022-11-05T21:00:00Z
Sheffield,2022,05-11-2022,22:00:00,31.82890054,97.41097938,75.47668069,2022-11-05T22:00:00Z
Sheffield,2022,05-11-2022,23:00:00,38.0968285,84.7818614,51.44086384,2022-11-05T23:00:00Z
Sheffield,2022,06-11-2022,00:00:00,9.987771248,7.097703669,11.55171508,2022-11-06T00:00:00Z
Sheffield,2022,06-11-2022,01:00:00,4.384549456,41.27956759,17.23057948,2022-11-06T01:00:00Z
Sheffield,2022,06-11-2022,02:00:00,8.079246117,18.44278031,13.85274402,2022-11-06T02:00:00Z
Sheffield,2022,06-11-2022,03:00:00,18.05373411,40.13871882,28.39589612,2022-11-06T03:00:00Z
Sheffield,2022,06-11-2022,04:00:00,0.628053281,19.68867542,8.092995029,2022-11-06T04:00:00Z
Sheffield,2022,06-11-2022,05:00:00,13.00527681,22.25432732,20.01909175,2022-11-06T05:00:00Z
Sheffield,2022,06-11-2022,06:00:00,14.35429649,28.65975826,15.9068248,2022-11-06T06:00:00Z
Sheffield,2022,06-11-2022,07:00:00,0,-12.47634406,-1.129874288,2022-11-06T07:00:00Z
Sheffield,2022,06-11-2022,08:00:00,4.356580914,15.05931791,16.01851014,2022-11-06T08:00:00Z
Sheffield,2022,06-11-2022,09:00:00,14.74761052,20.103088670000002,20.04117571,2022-11-06T09:00:00Z
Sheffield,2022,06-11-2022,10:00:00,20.20168386,9.6291030460000009,15.22034119,2022-11-06T10:00:00Z
Sheffield,2022,06-11-2022,11:00:00,4.746153985,40.90770803,25.15610053,2022-11-06T11:00:00Z
Sheffield,2022,06-11-2022,12:00:00,0,23.38617735,3.178969602,2022-11-06T12:00:00Z
Sheffield,2022,06-11-2022,13:00:00,0,4.591033732,-1.004198285,2022-11-06T13:00:00Z
Sheffield,2022,06-11-2022,14:00:00,8.402571759,0.061338678,10.08792297,2022-11-06T14:00:00Z
Sheffield,2022,06-11-2022,15:00:00,15.7325161,26.38703056,26.26154551,2022-11-06T15:00:00Z
Sheffield,2022,06-11-2022,16:00:00,8.322919322,22.05319473,18.6175063,2022-11-06T16:00:00Z
Sheffield,2022,06-11-2022,17:00:00,0,5.985163891,7.882256872,2022-11-06T17:00:00Z
Sheffield,2022,06-11-2022,18:00:00,14.62484022,41.38594562,26.9472073,2022-11-06T18:00:00Z
Sheffield,2022,06-11-2022,19:00:00,10.83297866,30.86766688,18.91048053,2022-11-06T19:00:00Z
Sheffield,2022,06-11-2022,20:00:00,4.209763766,26.05507967,11.12403344,2022-11-06T20:00:00Z
Sheffield,2022,06-11-2022,21:00:00,6.069926921,25.94152536,17.58844143,2022-11-06T21:00:00Z
Sheffield,2022,06-11-2022,22:00:00,11.75263824,36.05083549,20.80023209,2022-11-06T22:00:00Z
Sheffield,2022,06-11-2022,23:00:00,5.87486907,-5.723696316,10.09070861,2022-11-06T23:00:00Z
Sheffield,2022,07-11-2022,00:00:00,8.761319124,21.59733257,18.00581649,2022-11-07T00:00:00Z
Sheffield,2022,07-11-2022,01:00:00,0,10.81011074,9.48824277,2022-11-07T01:00:00Z
Sheffield,2022,07-11-2022,02:00:00,7.895732166,8.342976122,5.342096626,2022-11-07T02:00:00Z
Sheffield,2022,07-11-2022,03:00:00,7.491667306,18.55201488,10.24408483,2022-11-07T03:00:00Z
Sheffield,2022,07-11-2022,04:00:00,17.84859394,9.995988511,22.52005951,2022-11-07T04:00:00Z
Sheffield,2022,07-11-2022,05:00:00,19.29097725,26.50731439,14.58116807,2022-11-07T05:00:00Z
Sheffield,2022,07-11-2022,06:00:00,0,28.15357671,22.52936647,2022-11-07T06:00:00Z
Sheffield,2022,07-11-2022,07:00:00,8.883817516,12.52399845,10.51851445,2022-11-07T07:00:00Z
Sheffield,2022,07-11-2022,08:00:00,2.242247526,27.71467978,8.146824917,2022-11-07T08:00:00Z
Sheffield,2022,07-11-2022,09:00:00,18.50077081,17.90114116,19.79724656,2022-11-07T09:00:00Z
Sheffield,2022,07-11-2022,10:00:00,15.87780847,48.60005847,39.72699138,2022-11-07T10:00:00Z
Sheffield,2022,07-11-2022,11:00:00,15.01311459,49.49646208,26.87354198,2022-11-07T11:00:00Z
Sheffield,2022,07-11-2022,12:00:00,3.424153832,-8.611798745,4.95636888,2022-11-07T12:00:00Z
Sheffield,2022,07-11-2022,13:00:00,6.926415582,27.700679,7.075783584,2022-11-07T13:00:00Z
Sheffield,2022,07-11-2022,14:00:00,5.97490923,25.82171442,11.2440553,2022-11-07T14:00:00Z
Sheffield,2022,07-11-2022,15:00:00,16.18198012,-0.162363673,12.23440158,2022-11-07T15:00:00Z
Sheffield,2022,07-11-2022,16:00:00,10.06298286,25.0675479,11.51808157,2022-11-07T16:00:00Z
Sheffield,2022,07-11-2022,17:00:00,0,-1.193475349,4.203293858,2022-11-07T17:00:00Z
Sheffield,2022,07-11-2022,18:00:00,12.05666437,29.92475366,21.86179747,2022-11-07T18:00:00Z
Sheffield,2022,07-11-2022,19:00:00,16.25381429,43.43794464,26.17679144,2022-11-07T19:00:00Z
Sheffield,2022,07-11-2022,20:00:00,4.771514249,21.50641827,13.07578978,2022-11-07T20:00:00Z
Sheffield,2022,07-11-2022,21:00:00,0,-3.479099632,0.108961208,2022-11-07T21:00:00Z
Sheffield,2022,07-11-2022,22:00:00,0.738500683,-8.822478809,-5.2325013,2022-11-07T22:00:00Z
Sheffield,2022,07-11-2022,23:00:00,17.91538699,27.19575954,24.01167217,2022-11-07T23:00:00Z
Sheffield,2022,08-11-2022,00:00:00,19.46670426,14.37651259,25.63590059,2022-11-08T00:00:00Z
Sheffield,2022,08-11-2022,01:00:00,11.65679112,30.24472435,14.74583286,2022-11-08T01:00:00Z
Sheffield,2022,08-11-2022,02:00:00,10.11997035,48.276628,24.67840077,2022-11-08T02:00:00Z
Sheffield,2022,08-11-2022,03:00:00,11.38500908,23.60054354,23.0459542,2022-11-08T03:00:00Z
Sheffield,2022,08-11-2022,04:00:00,0,15.52837278,12.46607612,2022-11-08T04:00:00Z
Sheffield,2022,08-11-2022,05:00:00,0,17.28554296,2.497049788,2022-11-08T05:00:00Z
Sheffield,2022,08-11-2022,06:00:00,7.969946167,6.820620749,11.71593414,2022-11-08T06:00:00Z
Sheffield,2022,08-11-2022,07:00:00,18.44612261,27.72050117,33.15396453,2022-11-08T07:00:00Z
Sheffield,2022,08-11-2022,08:00:00,16.70309538,43.56333261,33.02921862,2022-11-08T08:00:00Z
Sheffield,2022,08-11-2022,09:00:00,15.19799362,29.11105665,17.20038621,2022-11-08T09:00:00Z
Sheffield,2022,08-11-2022,10:00:00,17.60326722,-3.833255699,6.710917263,2022-11-08T10:00:00Z
Sheffield,2022,08-11-2022,11:00:00,0,-1.211625014,9.17925041,2022-11-08T11:00:00Z
Sheffield,2022,08-11-2022,12:00:00,1.998639537,8.604047575,5.720001596,2022-11-08T12:00:00Z
Sheffield,2022,08-11-2022,13:00:00,6.167909337,33.37057219,15.84813615,2022-11-08T13:00:00Z
Sheffield,2022,08-11-2022,14:00:00,16.11493638,40.24217631,24.10790188,2022-11-08T14:00:00Z
Sheffield,2022,08-11-2022,15:00:00,11.91311734,31.57759232,23.40104805,2022-11-08T15:00:00Z
Sheffield,2022,08-11-2022,16:00:00,7.257870577,9.713155185,10.96277884,2022-11-08T16:00:00Z
Sheffield,2022,08-11-2022,17:00:00,2.391590516,18.90065852,15.20219611,2022-11-08T17:00:00Z
Sheffield,2022,08-11-2022,18:00:00,4.053115403,12.89403423,10.54292448,2022-11-08T18:00:00Z
Sheffield,2022,08-11-2022,19:00:00,9.467826413,19.25583693,11.48495437,2022-11-08T19:00:00Z
Sheffield,2022,08-11-2022,20:00:00,17.22991821,43.44400462,19.56692327,2022-11-08T20:00:00Z
Sheffield,2022,08-11-2022,21:00:00,14.61512183,5.506491575,13.93713379,2022-11-08T21:00:00Z
Sheffield,2022,08-11-2022,22:00:00,6.431570048,12.02663433,9.378003278,2022-11-08T22:00:00Z
Sheffield,2022,08-11-2022,23:00:00,0,23.28460931,9.261922575,2022-11-08T23:00:00Z
Sheffield,2022,09-11-2022,00:00:00,13.63489773,42.21029547,27.15436811,2022-11-09T00:00:00Z
Sheffield,2022,09-11-2022,01:00:00,10.5119635,45.19947648,18.56065878,2022-11-09T01:00:00Z
Sheffield,2022,09-11-2022,02:00:00,13.46502396,7.439840888,11.39280727,2022-11-09T02:00:00Z
Sheffield,2022,09-11-2022,03:00:00,16.93406784,44.69412352,31.47923374,2022-11-09T03:00:00Z
Sheffield,2022,09-11-2022,04:00:00,2.368567352,4.128744312,6.831199835,2022-11-09T04:00:00Z
Sheffield,2022,09-11-2022,05:00:00,10.80661433,27.26487452,16.22801804,2022-11-09T05:00:00Z
Sheffield,2022,09-11-2022,06:00:00,9.516008057,0.675941107,9.534053615,2022-11-09T06:00:00Z
Sheffield,2022,09-11-2022,07:00:00,11.77006212,11.70299094,20.5045262,2022-11-09T07:00:00Z
Sheffield,2022,09-11-2022,08:00:00,4.39675701,25.55213218,25.76513514,2022-11-09T08:00:00Z
Sheffield,2022,09-11-2022,09:00:00,6.922295707,26.56671138,15.74365984,2022-11-09T09:00:00Z
Sheffield,2022,09-11-2022,10:00:00,11.78988446,10.98784725,12.20616825,2022-11-09T10:00:00Z
Sheffield,2022,09-11-2022,11:00:00,21.07314267,27.23110969,20.80069882,2022-11-09T11:00:00Z
Sheffield,2022,09-11-2022,12:00:00,8.33197526,7.052320196,6.366359891,2022-11-09T12:00:00Z
Sheffield,2022,09-11-2022,13:00:00,8.330177904,-21.77453631,5.4992889,2022-11-09T13:00:00Z
Sheffield,2022,09-11-2022,14:00:00,2.713747338,16.52272344,13.63056086,2022-11-09T14:00:00Z
Sheffield,2022,09-11-2022,15:00:00,7.523715072,38.10796605,19.02426241,2022-11-09T15:00:00Z
Sheffield,2022,09-11-2022,16:00:00,0,-21.69327443,-0.206885914,2022-11-09T16:00:00Z
Sheffield,2022,09-11-2022,17:00:00,5.151765247,25.76762213,21.621804,2022-11-09T17:00:00Z
Sheffield,2022,09-11-2022,18:00:00,0,30.62755686,14.18003509,2022-11-09T18:00:00Z
Sheffield,2022,09-11-2022,19:00:00,21.73624217,45.48895917,30.19667331,2022-11-09T19:00:00Z
Sheffield,2022,09-11-2022,20:00:00,5.753829201,-1.109844826,1.248786343,2022-11-09T20:00:00Z
Sheffield,2022,09-11-2022,21:00:00,4.918508075,52.85499755,10.07745501,2022-11-09T21:00:00Z
Sheffield,2022,09-11-2022,22:00:00,10.39261215,15.05892436,15.35898832,2022-11-09T22:00:00Z
Sheffield,2022,09-11-2022,23:00:00,2.140506721,32.87855328,21.57598823,2022-11-09T23:00:00Z
Sheffield,2022,10-11-2022,00:00:00,4.165178769,2.234818664,13.89136744,2022-11-10T00:00:00Z
Sheffield,2022,10-11-2022,01:00:00,22.67825571,28.08628421,19.75134045,2022-11-10T01:00:00Z
Sheffield,2022,10-11-2022,02:00:00,9.840289038,-0.683959528,13.26368663,2022-11-10T02:00:00Z
Sheffield,2022,10-11-2022,03:00:00,11.43914401,15.43147065,9.407532854,2022-11-10T03:00:00Z
Sheffield,2022,10-11-2022,04:00:00,0,-2.363399203,1.623975476,2022-11-10T04:00:00Z
Sheffield,2022,10-11-2022,05:00:00,4.266134247,16.59530633,13.12003739,2022-11-10T05:00:00Z
Sheffield,2022,10-11-2022,06:00:00,14.9010131,36.43049023,27.07465388,2022-11-10T06:00:00Z
Sheffield,2022,10-11-2022,07:00:00,8.613642855,15.95619766,4.137811666,2022-11-10T07:00:00Z
Sheffield,2022,10-11-2022,08:00:00,14.77105518,32.41655375,30.09242719,2022-11-10T08:00:00Z
Sheffield,2022,10-11-2022,09:00:00,15.72429848,47.23837865,26.15455455,2022-11-10T09:00:00Z
Sheffield,2022,10-11-2022,10:00:00,0,19.87662642,25.61728163,2022-11-10T10:00:00Z
Sheffield,2022,10-11-2022,11:00:00,17.25034464,27.26471621,13.59434099,2022-11-10T11:00:00Z
Sheffield,2022,10-11-2022,12:00:00,6.21575393,21.25739344,22.29005498,2022-11-10T12:00:00Z
Sheffield,2022,10-11-2022,13:00:00,4.109117486,12.60655284,14.3731088,2022-11-10T13:00:00Z
Sheffield,2022,10-11-2022,14:00:00,13.00858384,5.514068417,9.282730076,2022-11-10T14:00:00Z
Sheffield,2022,10-11-2022,15:00:00,0.539389524,10.28718652,8.737465586,2022-11-10T15:00:00Z
Sheffield,2022,10-11-2022,16:00:00,0,2.362486253,9.65268072,2022-11-10T16:00:00Z
Sheffield,2022,10-11-2022,17:00:00,8.061724468,0.735310396,2.249032964,2022-11-10T17:00:00Z
Sheffield,2022,10-11-2022,18:00:00,18.38935773,22.06570416,21.61505334,2022-11-10T18:00:00Z
Sheffield,2022,10-11-2022,19:00:00,7.936055615,26.08646369,15.47249706,2022-11-10T19:00:00Z
Sheffield,2022,10-11-2022,20:00:00,5.931728026,-12.84816656,5.520990712,2022-11-10T20:00:00Z
Sheffield,2022,10-11-2022,21:00:00,7.32494469,19.46516215,16.6757304,2022-11-10T21:00:00Z
Sheffield,2022,10-11-2022,22:00:00,9.2723898,26.20425062,13.14533387,2022-11-10T22:00:00Z
Sheffield,2022,10-11-2022,23:00:00,16.86914631,46.15119054,28.75367472,2022-11-10T23:00:00Z
Sheffield,2023,01-11-2023,00:00:00,11.49857697,38.41926369,36.49015303,2023-11-01T00:00:00Z
Sheffield,2023,01-11-2023,01:00:00,13.89339121,28.21516652,24.52596965,2023-11-01T01:00:00Z
Sheffield,2023,01-11-2023,02:00:00,6.711022284,34.30833845,10.11172574,2023-11-01T02:00:00Z
Sheffield,2023,01-11-2023,03:00:00,2.188716017,-3.788513424,5.493077105,2023-11-01T03:00:00Z
Sheffield,2023,01-11-2023,04:00:00,3.615466485,28.8531371,21.56060175,2023-11-01T04:00:00Z
Sheffield,2023,01-11-2023,05:00:00,15.93017466,44.54083697,29.88656747,2023-11-01T05:00:00Z
Sheffield,2023,01-11-2023,06:00:00,6.668215227,20.12061936,26.38640334,2023-11-01T06:00:00Z
Sheffield,2023,01-11-2023,07:00:00,10.52485161,-6.324735358,7.738258206,2023-11-01T07:00:00Z
Sheffield,2023,01-11-2023,08:00:00,23.04241216,57.47969974,34.26545569,2023-11-01T08:00:00Z
Sheffield,2023,01-11-2023,09:00:00,17.73331872,52.09235847,27.68053766,2023-11-01T09:00:00Z
Sheffield,2023,01-11-2023,10:00:00,14.13540172,15.81759025,8.395671803,2023-11-01T10:00:00Z
Sheffield,2023,01-11-2023,11:00:00,17.16855099,33.664389,25.79251015,2023-11-01T11:00:00Z
Sheffield,2023,01-11-2023,12:00:00,0,1.34984699,0.230964712,2023-11-01T12:00:00Z
Sheffield,2023,01-11-2023,13:00:00,10.62096134,8.454096531,12.39946166,2023-11-01T13:00:00Z
Sheffield,2023,01-11-2023,14:00:00,9.317812665,22.80156583,12.37516606,2023-11-01T14:00:00Z
Sheffield,2023,01-11-2023,15:00:00,1.829484947,-0.911170504,7.174628039,2023-11-01T15:00:00Z
Sheffield,2023,01-11-2023,16:00:00,0,-15.25472285,-6.390885524,2023-11-01T16:00:00Z
Sheffield,2023,01-11-2023,17:00:00,5.530818581,3.892654404,15.92421012,2023-11-01T17:00:00Z
Sheffield,2023,01-11-2023,18:00:00,6.552635711,17.69987247,6.957894413,2023-11-01T18:00:00Z
Sheffield,2023,01-11-2023,19:00:00,14.17942511,29.97221869,12.47315891,2023-11-01T19:00:00Z
Sheffield,2023,01-11-2023,20:00:00,6.328385523,13.1567129,12.22737945,2023-11-01T20:00:00Z
Sheffield,2023,01-11-2023,21:00:00,4.560249888,12.29337894,11.20491486,2023-11-01T21:00:00Z
Sheffield,2023,01-11-2023,22:00:00,0,7.218659364,5.755912515,2023-11-01T22:00:00Z
Sheffield,2023,01-11-2023,23:00:00,11.73041137,26.72114752,20.83827141,2023-11-01T23:00:00Z
Sheffield,2023,02-11-2023,00:00:00,7.886394802,11.78594817,11.9367616,2023-11-02T00:00:00Z
Sheffield,2023,02-11-2023,01:00:00,0,17.06692171,11.47541551,2023-11-02T01:00:00Z
Sheffield,2023,02-11-2023,02:00:00,5.492269989,4.29443004,1.993638771,2023-11-02T02:00:00Z
Sheffield,2023,02-11-2023,03:00:00,9.548824004,35.64378827,23.79369203,2023-11-02T03:00:00Z
Sheffield,2023,02-11-2023,04:00:00,4.143675666,1.461221223,6.751493797,2023-11-02T04:00:00Z
Sheffield,2023,02-11-2023,05:00:00,0,28.36057975,13.4824444,2023-11-02T05:00:00Z
Sheffield,2023,02-11-2023,06:00:00,2.286887421,3.270948296,10.88733433,2023-11-02T06:00:00Z
Sheffield,2023,02-11-2023,07:00:00,6.084398152,8.869246367,11.20140725,2023-11-02T07:00:00Z
Sheffield,2023,02-11-2023,08:00:00,7.447832377,16.58199337,10.03990386,2023-11-02T08:00:00Z
Sheffield,2023,02-11-2023,09:00:00,13.6767415,25.61450882,16.97711213,2023-11-02T09:00:00Z
Sheffield,2023,02-11-2023,10:00:00,15.8394303,21.7976266,15.83295219,2023-11-02T10:00:00Z
Sheffield,2023,02-11-2023,11:00:00,4.01130359,35.77943893,22.13887648,2023-11-02T11:00:00Z
Sheffield,2023,02-11-2023,12:00:00,0,-23.6929199,-11.72289908,2023-11-02T12:00:00Z
Sheffield,2023,02-11-2023,13:00:00,12.44971946,19.72277874,22.38086037,2023-11-02T13:00:00Z
Sheffield,2023,02-11-2023,14:00:00,0,17.50064058,5.37173744,2023-11-02T14:00:00Z
Sheffield,2023,02-11-2023,15:00:00,19.96567802,12.90914297,23.9311411,2023-11-02T15:00:00Z
Sheffield,2023,02-11-2023,16:00:00,0,-0.254032195,4.851935739,2023-11-02T16:00:00Z
Sheffield,2023,02-11-2023,17:00:00,7.545502086,7.329038305,9.000987402,2023-11-02T17:00:00Z
Sheffield,2023,02-11-2023,18:00:00,0,7.332395381,4.58710795,2023-11-02T18:00:00Z
Sheffield,2023,02-11-2023,19:00:00,14.66122989,40.38461409,27.33047815,2023-11-02T19:00:00Z
Sheffield,2023,02-11-2023,20:00:00,19.30170688,27.58014333,23.51734145,2023-11-02T20:00:00Z
Sheffield,2023,02-11-2023,21:00:00,1.921998712,27.31239619,14.66585095,2023-11-02T21:00:00Z
Sheffield,2023,02-11-2023,22:00:00,6.699700877,20.56966411,10.50014124,2023-11-02T22:00:00Z
Sheffield,2023,02-11-2023,23:00:00,0,13.27209429,6.586388209,2023-11-02T23:00:00Z
Sheffield,2023,03-11-2023,00:00:00,21.88937156,28.62794424,26.13310802,2023-11-03T00:00:00Z
Sheffield,2023,03-11-2023,01:00:00,11.12961495,12.82207494,8.512468664,2023-11-03T01:00:00Z
Sheffield,2023,03-11-2023,02:00:00,0,-4.839320363,-5.444548291,2023-11-03T02:00:00Z
Sheffield,2023,03-11-2023,03:00:00,0,20.49417609,4.392699017,2023-11-03T03:00:00Z
Sheffield,2023,03-11-2023,04:00:00,4.370909863,-2.005435784,4.173971665,2023-11-03T04:00:00Z
Sheffield,2023,03-11-2023,05:00:00,4.045189162,10.51373832,16.04770922,2023-11-03T05:00:00Z
Sheffield,2023,03-11-2023,06:00:00,15.65627006,13.94728844,10.97760819,2023-11-03T06:00:00Z
Sheffield,2023,03-11-2023,07:00:00,0,11.25309392,5.632683552,2023-11-03T07:00:00Z
Sheffield,2023,03-11-2023,08:00:00,5.847201581,24.51660006,16.58354425,2023-11-03T08:00:00Z
Sheffield,2023,03-11-2023,09:00:00,8.061335774,21.23304765,17.86379252,2023-11-03T09:00:00Z
Sheffield,2023,03-11-2023,10:00:00,8.613360943,22.85724456,11.17718131,2023-11-03T10:00:00Z
Sheffield,2023,03-11-2023,11:00:00,7.817858542,12.81923525,-1.416927638,2023-11-03T11:00:00Z
Sheffield,2023,03-11-2023,12:00:00,0,19.2345518,12.32393078,2023-11-03T12:00:00Z
Sheffield,2023,03-11-2023,13:00:00,4.330351894,-1.452941287,1.082251557,2023-11-03T13:00:00Z
Sheffield,2023,03-11-2023,14:00:00,7.244022761,39.94117808,23.04677538,2023-11-03T14:00:00Z
Sheffield,2023,03-11-2023,15:00:00,9.338239993,11.41632985,15.28612247,2023-11-03T15:00:00Z
Sheffield,2023,03-11-2023,16:00:00,0,-10.12368918,-2.448784612,2023-11-03T16:00:00Z
Sheffield,2023,03-11-2023,17:00:00,7.599104925,5.829839893,15.16888068,2023-11-03T17:00:00Z
Sheffield,2023,03-11-2023,18:00:00,4.949069122,-5.29648144,1.021142478,2023-11-03T18:00:00Z
Sheffield,2023,03-11-2023,19:00:00,18.64522134,37.59553029,23.37555864,2023-11-03T19:00:00Z
Sheffield,2023,03-11-2023,20:00:00,4.81169957,14.57062406,1.260418392,2023-11-03T20:00:00Z
Sheffield,2023,03-11-2023,21:00:00,10.92225945,5.739482791,12.4773361,2023-11-03T21:00:00Z
Sheffield,2023,03-11-2023,22:00:00,6.474122164,23.54734283,17.63147443,2023-11-03T22:00:00Z
Sheffield,2023,03-11-2023,23:00:00,4.497587047,10.47103578,13.02912384,2023-11-03T23:00:00Z
Sheffield,2023,04-11-2023,00:00:00,6.503397657,7.923155372,3.661016156,2023-11-04T00:00:00Z
Sheffield,2023,04-11-2023,01:00:00,7.35630892,31.30379062,24.52473673,2023-11-04T01:00:00Z
Sheffield,2023,04-11-2023,02:00:00,11.81522923,24.04893644,15.25350505,2023-11-04T02:00:00Z
Sheffield,2023,04-11-2023,03:00:00,4.788005997,25.50900681,16.48220467,2023-11-04T03:00:00Z
Sheffield,2023,04-11-2023,04:00:00,15.64302398,24.705699160000002,20.33224936,2023-11-04T04:00:00Z
Sheffield,2023,04-11-2023,05:00:00,8.953946151,10.50315004,14.88599607,2023-11-04T05:00:00Z
Sheffield,2023,04-11-2023,06:00:00,10.15392626,11.97691622,13.13667913,2023-11-04T06:00:00Z
Sheffield,2023,04-11-2023,07:00:00,2.025741108,16.60218803,10.04113403,2023-11-04T07:00:00Z
Sheffield,2023,04-11-2023,08:00:00,9.43280685,32.23329392,29.67980813,2023-11-04T08:00:00Z
Sheffield,2023,04-11-2023,09:00:00,11.97421092,14.5015661,12.11306152,2023-11-04T09:00:00Z
Sheffield,2023,04-11-2023,10:00:00,6.281910969,3.753916528,10.78672138,2023-11-04T10:00:00Z
Sheffield,2023,04-11-2023,11:00:00,14.18513583,32.71101408,21.10505945,2023-11-04T11:00:00Z
Sheffield,2023,04-11-2023,12:00:00,11.15542472,22.77494144,15.07990711,2023-11-04T12:00:00Z
Sheffield,2023,04-11-2023,13:00:00,5.839147581,26.78111107,13.93024903,2023-11-04T13:00:00Z
Sheffield,2023,04-11-2023,14:00:00,6.986755492,5.180551725,12.58504793,2023-11-04T14:00:00Z
Sheffield,2023,04-11-2023,15:00:00,0.692659745,23.56331352,4.281918222,2023-11-04T15:00:00Z
Sheffield,2023,04-11-2023,16:00:00,16.76378906,26.16255321,17.19800256,2023-11-04T16:00:00Z
Sheffield,2023,04-11-2023,17:00:00,9.406105525,26.96896025,16.57967535,2023-11-04T17:00:00Z
Sheffield,2023,04-11-2023,18:00:00,8.384144295,19.00582386,19.49717777,2023-11-04T18:00:00Z
Sheffield,2023,04-11-2023,19:00:00,4.105094979,14.50286053,11.22297077,2023-11-04T19:00:00Z
Sheffield,2023,04-11-2023,20:00:00,12.60631198,18.64802041,14.05640839,2023-11-04T20:00:00Z
Sheffield,2023,04-11-2023,21:00:00,10.99163076,33.48405559,19.23579207,2023-11-04T21:00:00Z
Sheffield,2023,04-11-2023,22:00:00,0,3.137604969,3.780701721,2023-11-04T22:00:00Z
Sheffield,2023,04-11-2023,23:00:00,7.875122476,15.59967793,6.489999357,2023-11-04T23:00:00Z
Sheffield,2023,05-11-2023,00:00:00,34.52241399,64.61089047,47.26643302,2023-11-05T00:00:00Z
Sheffield,2023,05-11-2023,01:00:00,50.49856865,122.2827342,91.19323949,2023-11-05T01:00:00Z
Sheffield,2023,05-11-2023,02:00:00,30.78934635,55.95808048,43.51542004,2023-11-05T02:00:00Z
Sheffield,2023,05-11-2023,03:00:00,69.19746284,138.2482399,116.1706887,2023-11-05T03:00:00Z
Sheffield,2023,05-11-2023,04:00:00,42.31954922,103.1408401,74.05265112,2023-11-05T04:00:00Z
Sheffield,2023,05-11-2023,05:00:00,60.05749484,137.8029997,112.3946849,2023-11-05T05:00:00Z
Sheffield,2023,05-11-2023,06:00:00,59.56992893,126.9584103,97.38367286,2023-11-05T06:00:00Z
Sheffield,2023,05-11-2023,07:00:00,71.11398418,118.041577,98.22429316,2023-11-05T07:00:00Z
Sheffield,2023,05-11-2023,08:00:00,40.26957005,88.57625945,64.0107529,2023-11-05T08:00:00Z
Sheffield,2023,05-11-2023,09:00:00,43.92720464,131.2142863,100.2609413,2023-11-05T09:00:00Z
Sheffield,2023,05-11-2023,10:00:00,42.89873129,120.5762398,91.5176443,2023-11-05T10:00:00Z
Sheffield,2023,05-11-2023,11:00:00,73.20131463,126.0345776,113.518486,2023-11-05T11:00:00Z
Sheffield,2023,05-11-2023,12:00:00,63.92913105,177.9961019,134.798736,2023-11-05T12:00:00Z
Sheffield,2023,05-11-2023,13:00:00,35.47261972,118.8314913,94.73431974,2023-11-05T13:00:00Z
Sheffield,2023,05-11-2023,14:00:00,39.11425469,101.5510341,88.76371779,2023-11-05T14:00:00Z
Sheffield,2023,05-11-2023,15:00:00,82.1945232,148.2621346,114.5057299,2023-11-05T15:00:00Z
Sheffield,2023,05-11-2023,16:00:00,59.55129381,111.8749115,84.80162161,2023-11-05T16:00:00Z
Sheffield,2023,05-11-2023,17:00:00,52.89431331,108.444014,84.87766796,2023-11-05T17:00:00Z
Sheffield,2023,05-11-2023,18:00:00,39.00259451,136.8365236,104.9100777,2023-11-05T18:00:00Z
Sheffield,2023,05-11-2023,19:00:00,53.00438017,131.8626463,96.99685008,2023-11-05T19:00:00Z
Sheffield,2023,05-11-2023,20:00:00,40.00906118,114.6369042,82.80558424,2023-11-05T20:00:00Z
Sheffield,2023,05-11-2023,21:00:00,61.96080308,183.3435481,130.5819108,2023-11-05T21:00:00Z
Sheffield,2023,05-11-2023,22:00:00,44.43394004,129.2888879,96.48684729,2023-11-05T22:00:00Z
Sheffield,2023,05-11-2023,23:00:00,43.77252725,142.538721,94.4724813,2023-11-05T23:00:00Z
Sheffield,2023,06-11-2023,00:00:00,15.04595786,41.79003822,21.6883564,2023-11-06T00:00:00Z
Sheffield,2023,06-11-2023,01:00:00,8.974822251,23.4159188,17.94487568,2023-11-06T01:00:00Z
Sheffield,2023,06-11-2023,02:00:00,17.95341363,20.0423339,20.58711705,2023-11-06T02:00:00Z
Sheffield,2023,06-11-2023,03:00:00,5.748257474,16.23220592,6.361810901,2023-11-06T03:00:00Z
Sheffield,2023,06-11-2023,04:00:00,0,13.09156278,14.03378507,2023-11-06T04:00:00Z
Sheffield,2023,06-11-2023,05:00:00,3.965493048,19.40354982,16.44823118,2023-11-06T05:00:00Z
Sheffield,2023,06-11-2023,06:00:00,13.89021446,29.08951389,24.26773527,2023-11-06T06:00:00Z
Sheffield,2023,06-11-2023,07:00:00,0,17.73049194,7.785377513,2023-11-06T07:00:00Z
Sheffield,2023,06-11-2023,08:00:00,1.42134433,16.18849921,14.11127539,2023-11-06T08:00:00Z
Sheffield,2023,06-11-2023,09:00:00,1.496201952,-0.550000115,4.281591406,2023-11-06T09:00:00Z
Sheffield,2023,06-11-2023,10:00:00,3.870181258,15.2161924,13.07593334,2023-11-06T10:00:00Z
Sheffield,2023,06-11-2023,11:00:00,13.39280392,13.50162449,19.27133471,2023-11-06T11:00:00Z
Sheffield,2023,06-11-2023,12:00:00,5.291277094,30.41131612,19.66873331,2023-11-06T12:00:00Z
Sheffield,2023,06-11-2023,13:00:00,21.12152587,22.79872306,20.10752495,2023-11-06T13:00:00Z
Sheffield,2023,06-11-2023,14:00:00,1.693420217,5.357527627,3.033992936,2023-11-06T14:00:00Z
Sheffield,2023,06-11-2023,15:00:00,4.884966364,-5.797936482,5.683570176,2023-11-06T15:00:00Z
Sheffield,2023,06-11-2023,16:00:00,0,1.301379656,11.28733809,2023-11-06T16:00:00Z
Sheffield,2023,06-11-2023,17:00:00,16.13179151,18.23177903,20.53544072,2023-11-06T17:00:00Z
Sheffield,2023,06-11-2023,18:00:00,3.732834071,4.434355598,24.11961409,2023-11-06T18:00:00Z
Sheffield,2023,06-11-2023,19:00:00,0,-4.107784907,-0.28075064,2023-11-06T19:00:00Z
Sheffield,2023,06-11-2023,20:00:00,0,13.89493289,13.99275556,2023-11-06T20:00:00Z
Sheffield,2023,06-11-2023,21:00:00,1.892889653,-5.179641988,3.758874095,2023-11-06T21:00:00Z
Sheffield,2023,06-11-2023,22:00:00,9.070835305,47.10951587,23.99108459,2023-11-06T22:00:00Z
Sheffield,2023,06-11-2023,23:00:00,1.362007148,20.73578611,12.24167227,2023-11-06T23:00:00Z
Sheffield,2023,07-11-2023,00:00:00,3.011912417,18.65356688,20.94698447,2023-11-07T00:00:00Z
Sheffield,2023,07-11-2023,01:00:00,8.191564534,8.700001562,7.343708041,2023-11-07T01:00:00Z
Sheffield,2023,07-11-2023,02:00:00,7.233877829,4.835602624,12.98491028,2023-11-07T02:00:00Z
Sheffield,2023,07-11-2023,03:00:00,2.642807778,15.304501,7.730069418,2023-11-07T03:00:00Z
Sheffield,2023,07-11-2023,04:00:00,0,0.897748565,0.634999301,2023-11-07T04:00:00Z
Sheffield,2023,07-11-2023,05:00:00,18.24064122,28.49881326,23.28347279,2023-11-07T05:00:00Z
Sheffield,2023,07-11-2023,06:00:00,16.04594954,15.9534013,12.85489088,2023-11-07T06:00:00Z
Sheffield,2023,07-11-2023,07:00:00,0,12.40917085,8.697331306,2023-11-07T07:00:00Z
Sheffield,2023,07-11-2023,08:00:00,0,15.99148065,14.00761005,2023-11-07T08:00:00Z
Sheffield,2023,07-11-2023,09:00:00,9.484528182,30.83769651,15.28847654,2023-11-07T09:00:00Z
Sheffield,2023,07-11-2023,10:00:00,4.725659642,6.891906664,5.863158623,2023-11-07T10:00:00Z
Sheffield,2023,07-11-2023,11:00:00,16.33497149,35.5363176,25.17216449,2023-11-07T11:00:00Z
Sheffield,2023,07-11-2023,12:00:00,15.84082587,21.57750288,21.61084107,2023-11-07T12:00:00Z
Sheffield,2023,07-11-2023,13:00:00,16.3523547,12.13737677,18.79194312,2023-11-07T13:00:00Z
Sheffield,2023,07-11-2023,14:00:00,18.72739084,31.73554345,12.57396824,2023-11-07T14:00:00Z
Sheffield,2023,07-11-2023,15:00:00,3.378497617,21.94563591,14.30104028,2023-11-07T15:00:00Z
Sheffield,2023,07-11-2023,16:00:00,2.098619471,5.949520773,18.20753692,2023-11-07T16:00:00Z
Sheffield,2023,07-11-2023,17:00:00,2.968781234,26.24780856,15.92480351,2023-11-07T17:00:00Z
Sheffield,2023,07-11-2023,18:00:00,9.110243901,25.26357421,18.12227994,2023-11-07T18:00:00Z
Sheffield,2023,07-11-2023,19:00:00,7.949910758,22.00861028,15.65922547,2023-11-07T19:00:00Z
Sheffield,2023,07-11-2023,20:00:00,1.996442738,-18.17497762,4.515760751,2023-11-07T20:00:00Z
Sheffield,2023,07-11-2023,21:00:00,11.22902351,24.41389389,14.66349344,2023-11-07T21:00:00Z
Sheffield,2023,07-11-2023,22:00:00,10.67249489,35.24911144,32.92139845,2023-11-07T22:00:00Z
Sheffield,2023,07-11-2023,23:00:00,0.723540476,35.91054242,12.48756202,2023-11-07T23:00:00Z
Sheffield,2023,08-11-2023,00:00:00,9.773759442,12.37269907,15.10602442,2023-11-08T00:00:00Z
Sheffield,2023,08-11-2023,01:00:00,0.34876544,21.64197687,6.069306081,2023-11-08T01:00:00Z
Sheffield,2023,08-11-2023,02:00:00,0,16.19229905,20.12160188,2023-11-08T02:00:00Z
Sheffield,2023,08-11-2023,03:00:00,8.968086327,27.96260132,30.79859213,2023-11-08T03:00:00Z
Sheffield,2023,08-11-2023,04:00:00,10.00341652,3.408500912,18.01118469,2023-11-08T04:00:00Z
Sheffield,2023,08-11-2023,05:00:00,8.687161374,1.149223376,15.20999628,2023-11-08T05:00:00Z
Sheffield,2023,08-11-2023,06:00:00,14.13921323,8.432714158,13.4606789,2023-11-08T06:00:00Z
Sheffield,2023,08-11-2023,07:00:00,0,3.387337938,7.7456886129999996,2023-11-08T07:00:00Z
Sheffield,2023,08-11-2023,08:00:00,17.64482151,29.52767792,18.02282433,2023-11-08T08:00:00Z
Sheffield,2023,08-11-2023,09:00:00,14.7596195,31.42884282,16.09202692,2023-11-08T09:00:00Z
Sheffield,2023,08-11-2023,10:00:00,4.499648061,4.412978551,14.12540915,2023-11-08T10:00:00Z
Sheffield,2023,08-11-2023,11:00:00,12.89803229,40.97277784,27.7886128,2023-11-08T11:00:00Z
Sheffield,2023,08-11-2023,12:00:00,9.761133676,35.90738281,21.89377151,2023-11-08T12:00:00Z
Sheffield,2023,08-11-2023,13:00:00,10.79067789,15.6683133,19.3488408,2023-11-08T13:00:00Z
Sheffield,2023,08-11-2023,14:00:00,11.69545995,17.06223465,15.62275717,2023-11-08T14:00:00Z
Sheffield,2023,08-11-2023,15:00:00,7.23854255,16.71722392,7.888787522,2023-11-08T15:00:00Z
Sheffield,2023,08-11-2023,16:00:00,23.27493762,24.89622039,25.54317943,2023-11-08T16:00:00Z
Sheffield,2023,08-11-2023,17:00:00,16.24355301,23.15510424,22.7906555,2023-11-08T17:00:00Z
Sheffield,2023,08-11-2023,18:00:00,1.9234907,-5.068357508,-0.024876068,2023-11-08T18:00:00Z
Sheffield,2023,08-11-2023,19:00:00,0,15.17861534,1.562295734,2023-11-08T19:00:00Z
Sheffield,2023,08-11-2023,20:00:00,5.922535927,20.57468777,17.74798958,2023-11-08T20:00:00Z
Sheffield,2023,08-11-2023,21:00:00,6.660893502,17.08086211,13.4723846,2023-11-08T21:00:00Z
Sheffield,2023,08-11-2023,22:00:00,4.732703355,7.658222753,5.464085115,2023-11-08T22:00:00Z
Sheffield,2023,08-11-2023,23:00:00,20.23363251,32.59508496,32.60991007,2023-11-08T23:00:00Z
Sheffield,2023,09-11-2023,00:00:00,6.132272995,30.66295107,19.91244347,2023-11-09T00:00:00Z
Sheffield,2023,09-11-2023,01:00:00,14.00201966,13.59565127,21.63356322,2023-11-09T01:00:00Z
Sheffield,2023,09-11-2023,02:00:00,15.16026473,8.14962053,19.66806007,2023-11-09T02:00:00Z
Sheffield,2023,09-11-2023,03:00:00,13.23524456,27.26128984,23.36530827,2023-11-09T03:00:00Z
Sheffield,2023,09-11-2023,04:00:00,21.22395612,54.89157357,26.90028162,2023-11-09T04:00:00Z
Sheffield,2023,09-11-2023,05:00:00,0,-17.65801063,-1.555300962,2023-11-09T05:00:00Z
Sheffield,2023,09-11-2023,06:00:00,12.75388105,25.84022586,26.66887441,2023-11-09T06:00:00Z
Sheffield,2023,09-11-2023,07:00:00,14.28784448,26.53259613,22.24125494,2023-11-09T07:00:00Z
Sheffield,2023,09-11-2023,08:00:00,6.185079589,-0.994400671,7.984591567,2023-11-09T08:00:00Z
Sheffield,2023,09-11-2023,09:00:00,20.33385142,41.09546242,29.49090272,2023-11-09T09:00:00Z
Sheffield,2023,09-11-2023,10:00:00,15.30330286,13.96033589,16.87414835,2023-11-09T10:00:00Z
Sheffield,2023,09-11-2023,11:00:00,4.451559722,32.60240859,26.62036156,2023-11-09T11:00:00Z
Sheffield,2023,09-11-2023,12:00:00,11.94433554,18.37221527,7.297784726,2023-11-09T12:00:00Z
Sheffield,2023,09-11-2023,13:00:00,7.43077854,19.42687035,15.0710727,2023-11-09T13:00:00Z
Sheffield,2023,09-11-2023,14:00:00,5.163995393,30.39108391,21.02510208,2023-11-09T14:00:00Z
Sheffield,2023,09-11-2023,15:00:00,5.249921522,25.21479636,10.79914451,2023-11-09T15:00:00Z
Sheffield,2023,09-11-2023,16:00:00,0,17.28678057,22.24887545,2023-11-09T16:00:00Z
Sheffield,2023,09-11-2023,17:00:00,12.0067674,26.17640849,21.2021934,2023-11-09T17:00:00Z
Sheffield,2023,09-11-2023,18:00:00,6.685097145,-15.92906347,3.172612886,2023-11-09T18:00:00Z
Sheffield,2023,09-11-2023,19:00:00,16.41801623,30.75258983,32.46828915,2023-11-09T19:00:00Z
Sheffield,2023,09-11-2023,20:00:00,11.40656386,25.34293896,10.40312863,2023-11-09T20:00:00Z
Sheffield,2023,09-11-2023,21:00:00,0.591019713,11.48550347,2.005458439,2023-11-09T21:00:00Z
Sheffield,2023,09-11-2023,22:00:00,6.170727762,11.31501227,11.9775787,2023-11-09T22:00:00Z
Sheffield,2023,09-11-2023,23:00:00,13.17207492,48.65442617,25.24855571,2023-11-09T23:00:00Z
Sheffield,2023,10-11-2023,00:00:00,13.53119957,45.20663848,21.59010126,2023-11-10T00:00:00Z
Sheffield,2023,10-11-2023,01:00:00,3.632464453,12.04959236,13.09668352,2023-11-10T01:00:00Z
Sheffield,2023,10-11-2023,02:00:00,10.10731809,26.07330395,9.942285093,2023-11-10T02:00:00Z
Sheffield,2023,10-11-2023,03:00:00,23.18122731,24.86006084,17.94050129,2023-11-10T03:00:00Z
Sheffield,2023,10-11-2023,04:00:00,20.15994088,44.26592391,19.92006652,2023-11-10T04:00:00Z
Sheffield,2023,10-11-2023,05:00:00,2.438504366,-2.691943978,1.577241478,2023-11-10T05:00:00Z
Sheffield,2023,10-11-2023,06:00:00,0,4.940570927,2.280575386,2023-11-10T06:00:00Z
Sheffield,2023,10-11-2023,07:00:00,0,-2.896301029,8.934057174,2023-11-10T07:00:00Z
Sheffield,2023,10-11-2023,08:00:00,15.54161384,16.41554713,22.5362444,2023-11-10T08:00:00Z
Sheffield,2023,10-11-2023,09:00:00,9.294256157,49.9326386,30.30530973,2023-11-10T09:00:00Z
Sheffield,2023,10-11-2023,10:00:00,16.78433939,33.89914954,25.92810261,2023-11-10T10:00:00Z
Sheffield,2023,10-11-2023,11:00:00,0.971724988,23.4699178,10.91536073,2023-11-10T11:00:00Z
Sheffield,2023,10-11-2023,12:00:00,17.29065664,27.0639637,25.11547258,2023-11-10T12:00:00Z
Sheffield,2023,10-11-2023,13:00:00,0,10.25292261,8.781936495,2023-11-10T13:00:00Z
Sheffield,2023,10-11-2023,14:00:00,5.010658287,27.96934303,18.04005777,2023-11-10T14:00:00Z
Sheffield,2023,10-11-2023,15:00:00,2.840861478,2.156500231,3.56733202,2023-11-10T15:00:00Z
Sheffield,2023,10-11-2023,16:00:00,9.191445065,31.81881845,26.82348274,2023-11-10T16:00:00Z
Sheffield,2023,10-11-2023,17:00:00,0,13.45199953,13.2938085,2023-11-10T17:00:00Z
Sheffield,2023,10-11-2023,18:00:00,21.51187721,25.85147272,17.50157651,2023-11-10T18:00:00Z
Sheffield,2023,10-11-2023,19:00:00,16.43970997,35.56743894,19.91247854,2023-11-10T19:00:00Z
Sheffield,2023,10-11-2023,20:00:00,10.01677665,20.10769511,10.26177297,2023-11-10T20:00:00Z
Sheffield,2023,10-11-2023,21:00:00,19.68224908,18.66310026,20.37884485,2023-11-10T21:00:00Z
Sheffield,2023,10-11-2023,22:00:00,8.899565499,4.539357468,11.7845072,2023-11-10T22:00:00Z
Sheffield,2023,10-11-2023,23:00:00,6.978748653,15.28513535,8.187391541,2023-11-10T23:00:00Z
Sheffield,2024,01-11-2024,00:00:00,5.439321998,1.527177718,3.280343833,2024-11-01T00:00:00Z
Sheffield,2024,01-11-2024,01:00:00,3.805260673,-6.254257413,10.16046604,2024-11-01T01:00:00Z
Sheffield,2024,01-11-2024,02:00:00,5.171601517,-9.280186416,8.301499886,2024-11-01T02:00:00Z
Sheffield,2024,01-11-2024,03:00:00,8.030124243,32.13327939,21.62780978,2024-11-01T03:00:00Z
Sheffield,2024,01-11-2024,04:00:00,5.799118183,15.70382366,8.915192317,2024-11-01T04:00:00Z
Sheffield,2024,01-11-2024,05:00:00,18.74396092,27.45671075,20.81679262,2024-11-01T05:00:00Z
Sheffield,2024,01-11-2024,06:00:00,9.682683066,20.44061978,16.8983747,2024-11-01T06:00:00Z
Sheffield,2024,01-11-2024,07:00:00,0.101065739,18.46082119,11.63644828,2024-11-01T07:00:00Z
Sheffield,2024,01-11-2024,08:00:00,22.89547958,47.45616224,31.61441372,2024-11-01T08:00:00Z
Sheffield,2024,01-11-2024,09:00:00,24.11387434,38.80504114,29.12144122,2024-11-01T09:00:00Z
Sheffield,2024,01-11-2024,10:00:00,15.24288132,22.47780893,26.78174322,2024-11-01T10:00:00Z
Sheffield,2024,01-11-2024,11:00:00,14.18619381,38.32490023,23.84467601,2024-11-01T11:00:00Z
Sheffield,2024,01-11-2024,12:00:00,11.85543903,18.4654928,16.01075888,2024-11-01T12:00:00Z
Sheffield,2024,01-11-2024,13:00:00,17.43028669,27.87622906,23.10603825,2024-11-01T13:00:00Z
Sheffield,2024,01-11-2024,14:00:00,7.894337428,-14.81299792,10.58518995,2024-11-01T14:00:00Z
Sheffield,2024,01-11-2024,15:00:00,19.07301738,39.96167126,25.84200633,2024-11-01T15:00:00Z
Sheffield,2024,01-11-2024,16:00:00,12.24365296,22.14462252,17.40987306,2024-11-01T16:00:00Z
Sheffield,2024,01-11-2024,17:00:00,14.4839269,26.43113758,24.21052015,2024-11-01T17:00:00Z
Sheffield,2024,01-11-2024,18:00:00,4.970030805,27.95905727,11.10125131,2024-11-01T18:00:00Z
Sheffield,2024,01-11-2024,19:00:00,5.928662358,23.80208249,13.37237244,2024-11-01T19:00:00Z
Sheffield,2024,01-11-2024,20:00:00,3.403586694,9.714378936,-0.190603969,2024-11-01T20:00:00Z
Sheffield,2024,01-11-2024,21:00:00,18.05260866,37.74219464,25.8435051,2024-11-01T21:00:00Z
Sheffield,2024,01-11-2024,22:00:00,9.232397536,15.23048276,14.43318379,2024-11-01T22:00:00Z
Sheffield,2024,01-11-2024,23:00:00,15.59999158,19.31524716,29.85154635,2024-11-01T23:00:00Z
Sheffield,2024,02-11-2024,00:00:00,3.464274388,-4.848780246,-1.309959978,2024-11-02T00:00:00Z
Sheffield,2024,02-11-2024,01:00:00,0,10.55429172,6.173538415,2024-11-02T01:00:00Z
Sheffield,2024,02-11-2024,02:00:00,3.340085558,10.54469379,9.121428007,2024-11-02T02:00:00Z
Sheffield,2024,02-11-2024,03:00:00,16.49486499,15.49738934,17.26039771,2024-11-02T03:00:00Z
Sheffield,2024,02-11-2024,04:00:00,8.515216043,40.58278156,9.930035676,2024-11-02T04:00:00Z
Sheffield,2024,02-11-2024,05:00:00,6.294919655,34.59410609,21.65683794,2024-11-02T05:00:00Z
Sheffield,2024,02-11-2024,06:00:00,10.13285957,27.73409512,16.42439988,2024-11-02T06:00:00Z
Sheffield,2024,02-11-2024,07:00:00,3.669354226,14.47725535,12.19039246,2024-11-02T07:00:00Z
Sheffield,2024,02-11-2024,08:00:00,7.967653143,20.43373832,11.18611907,2024-11-02T08:00:00Z
Sheffield,2024,02-11-2024,09:00:00,2.757268654,-10.25026542,5.522639612,2024-11-02T09:00:00Z
Sheffield,2024,02-11-2024,10:00:00,15.17417656,30.23675742,28.11783655,2024-11-02T10:00:00Z
Sheffield,2024,02-11-2024,11:00:00,4.568196967,10.50689225,12.69602339,2024-11-02T11:00:00Z
Sheffield,2024,02-11-2024,12:00:00,12.92247393,27.24433931,21.3723943,2024-11-02T12:00:00Z
Sheffield,2024,02-11-2024,13:00:00,10.66500106,49.53179759,27.606455360000002,2024-11-02T13:00:00Z
Sheffield,2024,02-11-2024,14:00:00,0,-8.866728216,4.808615408,2024-11-02T14:00:00Z
Sheffield,2024,02-11-2024,15:00:00,13.82204117,23.32343409,22.69925535,2024-11-02T15:00:00Z
Sheffield,2024,02-11-2024,16:00:00,4.660698217,13.51324034,6.189924376,2024-11-02T16:00:00Z
Sheffield,2024,02-11-2024,17:00:00,3.254051789,19.69285119,14.42843815,2024-11-02T17:00:00Z
Sheffield,2024,02-11-2024,18:00:00,9.868025778,7.416016263,6.258587469,2024-11-02T18:00:00Z
Sheffield,2024,02-11-2024,19:00:00,5.943563632,19.23943926,20.16937243,2024-11-02T19:00:00Z
Sheffield,2024,02-11-2024,20:00:00,3.609516239,18.62867958,6.114584309,2024-11-02T20:00:00Z
Sheffield,2024,02-11-2024,21:00:00,0.434858827,5.770542591,10.57109406,2024-11-02T21:00:00Z
Sheffield,2024,02-11-2024,22:00:00,15.65850176,34.75257165,26.87127233,2024-11-02T22:00:00Z
Sheffield,2024,02-11-2024,23:00:00,12.56322812,30.10362087,13.92679432,2024-11-02T23:00:00Z
Sheffield,2024,03-11-2024,00:00:00,7.552688821,5.682619132,17.30161817,2024-11-03T00:00:00Z
Sheffield,2024,03-11-2024,01:00:00,14.76556053,36.48719795,24.22951709,2024-11-03T01:00:00Z
Sheffield,2024,03-11-2024,02:00:00,17.37999356,38.46138132,25.23570343,2024-11-03T02:00:00Z
Sheffield,2024,03-11-2024,03:00:00,6.814963739,35.74645423,19.82228958,2024-11-03T03:00:00Z
Sheffield,2024,03-11-2024,04:00:00,9.039276015,-6.438773084,8.425985573,2024-11-03T04:00:00Z
Sheffield,2024,03-11-2024,05:00:00,1.943885705,13.35433948,8.073005392,2024-11-03T05:00:00Z
Sheffield,2024,03-11-2024,06:00:00,16.17670161,21.09904696,21.28826679,2024-11-03T06:00:00Z
Sheffield,2024,03-11-2024,07:00:00,0,5.919066173,6.698625388,2024-11-03T07:00:00Z
Sheffield,2024,03-11-2024,08:00:00,16.30811696,24.54664419,15.41026602,2024-11-03T08:00:00Z
Sheffield,2024,03-11-2024,09:00:00,2.468621646,6.194937416,16.9401717,2024-11-03T09:00:00Z
Sheffield,2024,03-11-2024,10:00:00,13.6849208,25.90228109,17.52940492,2024-11-03T10:00:00Z
Sheffield,2024,03-11-2024,11:00:00,0.168386167,34.89856857,17.6695541,2024-11-03T11:00:00Z
Sheffield,2024,03-11-2024,12:00:00,10.3077582,21.399453,17.35602932,2024-11-03T12:00:00Z
Sheffield,2024,03-11-2024,13:00:00,6.846454649,3.649059737,11.3405095,2024-11-03T13:00:00Z
Sheffield,2024,03-11-2024,14:00:00,13.19889337,56.62019104,23.07249626,2024-11-03T14:00:00Z
Sheffield,2024,03-11-2024,15:00:00,10.40454073,3.148201277,9.885050776,2024-11-03T15:00:00Z
Sheffield,2024,03-11-2024,16:00:00,0,-2.804330988,-1.574838379,2024-11-03T16:00:00Z
Sheffield,2024,03-11-2024,17:00:00,5.555163917,20.51493439,9.261168376,2024-11-03T17:00:00Z
Sheffield,2024,03-11-2024,18:00:00,0,-1.506339203,0.753635816,2024-11-03T18:00:00Z
Sheffield,2024,03-11-2024,19:00:00,22.39060436,45.62256934,31.56082784,2024-11-03T19:00:00Z
Sheffield,2024,03-11-2024,20:00:00,12.05554785,23.2040171,22.87187837,2024-11-03T20:00:00Z
Sheffield,2024,03-11-2024,21:00:00,20.4981932,25.64348758,20.67507133,2024-11-03T21:00:00Z
Sheffield,2024,03-11-2024,22:00:00,0,-3.034054032,4.995760651,2024-11-03T22:00:00Z
Sheffield,2024,03-11-2024,23:00:00,0,5.642833123,1.765351593,2024-11-03T23:00:00Z
Sheffield,2024,04-11-2024,00:00:00,11.39863211,6.642094215,13.78755036,2024-11-04T00:00:00Z
Sheffield,2024,04-11-2024,01:00:00,5.7582196,11.73212593,11.18599206,2024-11-04T01:00:00Z
Sheffield,2024,04-11-2024,02:00:00,6.708513716,-2.352060684,16.19108595,2024-11-04T02:00:00Z
Sheffield,2024,04-11-2024,03:00:00,0,36.27594956,11.01194235,2024-11-04T03:00:00Z
Sheffield,2024,04-11-2024,04:00:00,11.2689661,29.26349783,20.79510274,2024-11-04T04:00:00Z
Sheffield,2024,04-11-2024,05:00:00,0.941441657,-11.28708273,-3.980404539,2024-11-04T05:00:00Z
Sheffield,2024,04-11-2024,06:00:00,0,2.742561541,8.417872794,2024-11-04T06:00:00Z
Sheffield,2024,04-11-2024,07:00:00,19.70164598,12.86078177,27.40086736,2024-11-04T07:00:00Z
Sheffield,2024,04-11-2024,08:00:00,11.8795984,35.29795139,21.96281629,2024-11-04T08:00:00Z
Sheffield,2024,04-11-2024,09:00:00,0,5.486812485,2.236598475,2024-11-04T09:00:00Z
Sheffield,2024,04-11-2024,10:00:00,0,14.2421342,9.302826127,2024-11-04T10:00:00Z
Sheffield,2024,04-11-2024,11:00:00,13.05562765,29.25139729,15.46692658,2024-11-04T11:00:00Z
Sheffield,2024,04-11-2024,12:00:00,10.92774745,6.033692663,8.996999601,2024-11-04T12:00:00Z
Sheffield,2024,04-11-2024,13:00:00,15.02829144,20.95292591,18.32291513,2024-11-04T13:00:00Z
Sheffield,2024,04-11-2024,14:00:00,15.63913974,47.53083924,27.0740812,2024-11-04T14:00:00Z
Sheffield,2024,04-11-2024,15:00:00,9.774906359,11.96494782,4.54513566,2024-11-04T15:00:00Z
Sheffield,2024,04-11-2024,16:00:00,15.00309047,14.63133071,19.5857654,2024-11-04T16:00:00Z
Sheffield,2024,04-11-2024,17:00:00,5.935348811,31.53318052,9.588198379,2024-11-04T17:00:00Z
Sheffield,2024,04-11-2024,18:00:00,5.712164842,33.71737394,20.20109074,2024-11-04T18:00:00Z
Sheffield,2024,04-11-2024,19:00:00,1.86741549,34.25828169,20.16621965,2024-11-04T19:00:00Z
Sheffield,2024,04-11-2024,20:00:00,18.84821574,31.446237,25.43282543,2024-11-04T20:00:00Z
Sheffield,2024,04-11-2024,21:00:00,2.182852447,32.71627281,22.165299,2024-11-04T21:00:00Z
Sheffield,2024,04-11-2024,22:00:00,1.64975973,3.643468093,14.27015238,2024-11-04T22:00:00Z
Sheffield,2024,04-11-2024,23:00:00,20.9562948,45.93270075,31.95815505,2024-11-04T23:00:00Z
Sheffield,2024,05-11-2024,00:00:00,30.48668196,77.49460888,60.73081692,2024-11-05T00:00:00Z
Sheffield,2024,05-11-2024,01:00:00,43.713116,83.91438215,67.58763285,2024-11-05T01:00:00Z
Sheffield,2024,05-11-2024,02:00:00,37.74281359,71.31988828,62.06465391,2024-11-05T02:00:00Z
Sheffield,2024,05-11-2024,03:00:00,36.33781552,90.45195221,73.70704973,2024-11-05T03:00:00Z
Sheffield,2024,05-11-2024,04:00:00,51.43610634,146.8953129,114.6990013,2024-11-05T04:00:00Z
Sheffield,2024,05-11-2024,05:00:00,42.56969276,84.71714073,76.39538735,2024-11-05T05:00:00Z
Sheffield,2024,05-11-2024,06:00:00,35.88574277,114.6815497,87.09464278,2024-11-05T06:00:00Z
Sheffield,2024,05-11-2024,07:00:00,59.15394522,145.3045623,106.4204801,2024-11-05T07:00:00Z
Sheffield,2024,05-11-2024,08:00:00,51.06160025,121.6521204,96.26641972,2024-11-05T08:00:00Z
Sheffield,2024,05-11-2024,09:00:00,30.27741898,51.28959476,42.31145916,2024-11-05T09:00:00Z
Sheffield,2024,05-11-2024,10:00:00,48.46728232,132.7018796,98.1413049,2024-11-05T10:00:00Z
Sheffield,2024,05-11-2024,11:00:00,23.59842828,58.92477366,42.4729042,2024-11-05T11:00:00Z
Sheffield,2024,05-11-2024,12:00:00,36.38135963,82.2833265,68.78750779,2024-11-05T12:00:00Z
Sheffield,2024,05-11-2024,13:00:00,70.8220274,149.661102,106.2923985,2024-11-05T13:00:00Z
Sheffield,2024,05-11-2024,14:00:00,41.79316822,94.21601481,77.41280549,2024-11-05T14:00:00Z
Sheffield,2024,05-11-2024,15:00:00,29.44836661,68.83074986,51.34503555,2024-11-05T15:00:00Z
Sheffield,2024,05-11-2024,16:00:00,45.23402739,100.7368551,78.77729368,2024-11-05T16:00:00Z
Sheffield,2024,05-11-2024,17:00:00,14.91625509,45.67754241,42.43197192,2024-11-05T17:00:00Z
Sheffield,2024,05-11-2024,18:00:00,47.90293713,110.4826802,77.2830348,2024-11-05T18:00:00Z
Sheffield,2024,05-11-2024,19:00:00,57.13915177,120.1369064,107.5468072,2024-11-05T19:00:00Z
Sheffield,2024,05-11-2024,20:00:00,36.77794686,28.99018855,52.97335609,2024-11-05T20:00:00Z
Sheffield,2024,05-11-2024,21:00:00,27.08819276,72.94738625,50.84649704,2024-11-05T21:00:00Z
Sheffield,2024,05-11-2024,22:00:00,54.11674661,138.0375204,101.3795029,2024-11-05T22:00:00Z
Sheffield,2024,05-11-2024,23:00:00,60.30343,137.9894618,120.8736038,2024-11-05T23:00:00Z
Sheffield,2024,06-11-2024,00:00:00,4.101156972,16.08259022,16.64026192,2024-11-06T00:00:00Z
Sheffield,2024,06-11-2024,01:00:00,10.33010178,44.610088,30.89123097,2024-11-06T01:00:00Z
Sheffield,2024,06-11-2024,02:00:00,11.21682642,39.7669665,16.32411617,2024-11-06T02:00:00Z
Sheffield,2024,06-11-2024,03:00:00,21.69705566,17.01687736,14.18974857,2024-11-06T03:00:00Z
Sheffield,2024,06-11-2024,04:00:00,10.97234829,24.80561927,17.66391166,2024-11-06T04:00:00Z
Sheffield,2024,06-11-2024,05:00:00,19.38947855,33.12734576,28.90890321,2024-11-06T05:00:00Z
Sheffield,2024,06-11-2024,06:00:00,15.3087909,21.8295764,29.66644501,2024-11-06T06:00:00Z
Sheffield,2024,06-11-2024,07:00:00,5.364974177,22.50204023,7.269040438,2024-11-06T07:00:00Z
Sheffield,2024,06-11-2024,08:00:00,6.759856513,22.10747214,14.75731723,2024-11-06T08:00:00Z
Sheffield,2024,06-11-2024,09:00:00,2.183950256,29.30988365,7.042665745,2024-11-06T09:00:00Z
Sheffield,2024,06-11-2024,10:00:00,13.90530364,19.36082424,20.37443236,2024-11-06T10:00:00Z
Sheffield,2024,06-11-2024,11:00:00,0,19.89269932,15.20790113,2024-11-06T11:00:00Z
Sheffield,2024,06-11-2024,12:00:00,0.951693794,19.06393094,11.32689339,2024-11-06T12:00:00Z
Sheffield,2024,06-11-2024,13:00:00,8.367941415,31.01825728,14.69973427,2024-11-06T13:00:00Z
Sheffield,2024,06-11-2024,14:00:00,0,-5.66510412,-3.131125661,2024-11-06T14:00:00Z
Sheffield,2024,06-11-2024,15:00:00,7.774398503,25.04118944,12.17823767,2024-11-06T15:00:00Z
Sheffield,2024,06-11-2024,16:00:00,14.44111423,32.35956017,19.1397555,2024-11-06T16:00:00Z
Sheffield,2024,06-11-2024,17:00:00,1.036537853,18.17638635,11.11379391,2024-11-06T17:00:00Z
Sheffield,2024,06-11-2024,18:00:00,7.570602345,23.93876784,14.95579873,2024-11-06T18:00:00Z
Sheffield,2024,06-11-2024,19:00:00,4.331774905,8.496033425,12.20037223,2024-11-06T19:00:00Z
Sheffield,2024,06-11-2024,20:00:00,19.45939044,29.24467879,23.41965593,2024-11-06T20:00:00Z
Sheffield,2024,06-11-2024,21:00:00,13.88619312,22.45588676,21.65438308,2024-11-06T21:00:00Z
Sheffield,2024,06-11-2024,22:00:00,11.01174524,21.06005506,18.09883205,2024-11-06T22:00:00Z
Sheffield,2024,06-11-2024,23:00:00,10.32326813,32.4051682,15.00628455,2024-11-06T23:00:00Z
Sheffield,2024,07-11-2024,00:00:00,11.72489721,30.86908913,20.98541527,2024-11-07T00:00:00Z
Sheffield,2024,07-11-2024,01:00:00,4.880829061,18.46397685,16.09911791,2024-11-07T01:00:00Z
Sheffield,2024,07-11-2024,02:00:00,0.285705808,-11.95611473,-7.440924645,2024-11-07T02:00:00Z
Sheffield,2024,07-11-2024,03:00:00,1.124402503,9.468494406,14.60006565,2024-11-07T03:00:00Z
Sheffield,2024,07-11-2024,04:00:00,7.132849091,-5.641692812,11.26706314,2024-11-07T04:00:00Z
Sheffield,2024,07-11-2024,05:00:00,9.597260521,30.96086305,24.9662587,2024-11-07T05:00:00Z
Sheffield,2024,07-11-2024,06:00:00,5.556096171,33.04422724,23.744173,2024-11-07T06:00:00Z
Sheffield,2024,07-11-2024,07:00:00,13.71397745,13.60635433,9.388110453,2024-11-07T07:00:00Z
Sheffield,2024,07-11-2024,08:00:00,8.02251326,16.46720391,12.54036473,2024-11-07T08:00:00Z
Sheffield,2024,07-11-2024,09:00:00,12.73620092,47.71403961,29.67070653,2024-11-07T09:00:00Z
Sheffield,2024,07-11-2024,10:00:00,18.0256045,9.516513064,18.07820392,2024-11-07T10:00:00Z
Sheffield,2024,07-11-2024,11:00:00,8.680115979,26.72530982,20.67529787,2024-11-07T11:00:00Z
Sheffield,2024,07-11-2024,12:00:00,10.43210751,30.69814292,19.25350501,2024-11-07T12:00:00Z
Sheffield,2024,07-11-2024,13:00:00,2.511687053,15.05442278,11.53891141,2024-11-07T13:00:00Z
Sheffield,2024,07-11-2024,14:00:00,3.115139303,-3.967425435,-1.112766258,2024-11-07T14:00:00Z
Sheffield,2024,07-11-2024,15:00:00,13.23415347,19.51748883,16.36829943,2024-11-07T15:00:00Z
Sheffield,2024,07-11-2024,16:00:00,3.267504775,25.38670685,13.14394477,2024-11-07T16:00:00Z
Sheffield,2024,07-11-2024,17:00:00,0,8.101366323,2.915128355,2024-11-07T17:00:00Z
Sheffield,2024,07-11-2024,18:00:00,2.099928549,5.504908707,10.77529209,2024-11-07T18:00:00Z
Sheffield,2024,07-11-2024,19:00:00,9.614941125,40.640034730000004,18.72881503,2024-11-07T19:00:00Z
Sheffield,2024,07-11-2024,20:00:00,10.36554543,28.13248133,5.359790961,2024-11-07T20:00:00Z
Sheffield,2024,07-11-2024,21:00:00,12.83846367,19.18120631,21.42522815,2024-11-07T21:00:00Z
Sheffield,2024,07-11-2024,22:00:00,14.26894471,22.19377146,20.75890494,2024-11-07T22:00:00Z
Sheffield,2024,07-11-2024,23:00:00,12.15157632,20.42677522,17.72024552,2024-11-07T23:00:00Z
Sheffield,2024,08-11-2024,00:00:00,0,-12.55191211,1.258546488,2024-11-08T00:00:00Z
Sheffield,2024,08-11-2024,01:00:00,18.94380015,19.75693553,16.39204911,2024-11-08T01:00:00Z
Sheffield,2024,08-11-2024,02:00:00,5.658374324,28.20191698,25.17739151,2024-11-08T02:00:00Z
Sheffield,2024,08-11-2024,03:00:00,5.693080965,8.315232135,11.52909152,2024-11-08T03:00:00Z
Sheffield,2024,08-11-2024,04:00:00,5.235779483,0.644200871,2.634462999,2024-11-08T04:00:00Z
Sheffield,2024,08-11-2024,05:00:00,7.861239849,39.73431632,25.77647417,2024-11-08T05:00:00Z
Sheffield,2024,08-11-2024,06:00:00,5.290857511,8.238697839,13.53530157,2024-11-08T06:00:00Z
Sheffield,2024,08-11-2024,07:00:00,10.35770302,10.02609153,9.666197219,2024-11-08T07:00:00Z
Sheffield,2024,08-11-2024,08:00:00,15.50406395,34.56656495,23.82009204,2024-11-08T08:00:00Z
Sheffield,2024,08-11-2024,09:00:00,2.246802635,9.107998106,13.96262703,2024-11-08T09:00:00Z
Sheffield,2024,08-11-2024,10:00:00,5.258001513,30.19604676,10.25370342,2024-11-08T10:00:00Z
Sheffield,2024,08-11-2024,11:00:00,1.33741414,23.953083,3.784565024,2024-11-08T11:00:00Z
Sheffield,2024,08-11-2024,12:00:00,0,2.167329183,-0.086877246,2024-11-08T12:00:00Z
Sheffield,2024,08-11-2024,13:00:00,22.68186364,33.34667477,24.73427377,2024-11-08T13:00:00Z
Sheffield,2024,08-11-2024,14:00:00,3.348865315,22.3042918,16.31339885,2024-11-08T14:00:00Z
Sheffield,2024,08-11-2024,15:00:00,12.39707036,22.29783995,15.46446753,2024-11-08T15:00:00Z
Sheffield,2024,08-11-2024,16:00:00,24.24299643,22.30615968,34.18126967,2024-11-08T16:00:00Z
Sheffield,2024,08-11-2024,17:00:00,0,-3.11012012,-2.28453117,2024-11-08T17:00:00Z
Sheffield,2024,08-11-2024,18:00:00,3.368811128,31.98107241,14.79682872,2024-11-08T18:00:00Z
Sheffield,2024,08-11-2024,19:00:00,0,24.39587789,17.21191927,2024-11-08T19:00:00Z
Sheffield,2024,08-11-2024,20:00:00,3.93478938,4.555155038,8.686355862,2024-11-08T20:00:00Z
Sheffield,2024,08-11-2024,21:00:00,0,10.93974191,9.899341818,2024-11-08T21:00:00Z
Sheffield,2024,08-11-2024,22:00:00,5.436922273,12.27580353,20.74532601,2024-11-08T22:00:00Z
Sheffield,2024,08-11-2024,23:00:00,20.72666996,20.77008449,24.27985922,2024-11-08T23:00:00Z
Sheffield,2024,09-11-2024,00:00:00,0,-16.6144704,3.773677889,2024-11-09T00:00:00Z
Sheffield,2024,09-11-2024,01:00:00,7.210391626,17.55052948,12.83008732,2024-11-09T01:00:00Z
Sheffield,2024,09-11-2024,02:00:00,6.479799758,-0.402321337,13.88698674,2024-11-09T02:00:00Z
Sheffield,2024,09-11-2024,03:00:00,6.2901927,-1.742949695,18.71984839,2024-11-09T03:00:00Z
Sheffield,2024,09-11-2024,04:00:00,3.697994453,46.4958806,18.81224048,2024-11-09T04:00:00Z
Sheffield,2024,09-11-2024,05:00:00,4.80833007,8.763371841,-0.137653697,2024-11-09T05:00:00Z
Sheffield,2024,09-11-2024,06:00:00,13.8730485,38.75924541,13.84242494,2024-11-09T06:00:00Z
Sheffield,2024,09-11-2024,07:00:00,18.70501815,28.65839865,15.36347111,2024-11-09T07:00:00Z
Sheffield,2024,09-11-2024,08:00:00,16.1758033,19.0940235,28.14389956,2024-11-09T08:00:00Z
Sheffield,2024,09-11-2024,09:00:00,7.183025166,21.77566495,23.14561481,2024-11-09T09:00:00Z
Sheffield,2024,09-11-2024,10:00:00,6.40331665,-3.028844338,10.72607743,2024-11-09T10:00:00Z
Sheffield,2024,09-11-2024,11:00:00,10.02175257,14.12534434,17.16028237,2024-11-09T11:00:00Z
Sheffield,2024,09-11-2024,12:00:00,8.632843039,23.10975738,21.61115569,2024-11-09T12:00:00Z
Sheffield,2024,09-11-2024,13:00:00,1.884784898,3.728462708,3.462041781,2024-11-09T13:00:00Z
Sheffield,2024,09-11-2024,14:00:00,14.25538792,17.42293146,26.80184525,2024-11-09T14:00:00Z
Sheffield,2024,09-11-2024,15:00:00,5.092149635,22.26506537,7.168161834,2024-11-09T15:00:00Z
Sheffield,2024,09-11-2024,16:00:00,1.96392507,22.80287525,5.609954468,2024-11-09T16:00:00Z
Sheffield,2024,09-11-2024,17:00:00,0.431419741,-7.053497862,3.289108324,2024-11-09T17:00:00Z
Sheffield,2024,09-11-2024,18:00:00,25.86543347,42.02845174,36.45566256,2024-11-09T18:00:00Z
Sheffield,2024,09-11-2024,19:00:00,8.295920362,22.26443918,18.33295443,2024-11-09T19:00:00Z
Sheffield,2024,09-11-2024,20:00:00,22.28183453,27.05977768,28.43105305,2024-11-09T20:00:00Z
Sheffield,2024,09-11-2024,21:00:00,10.95326235,50.03419525,29.8647892,2024-11-09T21:00:00Z
Sheffield,2024,09-11-2024,22:00:00,0,21.73196713,6.199124174,2024-11-09T22:00:00Z
Sheffield,2024,09-11-2024,23:00:00,0,34.63480121,15.96912845,2024-11-09T23:00:00Z
Sheffield,2024,10-11-2024,00:00:00,5.659737707,29.40694478,16.93435127,2024-11-10T00:00:00Z
Sheffield,2024,10-11-2024,01:00:00,17.867133720000002,20.28796457,16.6229987,2024-11-10T01:00:00Z
Sheffield,2024,10-11-2024,02:00:00,21.11508822,36.8515749,26.9494509,2024-11-10T02:00:00Z
Sheffield,2024,10-11-2024,03:00:00,11.52680531,11.90824868,7.392909185,2024-11-10T03:00:00Z
Sheffield,2024,10-11-2024,04:00:00,25.53777943,51.0813165,35.99885588,2024-11-10T04:00:00Z
Sheffield,2024,10-11-2024,05:00:00,10.7685936,19.13368067,14.29266699,2024-11-10T05:00:00Z
Sheffield,2024,10-11-2024,06:00:00,5.025181957,8.255633972,6.885957522,2024-11-10T06:00:00Z
Sheffield,2024,10-11-2024,07:00:00,19.85655632,9.382768898,14.45560169,2024-11-10T07:00:00Z
Sheffield,2024,10-11-2024,08:00:00,3.286489615,-1.226282704,3.622277793,2024-11-10T08:00:00Z
Sheffield,2024,10-11-2024,09:00:00,13.311431,32.95814178,27.58047656,2024-11-10T09:00:00Z
Sheffield,2024,10-11-2024,10:00:00,8.496209382,15.65380141,9.649443742,2024-11-10T10:00:00Z
Sheffield,2024,10-11-2024,11:00:00,1.850737119,13.80000873,12.80591047,2024-11-10T11:00:00Z
Sheffield,2024,10-11-2024,12:00:00,10.41410575,24.2118905,17.11876094,2024-11-10T12:00:00Z
Sheffield,2024,10-11-2024,13:00:00,15.72776566,29.44950054,12.86726886,2024-11-10T13:00:00Z
Sheffield,2024,10-11-2024,14:00:00,18.64515434,16.75191374,19.60690119,2024-11-10T14:00:00Z
Sheffield,2024,10-11-2024,15:00:00,17.94612533,24.42757436,14.83204988,2024-11-10T15:00:00Z
Sheffield,2024,10-11-2024,16:00:00,0.784287365,20.92750754,14.461222,2024-11-10T16:00:00Z
Sheffield,2024,10-11-2024,17:00:00,12.52607865,17.94041995,6.728435546,2024-11-10T17:00:00Z
Sheffield,2024,10-11-2024,18:00:00,6.498901978,21.83532878,9.625620278,2024-11-10T18:00:00Z
Sheffield,2024,10-11-2024,19:00:00,9.248975297,-0.442603917,11.82976857,2024-11-10T19:00:00Z
Sheffield,2024,10-11-2024,20:00:00,0.711072719,12.79850532,3.284245863,2024-11-10T20:00:00Z
Sheffield,2024,10-11-2024,21:00:00,12.33693979,15.08130972,11.81133145,2024-11-10T21:00:00Z
Sheffield,2024,10-11-2024,22:00:00,0,47.37516234,20.66998453,2024-11-10T22:00:00Z
Sheffield,2024,10-11-2024,23:00:00,9.566826469,30.09350349,18.12942654,2024-11-10T23:00:00Z
York,2017,01-11-2017,00:00:00,12.19257165,10.84210771,15.26502728,2017-11-01T00:00:00Z
York,2017,01-11-2017,01:00:00,13.65101477,15.75570107,17.38436933,2017-11-01T01:00:00Z
York,2017,01-11-2017,02:00:00,6.899703255,14.0742952,22.68817392,2017-11-01T02:00:00Z
York,2017,01-11-2017,03:00:00,2.273075447,22.35201879,13.86084684,2017-11-01T03:00:00Z
York,2017,01-11-2017,04:00:00,10.02633672,0,1.706635485,2017-11-01T04:00:00Z
York,2017,01-11-2017,05:00:00,13.91053965,21.38973184,19.90465849,2017-11-01T05:00:00Z
York,2017,01-11-2017,06:00:00,6.143705891,23.3163664,15.9666421,2017-11-01T06:00:00Z
York,2017,01-11-2017,07:00:00,7.766267795,18.7202083,18.5598978,2017-11-01T07:00:00Z
York,2017,01-11-2017,08:00:00,5.454044746,44.28298468,14.33103481,2017-11-01T08:00:00Z
York,2017,01-11-2017,09:00:00,9.844111013,13.38589308,8.890449402,2017-11-01T09:00:00Z
York,2017,01-11-2017,10:00:00,9.353678565,25.06223,17.28055461,2017-11-01T10:00:00Z
York,2017,01-11-2017,11:00:00,14.6611564,31.12104086,20.69009322,2017-11-01T11:00:00Z
York,2017,01-11-2017,12:00:00,4.057993102,3.577642766,5.607590701,2017-11-01T12:00:00Z
York,2017,01-11-2017,13:00:00,4.758559867,22.86805284,5.675136378,2017-11-01T13:00:00Z
York,2017,01-11-2017,14:00:00,12.43673277,37.8700474,10.10744353,2017-11-01T14:00:00Z
York,2017,01-11-2017,15:00:00,7.577948452,30.52691229,11.86136438,2017-11-01T15:00:00Z
York,2017,01-11-2017,16:00:00,15.0776388,37.8156781,26.6872979,2017-11-01T16:00:00Z
York,2017,01-11-2017,17:00:00,0,10.93051896,7.27147869,2017-11-01T17:00:00Z
York,2017,01-11-2017,18:00:00,0,8.925825979,9.528945032,2017-11-01T18:00:00Z
York,2017,01-11-2017,19:00:00,7.620220108,18.70893905,21.93011198,2017-11-01T19:00:00Z
York,2017,01-11-2017,20:00:00,13.94418248,34.89213256,11.890257890000001,2017-11-01T20:00:00Z
York,2017,01-11-2017,21:00:00,8.193932822,33.11347229,28.48631144,2017-11-01T21:00:00Z
York,2017,01-11-2017,22:00:00,6.720377623,12.74920358,23.49385796,2017-11-01T22:00:00Z
York,2017,01-11-2017,23:00:00,0,11.29435214,7.97684615,2017-11-01T23:00:00Z
York,2017,02-11-2017,00:00:00,2.086873527,29.31434107,16.86624249,2017-11-02T00:00:00Z
York,2017,02-11-2017,01:00:00,9.400807278,20.63017971,12.74505937,2017-11-02T01:00:00Z
York,2017,02-11-2017,02:00:00,14.79202004,25.56095747,20.39698471,2017-11-02T02:00:00Z
York,2017,02-11-2017,03:00:00,3.693959146,10.72934461,17.50032733,2017-11-02T03:00:00Z
York,2017,02-11-2017,04:00:00,15.12606458,6.361480143,6.311689872,2017-11-02T04:00:00Z
York,2017,02-11-2017,05:00:00,5.373668096,28.89283466,14.74995019,2017-11-02T05:00:00Z
York,2017,02-11-2017,06:00:00,0,8.056714316,0,2017-11-02T06:00:00Z
York,2017,02-11-2017,07:00:00,0,23.87194423,6.280310486,2017-11-02T07:00:00Z
York,2017,02-11-2017,08:00:00,21.34795474,25.71031252,24.50618114,2017-11-02T08:00:00Z
York,2017,02-11-2017,09:00:00,8.417828559,25.25626342,19.87629499,2017-11-02T09:00:00Z
York,2017,02-11-2017,10:00:00,18.48104046,34.3745201,29.08181604,2017-11-02T10:00:00Z
York,2017,02-11-2017,11:00:00,7.624549136,5.729853801,8.931961157,2017-11-02T11:00:00Z
York,2017,02-11-2017,12:00:00,11.44824987,48.78143773,25.64863992,2017-11-02T12:00:00Z
York,2017,02-11-2017,13:00:00,2.117037085,31.47630424,11.02766819,2017-11-02T13:00:00Z
York,2017,02-11-2017,14:00:00,0.756290282,14.08461713,14.92064406,2017-11-02T14:00:00Z
York,2017,02-11-2017,15:00:00,21.99411389,41.77455501,32.16148449,2017-11-02T15:00:00Z
York,2017,02-11-2017,16:00:00,0,0,0,2017-11-02T16:00:00Z
York,2017,02-11-2017,17:00:00,4.469159696,30.97058277,22.03581747,2017-11-02T17:00:00Z
York,2017,02-11-2017,18:00:00,4.943480812,9.800617078,2.98750072,2017-11-02T18:00:00Z
York,2017,02-11-2017,19:00:00,17.14359387,38.90856472,27.86388384,2017-11-02T19:00:00Z
York,2017,02-11-2017,20:00:00,11.38428799,10.82272705,10.32939261,2017-11-02T20:00:00Z
York,2017,02-11-2017,21:00:00,11.94229085,47.34539784,12.92851344,2017-11-02T21:00:00Z
York,2017,02-11-2017,22:00:00,7.147598005,0,5.864502289,2017-11-02T22:00:00Z
York,2017,02-11-2017,23:00:00,0,22.14504321,18.55958067,2017-11-02T23:00:00Z
York,2017,03-11-2017,00:00:00,3.769141869,29.58123802,8.413204623,2017-11-03T00:00:00Z
York,2017,03-11-2017,01:00:00,14.66812474,9.687012612,17.88322873,2017-11-03T01:00:00Z
York,2017,03-11-2017,02:00:00,3.961358122,0,6.27746882,2017-11-03T02:00:00Z
York,2017,03-11-2017,03:00:00,7.918919428,0,4.68245754,2017-11-03T03:00:00Z
York,2017,03-11-2017,04:00:00,14.5644847,23.26534077,10.01587589,2017-11-03T04:00:00Z
York,2017,03-11-2017,05:00:00,15.06880355,20.12112089,8.76030235,2017-11-03T05:00:00Z
York,2017,03-11-2017,06:00:00,12.54089937,36.00025324,31.30846963,2017-11-03T06:00:00Z
York,2017,03-11-2017,07:00:00,3.21230181,0,0,2017-11-03T07:00:00Z
York,2017,03-11-2017,08:00:00,9.894411938,9.035317518,12.1692362,2017-11-03T08:00:00Z
York,2017,03-11-2017,09:00:00,9.747876287,28.19942402,13.40130157,2017-11-03T09:00:00Z
York,2017,03-11-2017,10:00:00,6.465883695,41.7589233,28.96343826,2017-11-03T10:00:00Z
York,2017,03-11-2017,11:00:00,20.80887128,54.31517534,29.16328092,2017-11-03T11:00:00Z
York,2017,03-11-2017,12:00:00,2.578344439,21.54040418,14.3259431,2017-11-03T12:00:00Z
York,2017,03-11-2017,13:00:00,0,2.469949837,3.335556102,2017-11-03T13:00:00Z
York,2017,03-11-2017,14:00:00,14.30301435,29.35911882,20.94090706,2017-11-03T14:00:00Z
York,2017,03-11-2017,15:00:00,7.118743885,26.21772144,19.66231705,2017-11-03T15:00:00Z
York,2017,03-11-2017,16:00:00,4.436522278,19.3496682,17.01355032,2017-11-03T16:00:00Z
York,2017,03-11-2017,17:00:00,8.722729837,0,10.21998807,2017-11-03T17:00:00Z
York,2017,03-11-2017,18:00:00,6.11512477,1.398948881,10.12415793,2017-11-03T18:00:00Z
York,2017,03-11-2017,19:00:00,11.81582321,3.142316718,9.136728941,2017-11-03T19:00:00Z
York,2017,03-11-2017,20:00:00,0,15.66263838,3.220617133,2017-11-03T20:00:00Z
York,2017,03-11-2017,21:00:00,1.345258624,23.69219863,24.2985683,2017-11-03T21:00:00Z
York,2017,03-11-2017,22:00:00,12.69504423,22.43751667,3.064269443,2017-11-03T22:00:00Z
York,2017,03-11-2017,23:00:00,13.84081968,20.24234601,19.24973547,2017-11-03T23:00:00Z
York,2017,04-11-2017,00:00:00,15.81674041,32.94699895,13.20040609,2017-11-04T00:00:00Z
York,2017,04-11-2017,01:00:00,12.43244218,35.89445,21.18466169,2017-11-04T01:00:00Z
York,2017,04-11-2017,02:00:00,10.06170106,21.27765654,13.31326938,2017-11-04T02:00:00Z
York,2017,04-11-2017,03:00:00,20.0874466,36.65296319,28.55481437,2017-11-04T03:00:00Z
York,2017,04-11-2017,04:00:00,1.407608523,18.9496691,10.05132764,2017-11-04T04:00:00Z
York,2017,04-11-2017,05:00:00,10.59496716,19.9211726,5.024298768,2017-11-04T05:00:00Z
York,2017,04-11-2017,06:00:00,0,33.62043675,2.726505059,2017-11-04T06:00:00Z
York,2017,04-11-2017,07:00:00,9.483407629,30.7029456,32.66912043,2017-11-04T07:00:00Z
York,2017,04-11-2017,08:00:00,2.690639562,0,4.118586703,2017-11-04T08:00:00Z
York,2017,04-11-2017,09:00:00,2.954893398,9.45829838,15.31808527,2017-11-04T09:00:00Z
York,2017,04-11-2017,10:00:00,0,19.76483681,13.85667496,2017-11-04T10:00:00Z
York,2017,04-11-2017,11:00:00,19.55803854,24.48283962,14.92974791,2017-11-04T11:00:00Z
York,2017,04-11-2017,12:00:00,6.62115601,1.235079976,3.502948203,2017-11-04T12:00:00Z
York,2017,04-11-2017,13:00:00,0.570682526,20.6558246,23.44945542,2017-11-04T13:00:00Z
York,2017,04-11-2017,14:00:00,9.38500413,0,7.789813387,2017-11-04T14:00:00Z
York,2017,04-11-2017,15:00:00,15.8879849,13.27071674,21.05444227,2017-11-04T15:00:00Z
York,2017,04-11-2017,16:00:00,5.485264127,13.02357955,0,2017-11-04T16:00:00Z
York,2017,04-11-2017,17:00:00,0.005292535,1.971471197,10.07710663,2017-11-04T17:00:00Z
York,2017,04-11-2017,18:00:00,0.93597755,6.546139291,8.935858943,2017-11-04T18:00:00Z
York,2017,04-11-2017,19:00:00,14.23909851,25.44954595,27.04834111,2017-11-04T19:00:00Z
York,2017,04-11-2017,20:00:00,0,29.62378269,19.06201415,2017-11-04T20:00:00Z
York,2017,04-11-2017,21:00:00,5.415598848,2.943354489,8.958835919,2017-11-04T21:00:00Z
York,2017,04-11-2017,22:00:00,0,1.177600568,2.810567184,2017-11-04T22:00:00Z
York,2017,04-11-2017,23:00:00,3.412063278,6.173886524,11.55734328,2017-11-04T23:00:00Z
York,2017,05-11-2017,00:00:00,83.047237139999993,146.2673951,119.3954948,2017-11-05T00:00:00Z
York,2017,05-11-2017,01:00:00,39.90042791,112.1600988,81.09624442,2017-11-05T01:00:00Z
York,2017,05-11-2017,02:00:00,31.64386984,123.5427136,100.9043395,2017-11-05T02:00:00Z
York,2017,05-11-2017,03:00:00,51.78560603,103.2091847,75.69576851,2017-11-05T03:00:00Z
York,2017,05-11-2017,04:00:00,21.61514991,82.75057048,56.43036641,2017-11-05T04:00:00Z
York,2017,05-11-2017,05:00:00,45.72443963,99.1747787,71.52886067,2017-11-05T05:00:00Z
York,2017,05-11-2017,06:00:00,21.0625241,54.9912956,54.99024456,2017-11-05T06:00:00Z
York,2017,05-11-2017,07:00:00,48.75172804,134.9485409,99.31522662,2017-11-05T07:00:00Z
York,2017,05-11-2017,08:00:00,75.32715323,135.6882109,105.5394312,2017-11-05T08:00:00Z
York,2017,05-11-2017,09:00:00,40.62701424,83.96056079,76.91605957,2017-11-05T09:00:00Z
York,2017,05-11-2017,10:00:00,80.34418888,173.2277802,123.1058056,2017-11-05T10:00:00Z
York,2017,05-11-2017,11:00:00,67.36679786,125.4270346,89.93758059,2017-11-05T11:00:00Z
York,2017,05-11-2017,12:00:00,50.88560591,107.4166791,93.15967813,2017-11-05T12:00:00Z
York,2017,05-11-2017,13:00:00,57.6402142,70.75532197,65.85835011,2017-11-05T13:00:00Z
York,2017,05-11-2017,14:00:00,53.14263787,111.7352644,86.09646094,2017-11-05T14:00:00Z
York,2017,05-11-2017,15:00:00,69.02620581,129.663121,91.13752515,2017-11-05T15:00:00Z
York,2017,05-11-2017,16:00:00,63.43282078,188.0467421,164.412499,2017-11-05T16:00:00Z
York,2017,05-11-2017,17:00:00,39.9903567,99.92349896,82.26167211,2017-11-05T17:00:00Z
York,2017,05-11-2017,18:00:00,45.49991062,118.2987095,105.0875514,2017-11-05T18:00:00Z
York,2017,05-11-2017,19:00:00,32.2637072,90.92692355,70.1070257,2017-11-05T19:00:00Z
York,2017,05-11-2017,20:00:00,29.81101195,109.3104304,90.84213245,2017-11-05T20:00:00Z
York,2017,05-11-2017,21:00:00,48.73800276,99.70396458,80.94798536,2017-11-05T21:00:00Z
York,2017,05-11-2017,22:00:00,22.35410211,57.22885527,41.02410813,2017-11-05T22:00:00Z
York,2017,05-11-2017,23:00:00,45.85283697,134.6215038,108.7164669,2017-11-05T23:00:00Z
York,2017,06-11-2017,00:00:00,9.550694048,7.708429988,14.70989478,2017-11-06T00:00:00Z
York,2017,06-11-2017,01:00:00,3.603571742,0,11.518894,2017-11-06T01:00:00Z
York,2017,06-11-2017,02:00:00,16.2973942,27.12408546,16.43534285,2017-11-06T02:00:00Z
York,2017,06-11-2017,03:00:00,6.015908073,3.192314042,2.745828611,2017-11-06T03:00:00Z
York,2017,06-11-2017,04:00:00,8.899611621,13.82748633,19.21166474,2017-11-06T04:00:00Z
York,2017,06-11-2017,05:00:00,9.67920574,3.477574688,9.308514542,2017-11-06T05:00:00Z
York,2017,06-11-2017,06:00:00,0,0,5.785923307,2017-11-06T06:00:00Z
York,2017,06-11-2017,07:00:00,15.61172936,44.71900162,31.58787373,2017-11-06T07:00:00Z
York,2017,06-11-2017,08:00:00,16.7432912,40.29950366,34.507078,2017-11-06T08:00:00Z
York,2017,06-11-2017,09:00:00,2.757190511,18.83780744,19.66738973,2017-11-06T09:00:00Z
York,2017,06-11-2017,10:00:00,22.69945818,1.683392505,10.87034789,2017-11-06T10:00:00Z
York,2017,06-11-2017,11:00:00,0.42120735,12.90807123,15.27971246,2017-11-06T11:00:00Z
York,2017,06-11-2017,12:00:00,8.831913646,15.74201284,11.35828923,2017-11-06T12:00:00Z
York,2017,06-11-2017,13:00:00,11.59849673,16.34413987,17.92982734,2017-11-06T13:00:00Z
York,2017,06-11-2017,14:00:00,22.27765157,13.20162543,14.02237608,2017-11-06T14:00:00Z
York,2017,06-11-2017,15:00:00,11.16630234,9.281017691,2.185042517,2017-11-06T15:00:00Z
York,2017,06-11-2017,16:00:00,13.46872942,14.56361883,8.06089596,2017-11-06T16:00:00Z
York,2017,06-11-2017,17:00:00,28.66882449,35.92697907,39.51671727,2017-11-06T17:00:00Z
York,2017,06-11-2017,18:00:00,17.25322572,35.41967812,22.61311274,2017-11-06T18:00:00Z
York,2017,06-11-2017,19:00:00,13.8980046,22.96349407,9.347341696,2017-11-06T19:00:00Z
York,2017,06-11-2017,20:00:00,3.102115282,2.851097276,3.23767795,2017-11-06T20:00:00Z
York,2017,06-11-2017,21:00:00,35.5252954,18.0158342,26.68262581,2017-11-06T21:00:00Z
York,2017,06-11-2017,22:00:00,4.912382284,9.199945389,14.3419558,2017-11-06T22:00:00Z
York,2017,06-11-2017,23:00:00,2.952736713,7.895219705,10.54847875,2017-11-06T23:00:00Z
York,2017,07-11-2017,00:00:00,0.318994984,24.0183065,10.1418087,2017-11-07T00:00:00Z
York,2017,07-11-2017,01:00:00,0.37490858,21.00140931,14.7665857,2017-11-07T01:00:00Z
York,2017,07-11-2017,02:00:00,25.28816927,12.37448578,18.81551782,2017-11-07T02:00:00Z
York,2017,07-11-2017,03:00:00,13.98718681,29.87650245,16.51296397,2017-11-07T03:00:00Z
York,2017,07-11-2017,04:00:00,9.782421048,12.50374357,17.10020745,2017-11-07T04:00:00Z
York,2017,07-11-2017,05:00:00,5.981923133,8.543409442,28.13358639,2017-11-07T05:00:00Z
York,2017,07-11-2017,06:00:00,7.331511846,0,0.945319403,2017-11-07T06:00:00Z
York,2017,07-11-2017,07:00:00,7.094051525,10.399066059999999,7.810551587,2017-11-07T07:00:00Z
York,2017,07-11-2017,08:00:00,11.08163662,9.367922791,1.097549095,2017-11-07T08:00:00Z
York,2017,07-11-2017,09:00:00,4.01754526,31.63868529,15.46548321,2017-11-07T09:00:00Z
York,2017,07-11-2017,10:00:00,0,26.25479003,11.10907181,2017-11-07T10:00:00Z
York,2017,07-11-2017,11:00:00,11.85864613,1.611230751,11.53309543,2017-11-07T11:00:00Z
York,2017,07-11-2017,12:00:00,24.04315098,37.52809908,30.01777834,2017-11-07T12:00:00Z
York,2017,07-11-2017,13:00:00,2.351319657,0,0,2017-11-07T13:00:00Z
York,2017,07-11-2017,14:00:00,11.28077176,15.5418486,21.24838865,2017-11-07T14:00:00Z
York,2017,07-11-2017,15:00:00,12.7179624,18.60852839,6.633953191,2017-11-07T15:00:00Z
York,2017,07-11-2017,16:00:00,24.27279944,52.7143982,31.26118399,2017-11-07T16:00:00Z
York,2017,07-11-2017,17:00:00,16.70799005,16.34296181,16.35987331,2017-11-07T17:00:00Z
York,2017,07-11-2017,18:00:00,0.734451613,4.250497113,1.418017121,2017-11-07T18:00:00Z
York,2017,07-11-2017,19:00:00,8.020060215,6.228843956,19.13562513,2017-11-07T19:00:00Z
York,2017,07-11-2017,20:00:00,28.66599929,34.78743526,31.62747135,2017-11-07T20:00:00Z
York,2017,07-11-2017,21:00:00,12.0210272,3.331085826,15.4568647,2017-11-07T21:00:00Z
York,2017,07-11-2017,22:00:00,0,0,13.05836505,2017-11-07T22:00:00Z
York,2017,07-11-2017,23:00:00,4.888741509,27.87688954,15.33222269,2017-11-07T23:00:00Z
York,2017,08-11-2017,00:00:00,14.87463133,25.33138186,19.76470851,2017-11-08T00:00:00Z
York,2017,08-11-2017,01:00:00,8.119802029,9.196790796,4.372427821,2017-11-08T01:00:00Z
York,2017,08-11-2017,02:00:00,6.800320402,28.17481394,22.04664159,2017-11-08T02:00:00Z
York,2017,08-11-2017,03:00:00,15.52448087,36.01329213,26.14655975,2017-11-08T03:00:00Z
York,2017,08-11-2017,04:00:00,23.65473589,30.3746379,22.06439851,2017-11-08T04:00:00Z
York,2017,08-11-2017,05:00:00,8.068081891,48.78129522,29.43870484,2017-11-08T05:00:00Z
York,2017,08-11-2017,06:00:00,0.954840187,0,5.440813416,2017-11-08T06:00:00Z
York,2017,08-11-2017,07:00:00,1.689487533,0.727084278,5.549494729,2017-11-08T07:00:00Z
York,2017,08-11-2017,08:00:00,15.76049207,40.20579638,23.34290324,2017-11-08T08:00:00Z
York,2017,08-11-2017,09:00:00,11.35171803,15.72122681,15.36264786,2017-11-08T09:00:00Z
York,2017,08-11-2017,10:00:00,16.27257727,35.61721346,34.22098118,2017-11-08T10:00:00Z
York,2017,08-11-2017,11:00:00,3.537666191,0.450439627,0,2017-11-08T11:00:00Z
York,2017,08-11-2017,12:00:00,0.3891761,0.533232408,4.238713248,2017-11-08T12:00:00Z
York,2017,08-11-2017,13:00:00,19.91173425,22.4694801,25.31300494,2017-11-08T13:00:00Z
York,2017,08-11-2017,14:00:00,12.74189832,29.38925464,18.29792078,2017-11-08T14:00:00Z
York,2017,08-11-2017,15:00:00,17.38883779,0,6.944135773,2017-11-08T15:00:00Z
York,2017,08-11-2017,16:00:00,13.05997661,0,8.043735698,2017-11-08T16:00:00Z
York,2017,08-11-2017,17:00:00,0,6.989895384,11.81659192,2017-11-08T17:00:00Z
York,2017,08-11-2017,18:00:00,10.63417172,22.95739617,14.56156269,2017-11-08T18:00:00Z
York,2017,08-11-2017,19:00:00,5.016288424,34.04661611,21.3814727,2017-11-08T19:00:00Z
York,2017,08-11-2017,20:00:00,1.040244911,33.01809362,7.889290348,2017-11-08T20:00:00Z
York,2017,08-11-2017,21:00:00,6.008716682,0,4.127186389,2017-11-08T21:00:00Z
York,2017,08-11-2017,22:00:00,7.198161466,18.61632266,15.68564525,2017-11-08T22:00:00Z
York,2017,08-11-2017,23:00:00,5.204402043,25.19805254,19.98571219,2017-11-08T23:00:00Z
York,2017,09-11-2017,00:00:00,23.40971859,29.74955324,13.56595029,2017-11-09T00:00:00Z
York,2017,09-11-2017,01:00:00,13.5707302,16.2389733,23.45772456,2017-11-09T01:00:00Z
York,2017,09-11-2017,02:00:00,13.96469514,16.84629313,23.03755812,2017-11-09T02:00:00Z
York,2017,09-11-2017,03:00:00,14.40293703,0,1.918438705,2017-11-09T03:00:00Z
York,2017,09-11-2017,04:00:00,10.18723289,27.210445,24.27875151,2017-11-09T04:00:00Z
York,2017,09-11-2017,05:00:00,3.111221687,22.90024284,11.62391081,2017-11-09T05:00:00Z
York,2017,09-11-2017,06:00:00,17.49564639,40.03236803,16.13188057,2017-11-09T06:00:00Z
York,2017,09-11-2017,07:00:00,0,0,0,2017-11-09T07:00:00Z
York,2017,09-11-2017,08:00:00,9.66511065,14.29937106,20.26240349,2017-11-09T08:00:00Z
York,2017,09-11-2017,09:00:00,1.324555499,27.79089696,17.42332705,2017-11-09T09:00:00Z
York,2017,09-11-2017,10:00:00,23.37850767,41.56601672,37.90642105,2017-11-09T10:00:00Z
York,2017,09-11-2017,11:00:00,13.21954908,34.37258422,26.57845326,2017-11-09T11:00:00Z
York,2017,09-11-2017,12:00:00,26.69649485,40.13712062,27.0619963,2017-11-09T12:00:00Z
York,2017,09-11-2017,13:00:00,8.488205301,5.159333154,13.98196461,2017-11-09T13:00:00Z
York,2017,09-11-2017,14:00:00,10.4900378,13.84657794,11.93695824,2017-11-09T14:00:00Z
York,2017,09-11-2017,15:00:00,8.229989637,40.38628694,20.54946053,2017-11-09T15:00:00Z
York,2017,09-11-2017,16:00:00,5.399181659,28.96011305,11.0674103,2017-11-09T16:00:00Z
York,2017,09-11-2017,17:00:00,21.07377296,22.1694227,23.99058252,2017-11-09T17:00:00Z
York,2017,09-11-2017,18:00:00,5.761775145,18.17066932,13.8186392,2017-11-09T18:00:00Z
York,2017,09-11-2017,19:00:00,13.97391932,39.46401161,22.71912083,2017-11-09T19:00:00Z
York,2017,09-11-2017,20:00:00,12.04764524,16.3000832,4.808661172,2017-11-09T20:00:00Z
York,2017,09-11-2017,21:00:00,15.99732628,26.47733751,20.31865886,2017-11-09T21:00:00Z
York,2017,09-11-2017,22:00:00,4.337342222,29.15054506,25.07683417,2017-11-09T22:00:00Z
York,2017,09-11-2017,23:00:00,15.42346572,48.15416292,16.46862269,2017-11-09T23:00:00Z
York,2017,10-11-2017,00:00:00,10.03564085,10.60793155,20.57730792,2017-11-10T00:00:00Z
York,2017,10-11-2017,01:00:00,3.360680434,7.62177297,15.25939698,2017-11-10T01:00:00Z
York,2017,10-11-2017,02:00:00,0,21.24480316,15.30618309,2017-11-10T02:00:00Z
York,2017,10-11-2017,03:00:00,17.32014832,33.44635982,20.55190117,2017-11-10T03:00:00Z
York,2017,10-11-2017,04:00:00,12.27298426,51.16911281,19.58530956,2017-11-10T04:00:00Z
York,2017,10-11-2017,05:00:00,13.99267281,34.13087816,30.96575112,2017-11-10T05:00:00Z
York,2017,10-11-2017,06:00:00,8.301434353,0,12.83230144,2017-11-10T06:00:00Z
York,2017,10-11-2017,07:00:00,8.790973601,22.59050109,16.40590552,2017-11-10T07:00:00Z
York,2017,10-11-2017,08:00:00,8.458548413,13.17729447,3.553201113,2017-11-10T08:00:00Z
York,2017,10-11-2017,09:00:00,16.39384884,9.490245258,13.41761483,2017-11-10T09:00:00Z
York,2017,10-11-2017,10:00:00,8.645352633,18.28120826,9.254397911,2017-11-10T10:00:00Z
York,2017,10-11-2017,11:00:00,4.177081419,16.97749236,15.89833334,2017-11-10T11:00:00Z
York,2017,10-11-2017,12:00:00,1.421212463,29.6695495,8.740892073,2017-11-10T12:00:00Z
York,2017,10-11-2017,13:00:00,17.22856851,9.282171486,15.55420992,2017-11-10T13:00:00Z
York,2017,10-11-2017,14:00:00,15.76518935,32.17947422,19.5746066,2017-11-10T14:00:00Z
York,2017,10-11-2017,15:00:00,19.25903471,44.80370183,28.8216856,2017-11-10T15:00:00Z
York,2017,10-11-2017,16:00:00,6.212210897,37.54522517,24.641258,2017-11-10T16:00:00Z
York,2017,10-11-2017,17:00:00,10.54401187,5.765784148,5.88980629,2017-11-10T17:00:00Z
York,2017,10-11-2017,18:00:00,26.03591431,22.11706527,14.40818945,2017-11-10T18:00:00Z
York,2017,10-11-2017,19:00:00,1.551820191,19.69574611,21.33080165,2017-11-10T19:00:00Z
York,2017,10-11-2017,20:00:00,11.27317668,32.98633195,22.66385258,2017-11-10T20:00:00Z
York,2017,10-11-2017,21:00:00,8.070484407,23.5733215,22.77209191,2017-11-10T21:00:00Z
York,2017,10-11-2017,22:00:00,8.41481194,24.92241221,17.90899977,2017-11-10T22:00:00Z
York,2017,10-11-2017,23:00:00,21.21873483,33.26350654,30.35534154,2017-11-10T23:00:00Z
York,2017,11-11-2017,00:00:00,6.55642,7.5,2.5,2017-11-11T00:00:00Z
York,2017,11-11-2017,01:00:00,28.25125,12.1,9.5,2017-11-11T01:00:00Z
York,2017,11-11-2017,02:00:00,23.99388,12.5,8.9,2017-11-11T02:00:00Z
York,2017,11-11-2017,03:00:00,32.71054,13.1,9.6,2017-11-11T03:00:00Z
York,2017,11-11-2017,04:00:00,29.51335,13.5,14.2,2017-11-11T04:00:00Z
York,2017,11-11-2017,05:00:00,25.95122,8.6,7.2,2017-11-11T05:00:00Z
York,2017,11-11-2017,06:00:00,17.32596,8.1,5.6,2017-11-11T06:00:00Z
York,2017,11-11-2017,07:00:00,27.52403,8,5.3,2017-11-11T07:00:00Z
York,2017,11-11-2017,08:00:00,25.16184,6.7,5.5,2017-11-11T08:00:00Z
York,2017,11-11-2017,09:00:00,24.28616,10,9.8,2017-11-11T09:00:00Z
York,2017,11-11-2017,10:00:00,8.2342,4,0.5,2017-11-11T10:00:00Z
York,2017,11-11-2017,11:00:00,5.28512,6,,2017-11-11T11:00:00Z
York,2017,11-11-2017,12:00:00,4.15482,6.5,2.3,2017-11-11T12:00:00Z
York,2017,11-11-2017,13:00:00,5.79006,5.6,8.2,2017-11-11T13:00:00Z
York,2017,11-11-2017,14:00:00,8.52802,9,12.9,2017-11-11T14:00:00Z
York,2017,11-11-2017,15:00:00,18.19145,9.2,10,2017-11-11T15:00:00Z
York,2017,11-11-2017,16:00:00,26.83486,18.4,11.4,2017-11-11T16:00:00Z
York,2017,11-11-2017,17:00:00,33.05152,20.6,17.8,2017-11-11T17:00:00Z
York,2017,11-11-2017,18:00:00,58.03046,20.9,17.5,2017-11-11T18:00:00Z
York,2017,11-11-2017,19:00:00,44.30446,17.8,17.5,2017-11-11T19:00:00Z
York,2017,11-11-2017,20:00:00,53.716,27.6,25.4,2017-11-11T20:00:00Z
York,2017,11-11-2017,21:00:00,46.99224,17.6,18.1,2017-11-11T21:00:00Z
York,2017,11-11-2017,22:00:00,40.57392,17.7,13.9,2017-11-11T22:00:00Z
York,2017,11-11-2017,23:00:00,28.96125,14.1,10.1,2017-11-11T23:00:00Z
York,2017,12-11-2017,00:00:00,22.79659,11.1,10.4,2017-11-12T00:00:00Z
York,2017,12-11-2017,01:00:00,11.0989,10.3,8.3,2017-11-12T01:00:00Z
York,2017,12-11-2017,02:00:00,14.92229,8.3,7.6,2017-11-12T02:00:00Z
York,2017,12-11-2017,03:00:00,8.26401,5.4,2.2,2017-11-12T03:00:00Z
York,2017,12-11-2017,04:00:00,4.11973,5.4,2.5,2017-11-12T04:00:00Z
York,2017,12-11-2017,05:00:00,4.17918,2.4,-0.4,2017-11-12T05:00:00Z
York,2017,12-11-2017,06:00:00,7.75981,2.5,5.2,2017-11-12T06:00:00Z
York,2017,12-11-2017,07:00:00,7.66331,4.2,3.6,2017-11-12T07:00:00Z
York,2017,12-11-2017,08:00:00,4.00734,-1.2,-2.2,2017-11-12T08:00:00Z
York,2017,12-11-2017,09:00:00,3.30868,1.6,0.6,2017-11-12T09:00:00Z
York,2017,12-11-2017,10:00:00,2.5773,1.3,3.2,2017-11-12T10:00:00Z
York,2017,12-11-2017,11:00:00,3.16139,3.4,2.5,2017-11-12T11:00:00Z
York,2017,12-11-2017,12:00:00,2.96333,2.5,1.1,2017-11-12T12:00:00Z
York,2017,12-11-2017,13:00:00,3.46752,6.7,8.5,2017-11-12T13:00:00Z
York,2017,12-11-2017,14:00:00,3.56547,4.3,7.3,2017-11-12T14:00:00Z
York,2017,12-11-2017,15:00:00,5.28937,9.1,4.5,2017-11-12T15:00:00Z
York,2017,12-11-2017,16:00:00,6.91965,8.3,6.5,2017-11-12T16:00:00Z
York,2017,12-11-2017,17:00:00,7.06332,12.9,8.7,2017-11-12T17:00:00Z
York,2017,12-11-2017,18:00:00,5.73412,7.9,5,2017-11-12T18:00:00Z
York,2017,12-11-2017,19:00:00,7.26428,10.8,8,2017-11-12T19:00:00Z
York,2017,12-11-2017,20:00:00,5.42799,2.9,-0.8,2017-11-12T20:00:00Z
York,2017,12-11-2017,21:00:00,4.26052,3.2,2.7,2017-11-12T21:00:00Z
York,2017,12-11-2017,22:00:00,3.1265,5.1,2.6,2017-11-12T22:00:00Z
York,2017,12-11-2017,23:00:00,2.83192,3.6,4,2017-11-12T23:00:00Z
York,2017,13-11-2017,00:00:00,2.3444,4.1,3.8,2017-11-13T00:00:00Z
York,2017,13-11-2017,01:00:00,1.48725,4.2,4.1,2017-11-13T01:00:00Z
York,2017,13-11-2017,02:00:00,1.3049,3.4,4.3,2017-11-13T02:00:00Z
York,2017,13-11-2017,03:00:00,1.11257,5.5,7.6,2017-11-13T03:00:00Z
York,2017,13-11-2017,04:00:00,2.53698,1,-0.4,2017-11-13T04:00:00Z
York,2017,13-11-2017,05:00:00,12.38353,0.9,0.3,2017-11-13T05:00:00Z
York,2017,13-11-2017,06:00:00,19.07732,8.3,7,2017-11-13T06:00:00Z
York,2017,13-11-2017,07:00:00,32.97819,8.2,6,2017-11-13T07:00:00Z
York,2017,13-11-2017,08:00:00,26.54526,7.3,5.9,2017-11-13T08:00:00Z
York,2017,13-11-2017,09:00:00,18.33628,8.7,6.2,2017-11-13T09:00:00Z
York,2017,13-11-2017,10:00:00,15.74062,8.2,3.5,2017-11-13T10:00:00Z
York,2017,13-11-2017,11:00:00,13.50953,12.6,11.2,2017-11-13T11:00:00Z
York,2017,13-11-2017,12:00:00,12.69947,10.3,8.9,2017-11-13T12:00:00Z
York,2017,13-11-2017,13:00:00,10.65661,7.6,4.4,2017-11-13T13:00:00Z
York,2017,13-11-2017,14:00:00,22.61906,8.5,3,2017-11-13T14:00:00Z
York,2017,13-11-2017,15:00:00,30.76505,15.4,7.4,2017-11-13T15:00:00Z
York,2017,13-11-2017,16:00:00,52.33726,16.1,15.9,2017-11-13T16:00:00Z
York,2017,13-11-2017,17:00:00,53.42009,23.4,19.2,2017-11-13T17:00:00Z
York,2017,13-11-2017,18:00:00,57.44373,25,17,2017-11-13T18:00:00Z
York,2017,13-11-2017,19:00:00,58.22399,21.5,16.4,2017-11-13T19:00:00Z
York,2017,13-11-2017,20:00:00,42.46859,17.6,18.9,2017-11-13T20:00:00Z
York,2017,13-11-2017,21:00:00,32.19543,13.4,12.3,2017-11-13T21:00:00Z
York,2017,13-11-2017,22:00:00,29.70492,12.3,12,2017-11-13T22:00:00Z
York,2017,13-11-2017,23:00:00,18.55253,11.9,9.1,2017-11-13T23:00:00Z
York,2017,14-11-2017,00:00:00,17.52277,14.6,9.8,2017-11-14T00:00:00Z
York,2017,14-11-2017,01:00:00,9.77355,10,6.8,2017-11-14T01:00:00Z
York,2017,14-11-2017,02:00:00,11.46151,9.7,7.1,2017-11-14T02:00:00Z
York,2017,14-11-2017,03:00:00,11.71038,5.7,3,2017-11-14T03:00:00Z
York,2017,14-11-2017,04:00:00,4.7664,2.2,4.1,2017-11-14T04:00:00Z
York,2017,14-11-2017,05:00:00,11.26485,1.4,1.8,2017-11-14T05:00:00Z
York,2017,14-11-2017,06:00:00,23.282,2.7,0.2,2017-11-14T06:00:00Z
York,2017,14-11-2017,07:00:00,26.69682,3.1,-0.4,2017-11-14T07:00:00Z
York,2017,14-11-2017,08:00:00,21.12877,0.6,-1.6,2017-11-14T08:00:00Z
York,2017,14-11-2017,09:00:00,24.15739,4.4,3.3,2017-11-14T09:00:00Z
York,2017,14-11-2017,10:00:00,27.45137,2.2,3.5,2017-11-14T10:00:00Z
York,2017,14-11-2017,11:00:00,13.32588,4.3,5.3,2017-11-14T11:00:00Z
York,2017,14-11-2017,12:00:00,9.66154,3.9,4.9,2017-11-14T12:00:00Z
York,2017,14-11-2017,13:00:00,8.24341,4.9,4.9,2017-11-14T13:00:00Z
York,2017,14-11-2017,14:00:00,9.38548,5,3.4,2017-11-14T14:00:00Z
York,2017,14-11-2017,15:00:00,15.9669,6.5,4.7,2017-11-14T15:00:00Z
York,2017,14-11-2017,16:00:00,36.79026,6.5,8.8,2017-11-14T16:00:00Z
York,2017,14-11-2017,17:00:00,31.9638,6.2,6.9,2017-11-14T17:00:00Z
York,2017,14-11-2017,18:00:00,34.79929,9.2,5.8,2017-11-14T18:00:00Z
York,2017,14-11-2017,19:00:00,49.15155,13.2,11.9,2017-11-14T19:00:00Z
York,2017,14-11-2017,20:00:00,45.19028,20.4,19.3,2017-11-14T20:00:00Z
York,2017,14-11-2017,21:00:00,45.74383,15.6,14.3,2017-11-14T21:00:00Z
York,2017,14-11-2017,22:00:00,43.17859,21.1,20.1,2017-11-14T22:00:00Z
York,2017,14-11-2017,23:00:00,39.50644,22.7,27.5,2017-11-14T23:00:00Z
York,2017,15-11-2017,00:00:00,29.69123,16.6,20.4,2017-11-15T00:00:00Z
York,2017,15-11-2017,01:00:00,21.42537,14.4,20.6,2017-11-15T01:00:00Z
York,2017,15-11-2017,02:00:00,6.18589,4.5,7.4,2017-11-15T02:00:00Z
York,2017,15-11-2017,03:00:00,4.458,3,0.7,2017-11-15T03:00:00Z
York,2017,15-11-2017,04:00:00,6.68151,10.5,11,2017-11-15T04:00:00Z
York,2017,15-11-2017,05:00:00,9.78618,12.4,10.7,2017-11-15T05:00:00Z
York,2017,15-11-2017,06:00:00,17.57253,14.8,12.3,2017-11-15T06:00:00Z
York,2017,15-11-2017,07:00:00,25.62545,15.4,14.3,2017-11-15T07:00:00Z
York,2017,15-11-2017,08:00:00,30.60457,13.4,14.5,2017-11-15T08:00:00Z
York,2017,15-11-2017,09:00:00,21.11881,8.5,10.9,2017-11-15T09:00:00Z
York,2017,15-11-2017,10:00:00,19.64903,5.2,,2017-11-15T10:00:00Z
York,2017,15-11-2017,11:00:00,22.53996,7.2,6.7,2017-11-15T11:00:00Z
York,2017,15-11-2017,12:00:00,20.55577,12,5.1,2017-11-15T12:00:00Z
York,2017,15-11-2017,13:00:00,22.8801,14.3,13.9,2017-11-15T13:00:00Z
York,2017,15-11-2017,14:00:00,17.1813,7.3,1.4,2017-11-15T14:00:00Z
York,2017,15-11-2017,15:00:00,19.9519,12.3,7.5,2017-11-15T15:00:00Z
York,2017,15-11-2017,16:00:00,41.98172,13.4,7.9,2017-11-15T16:00:00Z
York,2017,15-11-2017,17:00:00,46.17624,12.9,9.6,2017-11-15T17:00:00Z
York,2017,15-11-2017,18:00:00,41.99941,18.7,13.8,2017-11-15T18:00:00Z
York,2017,15-11-2017,19:00:00,38.484,22.3,16.3,2017-11-15T19:00:00Z
York,2017,15-11-2017,20:00:00,35.90582,28.3,21.4,2017-11-15T20:00:00Z
York,2017,15-11-2017,21:00:00,37.44872,26.5,25.6,2017-11-15T21:00:00Z
York,2017,15-11-2017,22:00:00,38.7797,23.6,20.5,2017-11-15T22:00:00Z
York,2017,15-11-2017,23:00:00,37.97734,26.2,27,2017-11-15T23:00:00Z
York,2017,16-11-2017,00:00:00,36.1299,24.5,22.6,2017-11-16T00:00:00Z
York,2017,16-11-2017,01:00:00,36.14482,24,20.9,2017-11-16T01:00:00Z
York,2017,16-11-2017,02:00:00,35.31601,21.5,24.2,2017-11-16T02:00:00Z
York,2017,16-11-2017,03:00:00,28.28777,21.2,23.5,2017-11-16T03:00:00Z
York,2017,16-11-2017,04:00:00,16.55259,10.4,13.9,2017-11-16T04:00:00Z
York,2017,16-11-2017,05:00:00,13.63375,7.7,12.3,2017-11-16T05:00:00Z
York,2017,16-11-2017,06:00:00,23.39544,9.2,6.3,2017-11-16T06:00:00Z
York,2017,16-11-2017,07:00:00,26.09013,4.2,4.2,2017-11-16T07:00:00Z
York,2017,16-11-2017,08:00:00,34.05676,10.6,9.2,2017-11-16T08:00:00Z
York,2017,16-11-2017,09:00:00,,0.9,1,2017-11-16T09:00:00Z
York,2017,16-11-2017,10:00:00,19.57284,6.2,4.3,2017-11-16T10:00:00Z
York,2017,16-11-2017,11:00:00,8.94956,1,-2.3,2017-11-16T11:00:00Z
York,2017,16-11-2017,12:00:00,5.77619,6.9,,2017-11-16T12:00:00Z
York,2017,16-11-2017,13:00:00,5.1882,5.4,5.2,2017-11-16T13:00:00Z
York,2017,16-11-2017,14:00:00,6.37477,5.5,-1.1,2017-11-16T14:00:00Z
York,2017,16-11-2017,15:00:00,10.91009,7.8,0.3,2017-11-16T15:00:00Z
York,2017,16-11-2017,16:00:00,33.05712,12.8,4.1,2017-11-16T16:00:00Z
York,2017,16-11-2017,17:00:00,48.48663,14.8,10.7,2017-11-16T17:00:00Z
York,2017,16-11-2017,18:00:00,56.98424,16.4,8.7,2017-11-16T18:00:00Z
York,2017,16-11-2017,19:00:00,62.81471,23.3,17.2,2017-11-16T19:00:00Z
York,2017,16-11-2017,20:00:00,61.39139,22.6,21.5,2017-11-16T20:00:00Z
York,2017,16-11-2017,21:00:00,51.87566,13,15.3,2017-11-16T21:00:00Z
York,2017,16-11-2017,22:00:00,48.29605,16.9,12.8,2017-11-16T22:00:00Z
York,2017,16-11-2017,23:00:00,52.97177,11.9,5.5,2017-11-16T23:00:00Z
York,2017,17-11-2017,00:00:00,47.27757,10.4,9.2,2017-11-17T00:00:00Z
York,2017,17-11-2017,01:00:00,38.95091,11.4,8.7,2017-11-17T01:00:00Z
York,2017,17-11-2017,02:00:00,30.51823,11.2,8.6,2017-11-17T02:00:00Z
York,2017,17-11-2017,03:00:00,28.93954,13.4,9.4,2017-11-17T03:00:00Z
York,2017,17-11-2017,04:00:00,38.20579,14,8.9,2017-11-17T04:00:00Z
York,2017,17-11-2017,05:00:00,30.84981,12.2,12.1,2017-11-17T05:00:00Z
York,2017,17-11-2017,06:00:00,33.08165,16.8,14.3,2017-11-17T06:00:00Z
York,2017,17-11-2017,07:00:00,58.3409,16,10.4,2017-11-17T07:00:00Z
York,2017,17-11-2017,08:00:00,58.892,17.6,14.6,2017-11-17T08:00:00Z
York,2017,17-11-2017,09:00:00,45.49692,21.3,13.7,2017-11-17T09:00:00Z
York,2017,17-11-2017,10:00:00,42.87699,21,14,2017-11-17T10:00:00Z
York,2017,17-11-2017,11:00:00,40.41241,19,16.7,2017-11-17T11:00:00Z
York,2017,17-11-2017,12:00:00,42.98985,18.7,10.8,2017-11-17T12:00:00Z
York,2017,17-11-2017,13:00:00,38.25264,11.5,2.4,2017-11-17T13:00:00Z
York,2017,17-11-2017,14:00:00,35.91519,9.5,6.4,2017-11-17T14:00:00Z
York,2017,17-11-2017,15:00:00,30.73142,7.8,7.6,2017-11-17T15:00:00Z
York,2017,17-11-2017,16:00:00,38.56408,8.2,10.7,2017-11-17T16:00:00Z
York,2017,17-11-2017,17:00:00,34.46474,11.1,14.2,2017-11-17T17:00:00Z
York,2017,17-11-2017,18:00:00,49.16801,13.7,17,2017-11-17T18:00:00Z
York,2017,17-11-2017,19:00:00,34.51269,8.2,7.2,2017-11-17T19:00:00Z
York,2017,17-11-2017,20:00:00,35.79945,13,7.6,2017-11-17T20:00:00Z
York,2017,17-11-2017,21:00:00,20.04284,10.6,8.9,2017-11-17T21:00:00Z
York,2017,17-11-2017,22:00:00,22.66221,12.9,7.9,2017-11-17T22:00:00Z
York,2017,17-11-2017,23:00:00,29.25762,10.8,8.6,2017-11-17T23:00:00Z
York,2017,18-11-2017,00:00:00,6.95193,9.7,4.2,2017-11-18T00:00:00Z
York,2017,18-11-2017,01:00:00,5.50125,10.7,6.7,2017-11-18T01:00:00Z
York,2017,18-11-2017,02:00:00,4.86703,10.2,6.5,2017-11-18T02:00:00Z
York,2017,18-11-2017,03:00:00,5.35993,8.8,6.5,2017-11-18T03:00:00Z
York,2017,18-11-2017,04:00:00,2.29753,1.9,3.9,2017-11-18T04:00:00Z
York,2017,18-11-2017,05:00:00,2.00347,2.3,4.2,2017-11-18T05:00:00Z
York,2017,18-11-2017,06:00:00,5.74432,6.6,3.1,2017-11-18T06:00:00Z
York,2017,18-11-2017,07:00:00,8.74687,5.3,2.9,2017-11-18T07:00:00Z
York,2017,18-11-2017,08:00:00,9.83768,8.5,6.6,2017-11-18T08:00:00Z
York,2017,18-11-2017,09:00:00,12.26205,4.2,5.8,2017-11-18T09:00:00Z
York,2017,18-11-2017,10:00:00,8.43044,7.3,2.2,2017-11-18T10:00:00Z
York,2017,18-11-2017,11:00:00,4.35107,4.6,3,2017-11-18T11:00:00Z
York,2017,18-11-2017,12:00:00,4.45188,10.3,,2017-11-18T12:00:00Z
York,2017,18-11-2017,13:00:00,5.29869,7.7,5.2,2017-11-18T13:00:00Z
York,2017,18-11-2017,14:00:00,5.88611,4.7,7.6,2017-11-18T14:00:00Z
York,2017,18-11-2017,15:00:00,8.80183,5.4,,2017-11-18T15:00:00Z
York,2017,18-11-2017,16:00:00,11.13334,8.5,8.6,2017-11-18T16:00:00Z
York,2017,18-11-2017,17:00:00,14.01787,19.6,7.7,2017-11-18T17:00:00Z
York,2017,18-11-2017,18:00:00,14.04556,11.7,9.8,2017-11-18T18:00:00Z
York,2017,18-11-2017,19:00:00,16.72496,12.6,9.9,2017-11-18T19:00:00Z
York,2017,18-11-2017,20:00:00,9.67282,8.5,9.4,2017-11-18T20:00:00Z
York,2017,18-11-2017,21:00:00,11.02371,8.7,7.2,2017-11-18T21:00:00Z
York,2017,18-11-2017,22:00:00,10.91101,6.5,6.2,2017-11-18T22:00:00Z
York,2017,18-11-2017,23:00:00,7.52197,4.6,4.4,2017-11-18T23:00:00Z
York,2017,19-11-2017,00:00:00,6.3621,8,6.2,2017-11-19T00:00:00Z
York,2017,19-11-2017,01:00:00,7.60893,6.8,3,2017-11-19T01:00:00Z
York,2017,19-11-2017,02:00:00,9.28799,8.5,4.5,2017-11-19T02:00:00Z
York,2017,19-11-2017,03:00:00,6.87335,6.6,4.5,2017-11-19T03:00:00Z
York,2017,19-11-2017,04:00:00,7.38228,6.8,3.7,2017-11-19T04:00:00Z
York,2017,19-11-2017,05:00:00,11.27574,7.5,2.5,2017-11-19T05:00:00Z
York,2017,19-11-2017,06:00:00,33.57274,5.7,3.5,2017-11-19T06:00:00Z
York,2017,19-11-2017,07:00:00,43.98427,8.1,4.7,2017-11-19T07:00:00Z
York,2017,19-11-2017,08:00:00,43.56018,8,6.5,2017-11-19T08:00:00Z
York,2017,19-11-2017,09:00:00,33.57275,9.5,6.7,2017-11-19T09:00:00Z
York,2017,19-11-2017,10:00:00,22.60432,7.6,4.2,2017-11-19T10:00:00Z
York,2017,19-11-2017,11:00:00,15.57801,7.9,4.1,2017-11-19T11:00:00Z
York,2017,19-11-2017,12:00:00,12.0155,11.2,,2017-11-19T12:00:00Z
York,2017,19-11-2017,13:00:00,7.45806,8.4,-0.2,2017-11-19T13:00:00Z
York,2017,19-11-2017,14:00:00,24.46344,10.1,5.3,2017-11-19T14:00:00Z
York,2017,19-11-2017,15:00:00,28.11634,11.9,8,2017-11-19T15:00:00Z
York,2017,19-11-2017,16:00:00,50.17489,18.2,13.5,2017-11-19T16:00:00Z
York,2017,19-11-2017,17:00:00,61.1503,24.1,18.9,2017-11-19T17:00:00Z
York,2017,19-11-2017,18:00:00,60.14285,34.4,22.5,2017-11-19T18:00:00Z
York,2017,19-11-2017,19:00:00,59.76673,32.8,24.9,2017-11-19T19:00:00Z
York,2017,19-11-2017,20:00:00,62.66528,34,30.4,2017-11-19T20:00:00Z
York,2017,19-11-2017,21:00:00,59.91758,27.1,27.6,2017-11-19T21:00:00Z
York,2017,19-11-2017,22:00:00,55.11471,26.7,21.4,2017-11-19T22:00:00Z
York,2017,19-11-2017,23:00:00,45.04316,30.5,23.5,2017-11-19T23:00:00Z
York,2017,20-11-2017,00:00:00,42.58996,24.8,18.6,2017-11-20T00:00:00Z
York,2017,20-11-2017,01:00:00,26.43784,18.5,23.3,2017-11-20T01:00:00Z
York,2017,20-11-2017,02:00:00,24.71091,21.1,14,2017-11-20T02:00:00Z
York,2017,20-11-2017,03:00:00,24.39742,20.2,17.2,2017-11-20T03:00:00Z
York,2017,20-11-2017,04:00:00,18.82514,18.8,15,2017-11-20T04:00:00Z
York,2017,20-11-2017,05:00:00,16.99785,16.1,13,2017-11-20T05:00:00Z
York,2017,20-11-2017,06:00:00,17.67931,11.2,12.8,2017-11-20T06:00:00Z
York,2017,20-11-2017,07:00:00,27.79506,11.2,10.8,2017-11-20T07:00:00Z
York,2017,20-11-2017,08:00:00,38.17852,5.3,4.7,2017-11-20T08:00:00Z
York,2017,20-11-2017,09:00:00,37.08221,4,9.5,2017-11-20T09:00:00Z
York,2017,20-11-2017,10:00:00,42.73194,6.6,1.3,2017-11-20T10:00:00Z
York,2017,20-11-2017,11:00:00,39.50287,3.4,14.3,2017-11-20T11:00:00Z
York,2017,20-11-2017,12:00:00,24.1557,5.1,3.5,2017-11-20T12:00:00Z
York,2017,20-11-2017,13:00:00,16.17617,2.7,4.7,2017-11-20T13:00:00Z
York,2017,20-11-2017,14:00:00,8.92747,1.8,0.7,2017-11-20T14:00:00Z
York,2017,20-11-2017,15:00:00,8.4497,1.7,1,2017-11-20T15:00:00Z
York,2017,20-11-2017,16:00:00,15.00864,4.8,0.1,2017-11-20T16:00:00Z
York,2017,20-11-2017,17:00:00,21.33388,8.9,8.1,2017-11-20T17:00:00Z
York,2017,20-11-2017,18:00:00,27.09603,4.9,6.8,2017-11-20T18:00:00Z
York,2017,20-11-2017,19:00:00,28.05572,7.6,15.6,2017-11-20T19:00:00Z
York,2017,20-11-2017,20:00:00,32.69141,6.8,5.5,2017-11-20T20:00:00Z
York,2017,20-11-2017,21:00:00,24.26965,8,,2017-11-20T21:00:00Z
York,2017,20-11-2017,22:00:00,16.92705,4.7,6.6,2017-11-20T22:00:00Z
York,2017,20-11-2017,23:00:00,26.79914,2.2,9.3,2017-11-20T23:00:00Z
York,2017,21-11-2017,00:00:00,21.96187,6.5,13,2017-11-21T00:00:00Z
York,2017,21-11-2017,01:00:00,16.69103,14.2,4.3,2017-11-21T01:00:00Z
York,2017,21-11-2017,02:00:00,18.29264,14.4,4.5,2017-11-21T02:00:00Z
York,2017,21-11-2017,03:00:00,18.8371,11.6,16.6,2017-11-21T03:00:00Z
York,2017,21-11-2017,04:00:00,19.27181,11.3,11,2017-11-21T04:00:00Z
York,2017,21-11-2017,05:00:00,17.59319,7.2,7.4,2017-11-21T05:00:00Z
York,2017,21-11-2017,06:00:00,25.74549,11.6,4.3,2017-11-21T06:00:00Z
York,2017,21-11-2017,07:00:00,35.47742,13.9,1.7,2017-11-21T07:00:00Z
York,2017,21-11-2017,08:00:00,41.19334,4.7,13.5,2017-11-21T08:00:00Z
York,2017,21-11-2017,09:00:00,38.57472,7,-1.4,2017-11-21T09:00:00Z
York,2017,21-11-2017,10:00:00,35.4481,5.9,10.8,2017-11-21T10:00:00Z
York,2017,21-11-2017,11:00:00,27.4138,13.7,7.6,2017-11-21T11:00:00Z
York,2017,21-11-2017,12:00:00,28.89548,10.5,11.1,2017-11-21T12:00:00Z
York,2017,21-11-2017,13:00:00,15.51066,3.4,5.5,2017-11-21T13:00:00Z
York,2017,21-11-2017,14:00:00,22.03853,7,9.8,2017-11-21T14:00:00Z
York,2017,21-11-2017,15:00:00,23.21325,6.7,15.8,2017-11-21T15:00:00Z
York,2017,21-11-2017,16:00:00,26.79603,8,10.8,2017-11-21T16:00:00Z
York,2017,21-11-2017,17:00:00,19.70721,5.8,12.4,2017-11-21T17:00:00Z
York,2017,21-11-2017,18:00:00,22.3122,7.8,11.9,2017-11-21T18:00:00Z
York,2017,21-11-2017,19:00:00,24.5984,14.9,9.4,2017-11-21T19:00:00Z
York,2017,21-11-2017,20:00:00,26.24333,8.9,1.7,2017-11-21T20:00:00Z
York,2017,21-11-2017,21:00:00,14.28532,7.5,8.1,2017-11-21T21:00:00Z
York,2017,21-11-2017,22:00:00,12.20898,6.4,6,2017-11-21T22:00:00Z
York,2017,21-11-2017,23:00:00,5.2024,2.6,6.7,2017-11-21T23:00:00Z
York,2017,22-11-2017,00:00:00,7.35237,4.6,1.9,2017-11-22T00:00:00Z
York,2017,22-11-2017,01:00:00,3.93086,4.6,6.8,2017-11-22T01:00:00Z
York,2017,22-11-2017,02:00:00,6.98937,6.5,2.9,2017-11-22T02:00:00Z
York,2017,22-11-2017,03:00:00,5.40117,1.1,5.2,2017-11-22T03:00:00Z
York,2017,22-11-2017,04:00:00,2.64847,1.2,4.5,2017-11-22T04:00:00Z
York,2017,22-11-2017,05:00:00,4.61937,2.2,7.5,2017-11-22T05:00:00Z
York,2017,22-11-2017,06:00:00,22.58176,2.6,0.2,2017-11-22T06:00:00Z
York,2017,22-11-2017,07:00:00,12.89454,4.5,10.7,2017-11-22T07:00:00Z
York,2017,22-11-2017,08:00:00,17.50009,12.4,4,2017-11-22T08:00:00Z
York,2017,22-11-2017,09:00:00,16.80406,14.3,13.1,2017-11-22T09:00:00Z
York,2017,22-11-2017,10:00:00,17.34809,14,14.6,2017-11-22T10:00:00Z
York,2017,22-11-2017,11:00:00,13.78466,15.3,11.4,2017-11-22T11:00:00Z
York,2017,22-11-2017,12:00:00,12.35757,17,9.4,2017-11-22T12:00:00Z
York,2017,22-11-2017,13:00:00,11.80351,14.5,16.6,2017-11-22T13:00:00Z
York,2017,22-11-2017,14:00:00,12.11206,17.3,12.1,2017-11-22T14:00:00Z
York,2017,22-11-2017,15:00:00,13.14552,15.4,13.4,2017-11-22T15:00:00Z
York,2017,22-11-2017,16:00:00,11.9214,19.3,11.6,2017-11-22T16:00:00Z
York,2017,22-11-2017,17:00:00,12.25882,17.7,15.4,2017-11-22T17:00:00Z
York,2017,22-11-2017,18:00:00,11.33095,12.5,9.4,2017-11-22T18:00:00Z
York,2017,22-11-2017,19:00:00,9.40464,16.9,10.9,2017-11-22T19:00:00Z
York,2017,22-11-2017,20:00:00,8.47336,15.2,9,2017-11-22T20:00:00Z
York,2017,22-11-2017,21:00:00,7.92476,12.5,1.6,2017-11-22T21:00:00Z
York,2017,22-11-2017,22:00:00,6.92974,8.3,6.9,2017-11-22T22:00:00Z
York,2017,22-11-2017,23:00:00,4.07761,8.1,7.8,2017-11-22T23:00:00Z
York,2017,23-11-2017,00:00:00,2.81224,1,14.7,2017-11-23T00:00:00Z
York,2017,23-11-2017,01:00:00,1.09686,3.1,,2017-11-23T01:00:00Z
York,2017,23-11-2017,02:00:00,3.38833,3.4,-2.4,2017-11-23T02:00:00Z
York,2017,23-11-2017,03:00:00,8.86468,6.3,2.9,2017-11-23T03:00:00Z
York,2017,23-11-2017,04:00:00,2.39874,-0.5,3.4,2017-11-23T04:00:00Z
York,2017,23-11-2017,05:00:00,1.10548,-0.6,1.3,2017-11-23T05:00:00Z
York,2017,23-11-2017,06:00:00,6.68731,6.3,4.3,2017-11-23T06:00:00Z
York,2017,23-11-2017,07:00:00,13.15325,1.7,5.9,2017-11-23T07:00:00Z
York,2017,23-11-2017,08:00:00,22.84057,4.8,-1.7,2017-11-23T08:00:00Z
York,2017,23-11-2017,09:00:00,26.74519,8.3,5.4,2017-11-23T09:00:00Z
York,2017,23-11-2017,10:00:00,19.58189,9.7,4.7,2017-11-23T10:00:00Z
York,2017,23-11-2017,11:00:00,13.88418,8,2.9,2017-11-23T11:00:00Z
York,2017,23-11-2017,12:00:00,5.18377,8,4.4,2017-11-23T12:00:00Z
York,2017,23-11-2017,13:00:00,10.428,5.8,7.3,2017-11-23T13:00:00Z
York,2017,23-11-2017,14:00:00,7.26709,3.3,7.4,2017-11-23T14:00:00Z
York,2017,23-11-2017,15:00:00,6.73064,1.7,-0.1,2017-11-23T15:00:00Z
York,2017,23-11-2017,16:00:00,24.9091,7.5,-0.6,2017-11-23T16:00:00Z
York,2017,23-11-2017,17:00:00,22.86777,10.8,6.8,2017-11-23T17:00:00Z
York,2017,23-11-2017,18:00:00,23.24971,10.4,12,2017-11-23T18:00:00Z
York,2017,23-11-2017,19:00:00,17.83617,9.1,2.4,2017-11-23T19:00:00Z
York,2017,23-11-2017,20:00:00,21.31587,7.1,5.7,2017-11-23T20:00:00Z
York,2017,23-11-2017,21:00:00,28.84799,5.2,1,2017-11-23T21:00:00Z
York,2017,23-11-2017,22:00:00,46.84203,9.1,8,2017-11-23T22:00:00Z
York,2017,23-11-2017,23:00:00,43.76576,6,8.5,2017-11-23T23:00:00Z
York,2017,24-11-2017,00:00:00,38.827,8.8,0.5,2017-11-24T00:00:00Z
York,2017,24-11-2017,01:00:00,31.61797,8.2,8.8,2017-11-24T01:00:00Z
York,2017,24-11-2017,02:00:00,30.41434,10,11.2,2017-11-24T02:00:00Z
York,2017,24-11-2017,03:00:00,30.55061,12.5,9.8,2017-11-24T03:00:00Z
York,2017,24-11-2017,04:00:00,28.68331,12.2,9.9,2017-11-24T04:00:00Z
York,2017,24-11-2017,05:00:00,24.79593,14.7,8.5,2017-11-24T05:00:00Z
York,2017,24-11-2017,06:00:00,34.43204,11.9,13.7,2017-11-24T06:00:00Z
York,2017,24-11-2017,07:00:00,39.77449,10.2,11.2,2017-11-24T07:00:00Z
York,2017,24-11-2017,08:00:00,44.17092,8.6,9.9,2017-11-24T08:00:00Z
York,2017,24-11-2017,09:00:00,42.23774,17,8.5,2017-11-24T09:00:00Z
York,2017,24-11-2017,10:00:00,39.62351,12.5,5.1,2017-11-24T10:00:00Z
York,2017,24-11-2017,11:00:00,34.2108,11.9,4.7,2017-11-24T11:00:00Z
York,2017,24-11-2017,12:00:00,35.32296,8.3,9.4,2017-11-24T12:00:00Z
York,2017,24-11-2017,13:00:00,23.07258,11.2,1.5,2017-11-24T13:00:00Z
York,2017,24-11-2017,14:00:00,26.79212,11.2,8.1,2017-11-24T14:00:00Z
York,2017,24-11-2017,15:00:00,33.61353,11.4,10.2,2017-11-24T15:00:00Z
York,2017,24-11-2017,16:00:00,51.40822,11.8,11.8,2017-11-24T16:00:00Z
York,2017,24-11-2017,17:00:00,37.79222,7.2,11.1,2017-11-24T17:00:00Z
York,2017,24-11-2017,18:00:00,19.51199,5.3,2,2017-11-24T18:00:00Z
York,2017,24-11-2017,19:00:00,27.60679,1.6,6.3,2017-11-24T19:00:00Z
York,2017,24-11-2017,20:00:00,41.21901,7,12.5,2017-11-24T20:00:00Z
York,2017,24-11-2017,21:00:00,49.44228,11.2,13.2,2017-11-24T21:00:00Z
York,2017,24-11-2017,22:00:00,50.40461,13.5,9.2,2017-11-24T22:00:00Z
York,2017,24-11-2017,23:00:00,40.36324,9.7,12.2,2017-11-24T23:00:00Z
York,2017,25-11-2017,00:00:00,42.23443,10.4,12.6,2017-11-25T00:00:00Z
York,2017,25-11-2017,01:00:00,32.68361,11.5,13.5,2017-11-25T01:00:00Z
York,2017,25-11-2017,02:00:00,29.49167,9.6,9.9,2017-11-25T02:00:00Z
York,2017,25-11-2017,03:00:00,30.22663,9.8,8.9,2017-11-25T03:00:00Z
York,2017,25-11-2017,04:00:00,40.27556,14.4,11.4,2017-11-25T04:00:00Z
York,2017,25-11-2017,05:00:00,34.49928,13.7,11.6,2017-11-25T05:00:00Z
York,2017,25-11-2017,06:00:00,35.14584,12.1,13.7,2017-11-25T06:00:00Z
York,2017,25-11-2017,07:00:00,38.01893,6.6,5.9,2017-11-25T07:00:00Z
York,2017,25-11-2017,08:00:00,33.73916,2.4,4.8,2017-11-25T08:00:00Z
York,2017,25-11-2017,09:00:00,25.23065,3.4,7.7,2017-11-25T09:00:00Z
York,2017,25-11-2017,10:00:00,21.28273,3.6,2.3,2017-11-25T10:00:00Z
York,2017,25-11-2017,11:00:00,9.7469,5.6,0.9,2017-11-25T11:00:00Z
York,2017,25-11-2017,12:00:00,7.04943,3.8,4.4,2017-11-25T12:00:00Z
York,2017,25-11-2017,13:00:00,8.63888,2.8,7.6,2017-11-25T13:00:00Z
York,2017,25-11-2017,14:00:00,12.09075,4.2,6.1,2017-11-25T14:00:00Z
York,2017,25-11-2017,15:00:00,18.65527,5.6,7.7,2017-11-25T15:00:00Z
York,2017,25-11-2017,16:00:00,18.75858,5.2,1.2,2017-11-25T16:00:00Z
York,2017,25-11-2017,17:00:00,23.6765,9.4,5.6,2017-11-25T17:00:00Z
York,2017,25-11-2017,18:00:00,13.8115,10.8,4.7,2017-11-25T18:00:00Z
York,2017,25-11-2017,19:00:00,21.81212,11.7,9.7,2017-11-25T19:00:00Z
York,2017,25-11-2017,20:00:00,15.4191,8.5,8,2017-11-25T20:00:00Z
York,2017,25-11-2017,21:00:00,9.15543,7.3,8.4,2017-11-25T21:00:00Z
York,2017,25-11-2017,22:00:00,9.99306,7.4,4.6,2017-11-25T22:00:00Z
York,2017,25-11-2017,23:00:00,5.313,8.1,7.1,2017-11-25T23:00:00Z
York,2017,26-11-2017,00:00:00,6.95421,8,3.4,2017-11-26T00:00:00Z
York,2017,26-11-2017,01:00:00,2.07593,7,4.3,2017-11-26T01:00:00Z
York,2017,26-11-2017,02:00:00,1.20294,5.4,3.8,2017-11-26T02:00:00Z
York,2017,26-11-2017,03:00:00,1.99764,2.6,2.8,2017-11-26T03:00:00Z
York,2017,26-11-2017,04:00:00,4.1087,5.1,3.7,2017-11-26T04:00:00Z
York,2017,26-11-2017,05:00:00,8.51399,4,3.2,2017-11-26T05:00:00Z
York,2017,26-11-2017,06:00:00,10.78341,4.2,2.7,2017-11-26T06:00:00Z
York,2017,26-11-2017,07:00:00,23.84195,4.6,2.3,2017-11-26T07:00:00Z
York,2017,26-11-2017,08:00:00,29.08599,5.6,4.1,2017-11-26T08:00:00Z
York,2017,26-11-2017,09:00:00,17.73129,7.2,7.1,2017-11-26T09:00:00Z
York,2017,26-11-2017,10:00:00,9.61433,5.2,5.3,2017-11-26T10:00:00Z
York,2017,26-11-2017,11:00:00,12.95609,5.4,7.7,2017-11-26T11:00:00Z
York,2017,26-11-2017,12:00:00,8.24668,7.1,5.2,2017-11-26T12:00:00Z
York,2017,26-11-2017,13:00:00,7.81934,7.8,1.6,2017-11-26T13:00:00Z
York,2017,26-11-2017,14:00:00,18.89846,8.4,3.9,2017-11-26T14:00:00Z
York,2017,26-11-2017,15:00:00,20.3859,6.5,4.7,2017-11-26T15:00:00Z
York,2017,26-11-2017,16:00:00,20.79757,4.8,0,2017-11-26T16:00:00Z
York,2017,26-11-2017,17:00:00,22.28182,4,-0.5,2017-11-26T17:00:00Z
York,2017,26-11-2017,18:00:00,41.50922,13.5,13.4,2017-11-26T18:00:00Z
York,2017,26-11-2017,19:00:00,55.69292,22.9,19.3,2017-11-26T19:00:00Z
York,2017,26-11-2017,20:00:00,46.03327,14.8,14.7,2017-11-26T20:00:00Z
York,2017,26-11-2017,21:00:00,26.979,14.6,13.9,2017-11-26T21:00:00Z
York,2017,26-11-2017,22:00:00,19.83076,12.6,8.6,2017-11-26T22:00:00Z
York,2017,26-11-2017,23:00:00,13.16369,6.6,9.5,2017-11-26T23:00:00Z
York,2017,27-11-2017,00:00:00,11.23857,7.7,9,2017-11-27T00:00:00Z
York,2017,27-11-2017,01:00:00,10.04478,-1,6.1,2017-11-27T01:00:00Z
York,2017,27-11-2017,02:00:00,2.6942,2.1,-2.1,2017-11-27T02:00:00Z
York,2017,27-11-2017,03:00:00,7.14343,9.4,7.2,2017-11-27T03:00:00Z
York,2017,27-11-2017,04:00:00,2.20338,8.5,4.8,2017-11-27T04:00:00Z
York,2017,27-11-2017,05:00:00,5.00948,4.7,2.9,2017-11-27T05:00:00Z
York,2017,27-11-2017,06:00:00,5.89546,8.6,5.5,2017-11-27T06:00:00Z
York,2017,27-11-2017,07:00:00,20.35673,8.3,3.6,2017-11-27T07:00:00Z
York,2017,27-11-2017,08:00:00,23.00279,8.6,2.6,2017-11-27T08:00:00Z
York,2017,27-11-2017,09:00:00,10.22904,5.1,5.1,2017-11-27T09:00:00Z
York,2017,27-11-2017,10:00:00,10.48225,8.7,2.7,2017-11-27T10:00:00Z
York,2017,27-11-2017,11:00:00,4.2123100000000004,6,3.7,2017-11-27T11:00:00Z
York,2017,27-11-2017,12:00:00,5.25083,3.9,1.7,2017-11-27T12:00:00Z
York,2017,27-11-2017,13:00:00,3.8184,5.8,-0.3,2017-11-27T13:00:00Z
York,2017,27-11-2017,14:00:00,6.33501,1.1,1.4,2017-11-27T14:00:00Z
York,2017,27-11-2017,15:00:00,9.05606,3.5,1.9,2017-11-27T15:00:00Z
York,2017,27-11-2017,16:00:00,13.15204,2,0.4,2017-11-27T16:00:00Z
York,2017,27-11-2017,17:00:00,14.58385,5.2,4.4,2017-11-27T17:00:00Z
York,2017,27-11-2017,18:00:00,18.62668,9.2,9,2017-11-27T18:00:00Z
York,2017,27-11-2017,19:00:00,36.2686,8,6.1,2017-11-27T19:00:00Z
York,2017,27-11-2017,20:00:00,29.23021,7,6.9,2017-11-27T20:00:00Z
York,2017,27-11-2017,21:00:00,19.42011,10.8,6.1,2017-11-27T21:00:00Z
York,2017,27-11-2017,22:00:00,11.46327,10.5,1.8,2017-11-27T22:00:00Z
York,2017,27-11-2017,23:00:00,6.44691,5.9,4.1,2017-11-27T23:00:00Z
York,2017,28-11-2017,00:00:00,6.23258,4.1,3.7,2017-11-28T00:00:00Z
York,2017,28-11-2017,01:00:00,5.0503,1.9,5.1,2017-11-28T01:00:00Z
York,2017,28-11-2017,02:00:00,4.22495,2.8,3.5,2017-11-28T02:00:00Z
York,2017,28-11-2017,03:00:00,3.14065,2.7,4.6,2017-11-28T03:00:00Z
York,2017,28-11-2017,04:00:00,4.72935,3.1,1.8,2017-11-28T04:00:00Z
York,2017,28-11-2017,05:00:00,8.6714,2.8,2.4,2017-11-28T05:00:00Z
York,2017,28-11-2017,06:00:00,38.73336,4.5,3.6,2017-11-28T06:00:00Z
York,2017,28-11-2017,07:00:00,44.50247,4.1,4.1,2017-11-28T07:00:00Z
York,2017,28-11-2017,08:00:00,35.93538,6.2,1.1,2017-11-28T08:00:00Z
York,2017,28-11-2017,09:00:00,28.23295,4.7,4.4,2017-11-28T09:00:00Z
York,2017,28-11-2017,10:00:00,9.42255,3,5.5,2017-11-28T10:00:00Z
York,2017,28-11-2017,11:00:00,6.0245,3.3,-0.5,2017-11-28T11:00:00Z
York,2017,28-11-2017,12:00:00,5.68239,6.5,2.6,2017-11-28T12:00:00Z
York,2017,28-11-2017,13:00:00,6.86365,3.3,4.4,2017-11-28T13:00:00Z
York,2017,28-11-2017,14:00:00,9.58484,4.7,1.8,2017-11-28T14:00:00Z
York,2017,28-11-2017,15:00:00,14.13857,4.4,2.8,2017-11-28T15:00:00Z
York,2017,28-11-2017,16:00:00,22.23481,5,8.6,2017-11-28T16:00:00Z
York,2017,28-11-2017,17:00:00,19.95109,7.2,4.1,2017-11-28T17:00:00Z
York,2017,28-11-2017,18:00:00,17.44342,7.8,7.5,2017-11-28T18:00:00Z
York,2017,28-11-2017,19:00:00,9.18781,4.5,7.3,2017-11-28T19:00:00Z
York,2017,28-11-2017,20:00:00,6.68689,5.4,1.8,2017-11-28T20:00:00Z
York,2017,28-11-2017,21:00:00,6.62953,5.5,4.2,2017-11-28T21:00:00Z
York,2017,28-11-2017,22:00:00,5.44336,3.4,5.2,2017-11-28T22:00:00Z
York,2017,28-11-2017,23:00:00,2.79241,5.7,3,2017-11-28T23:00:00Z
York,2017,29-11-2017,00:00:00,1.88297,6.1,4.1,2017-11-29T00:00:00Z
York,2017,29-11-2017,01:00:00,0.96961,2.6,-0.5,2017-11-29T01:00:00Z
York,2017,29-11-2017,02:00:00,1.11822,3,4,2017-11-29T02:00:00Z
York,2017,29-11-2017,03:00:00,1.01641,0.6,1.6,2017-11-29T03:00:00Z
York,2017,29-11-2017,04:00:00,2.49787,-0.4,9.9,2017-11-29T04:00:00Z
York,2017,29-11-2017,05:00:00,1.60322,1.6,3.2,2017-11-29T05:00:00Z
York,2017,29-11-2017,06:00:00,3.6257,-1,5.1,2017-11-29T06:00:00Z
York,2017,29-11-2017,07:00:00,7.47725,1.7,2.5,2017-11-29T07:00:00Z
York,2017,29-11-2017,08:00:00,9.18649,-0.9,6.9,2017-11-29T08:00:00Z
York,2017,29-11-2017,09:00:00,9.17687,0.6,0.5,2017-11-29T09:00:00Z
York,2017,29-11-2017,10:00:00,9.03588,2.3,2.1,2017-11-29T10:00:00Z
York,2017,29-11-2017,11:00:00,9.2352900000000009,-0.2,4.8,2017-11-29T11:00:00Z
York,2017,29-11-2017,12:00:00,8.89729,3.7,3.2,2017-11-29T12:00:00Z
York,2017,29-11-2017,13:00:00,11.16797,1.9,4.4,2017-11-29T13:00:00Z
York,2017,29-11-2017,14:00:00,14.48151,6.3,4.4,2017-11-29T14:00:00Z
York,2017,29-11-2017,15:00:00,12.89644,8.6,6.7,2017-11-29T15:00:00Z
York,2017,29-11-2017,16:00:00,12.64943,7.7,5.7,2017-11-29T16:00:00Z
York,2017,29-11-2017,17:00:00,14.53392,6.9,9.1,2017-11-29T17:00:00Z
York,2017,29-11-2017,18:00:00,10.27573,7.1,8,2017-11-29T18:00:00Z
York,2017,29-11-2017,19:00:00,20.38391,12.8,10.4,2017-11-29T19:00:00Z
York,2017,29-11-2017,20:00:00,16.15757,7.3,9.5,2017-11-29T20:00:00Z
York,2017,29-11-2017,21:00:00,8.53945,7.3,4.1,2017-11-29T21:00:00Z
York,2017,29-11-2017,22:00:00,10.17032,6.9,3.4,2017-11-29T22:00:00Z
York,2017,29-11-2017,23:00:00,6.29881,3,6.1,2017-11-29T23:00:00Z
York,2017,30-11-2017,00:00:00,5.37814,3.9,5.3,2017-11-30T00:00:00Z
York,2017,30-11-2017,01:00:00,2.21695,4.4,5.1,2017-11-30T01:00:00Z
York,2017,30-11-2017,02:00:00,2.05089,4.5,1.2,2017-11-30T02:00:00Z
York,2017,30-11-2017,03:00:00,2.65024,3.6,1,2017-11-30T03:00:00Z
York,2017,30-11-2017,04:00:00,3.49132,3.4,2.6,2017-11-30T04:00:00Z
York,2017,30-11-2017,05:00:00,4.13006,2.6,0.7,2017-11-30T05:00:00Z
York,2017,30-11-2017,06:00:00,7.03499,2.2,3.2,2017-11-30T06:00:00Z
York,2017,30-11-2017,07:00:00,10.62865,1.7,3.2,2017-11-30T07:00:00Z
York,2017,30-11-2017,08:00:00,12.60842,4.5,3.5,2017-11-30T08:00:00Z
York,2017,30-11-2017,09:00:00,9.67698,4.4,2.3,2017-11-30T09:00:00Z
York,2017,30-11-2017,10:00:00,7.60547,2.7,3.3,2017-11-30T10:00:00Z
York,2017,30-11-2017,11:00:00,8.16249,4.2,3,2017-11-30T11:00:00Z
York,2017,30-11-2017,12:00:00,7.1673,1.7,3.2,2017-11-30T12:00:00Z
York,2017,30-11-2017,13:00:00,7.27789,4.3,4.4,2017-11-30T13:00:00Z
York,2017,30-11-2017,14:00:00,7.97252,4.8,4.4,2017-11-30T14:00:00Z
York,2017,30-11-2017,15:00:00,9.10355,3.2,3.2,2017-11-30T15:00:00Z
York,2017,30-11-2017,16:00:00,8.41069,4.2,3.7,2017-11-30T16:00:00Z
York,2017,30-11-2017,17:00:00,9.55233,1.8,1.3,2017-11-30T17:00:00Z
York,2017,30-11-2017,18:00:00,9.40057,1.4,6.6,2017-11-30T18:00:00Z
York,2017,30-11-2017,19:00:00,8.89591,5.1,4.9,2017-11-30T19:00:00Z
York,2017,30-11-2017,20:00:00,7.9625,1.7,7.6,2017-11-30T20:00:00Z
York,2017,30-11-2017,21:00:00,6.63621,2.6,5.3,2017-11-30T21:00:00Z
York,2017,30-11-2017,22:00:00,4.95405,5.7,6.6,2017-11-30T22:00:00Z
York,2017,30-11-2017,23:00:00,4.42178,5.3,2.8,2017-11-30T23:00:00Z
York,2018,01-11-2018,00:00:00,28.48774073,39.97811721,43.65019682,2018-11-01T00:00:00Z
York,2018,01-11-2018,01:00:00,7.833093579,33.15916251,30.10033558,2018-11-01T01:00:00Z
York,2018,01-11-2018,02:00:00,8.051999718,33.14499071,14.7500777,2018-11-01T02:00:00Z
York,2018,01-11-2018,03:00:00,15.24968887,28.09226604,17.28039725,2018-11-01T03:00:00Z
York,2018,01-11-2018,04:00:00,7.5769774,0,14.20535832,2018-11-01T04:00:00Z
York,2018,01-11-2018,05:00:00,21.2195946,21.72246952,19.78828132,2018-11-01T05:00:00Z
York,2018,01-11-2018,06:00:00,5.785088037,29.73766682,24.54777968,2018-11-01T06:00:00Z
York,2018,01-11-2018,07:00:00,10.69713478,7.968496737,12.17322204,2018-11-01T07:00:00Z
York,2018,01-11-2018,08:00:00,3.454551644,16.82118917,5.584323433,2018-11-01T08:00:00Z
York,2018,01-11-2018,09:00:00,0,0.008502673,11.07556161,2018-11-01T09:00:00Z
York,2018,01-11-2018,10:00:00,16.58723085,45.66785192,30.2954047,2018-11-01T10:00:00Z
York,2018,01-11-2018,11:00:00,0,0,0,2018-11-01T11:00:00Z
York,2018,01-11-2018,12:00:00,12.7580914,49.64862285,21.54245172,2018-11-01T12:00:00Z
York,2018,01-11-2018,13:00:00,8.916240004,40.55700539,29.07645514,2018-11-01T13:00:00Z
York,2018,01-11-2018,14:00:00,0,20.39847871,9.289723665,2018-11-01T14:00:00Z
York,2018,01-11-2018,15:00:00,11.63353568,19.34421153,15.77970222,2018-11-01T15:00:00Z
York,2018,01-11-2018,16:00:00,0,11.23953432,0,2018-11-01T16:00:00Z
York,2018,01-11-2018,17:00:00,21.22823012,45.17538651,26.20110802,2018-11-01T17:00:00Z
York,2018,01-11-2018,18:00:00,5.752812478,27.43342928,30.28581599,2018-11-01T18:00:00Z
York,2018,01-11-2018,19:00:00,17.54517962,2.360021986,9.570745523,2018-11-01T19:00:00Z
York,2018,01-11-2018,20:00:00,0,11.80481575,9.660484316,2018-11-01T20:00:00Z
York,2018,01-11-2018,21:00:00,14.40753999,46.42932617,23.01338638,2018-11-01T21:00:00Z
York,2018,01-11-2018,22:00:00,13.18379893,13.83425946,27.81424586,2018-11-01T22:00:00Z
York,2018,01-11-2018,23:00:00,4.403373972,16.51762865,11.33044065,2018-11-01T23:00:00Z
York,2018,02-11-2018,00:00:00,0,0,0,2018-11-02T00:00:00Z
York,2018,02-11-2018,01:00:00,16.27558357,56.75255453,27.71656888,2018-11-02T01:00:00Z
York,2018,02-11-2018,02:00:00,5.446011604,34.72139828,20.866262,2018-11-02T02:00:00Z
York,2018,02-11-2018,03:00:00,14.87599792,17.26194789,14.24051045,2018-11-02T03:00:00Z
York,2018,02-11-2018,04:00:00,5.664756156,0,0,2018-11-02T04:00:00Z
York,2018,02-11-2018,05:00:00,8.951163321,0.364131511,18.52319281,2018-11-02T05:00:00Z
York,2018,02-11-2018,06:00:00,2.742008726,31.55501208,17.53275727,2018-11-02T06:00:00Z
York,2018,02-11-2018,07:00:00,9.185240989,15.19085931,8.869764672,2018-11-02T07:00:00Z
York,2018,02-11-2018,08:00:00,0.192262991,5.11486899,7.994250093,2018-11-02T08:00:00Z
York,2018,02-11-2018,09:00:00,21.83409477,42.67256346,23.78561788,2018-11-02T09:00:00Z
York,2018,02-11-2018,10:00:00,8.056678979,10.05717872,9.20793411,2018-11-02T10:00:00Z
York,2018,02-11-2018,11:00:00,10.42216622,32.34127492,10.41785822,2018-11-02T11:00:00Z
York,2018,02-11-2018,12:00:00,23.26609291,16.56790342,25.68035821,2018-11-02T12:00:00Z
York,2018,02-11-2018,13:00:00,14.59425366,28.73387971,12.30473306,2018-11-02T13:00:00Z
York,2018,02-11-2018,14:00:00,0,2.068895308,0,2018-11-02T14:00:00Z
York,2018,02-11-2018,15:00:00,9.490987148,15.71847882,16.50377227,2018-11-02T15:00:00Z
York,2018,02-11-2018,16:00:00,11.52324094,34.56130771,20.63492324,2018-11-02T16:00:00Z
York,2018,02-11-2018,17:00:00,6.167791492,41.15401362,25.71571068,2018-11-02T17:00:00Z
York,2018,02-11-2018,18:00:00,6.161816545,12.59479718,14.73799429,2018-11-02T18:00:00Z
York,2018,02-11-2018,19:00:00,20.28234523,25.29238473,18.82508748,2018-11-02T19:00:00Z
York,2018,02-11-2018,20:00:00,6.342422426,17.03211148,12.56703139,2018-11-02T20:00:00Z
York,2018,02-11-2018,21:00:00,28.63997054,24.39234137,18.33497254,2018-11-02T21:00:00Z
York,2018,02-11-2018,22:00:00,7.945195893,31.92626315,19.12354367,2018-11-02T22:00:00Z
York,2018,02-11-2018,23:00:00,0,0,3.073473986,2018-11-02T23:00:00Z
York,2018,03-11-2018,00:00:00,10.32883182,4.757141375,9.080631625,2018-11-03T00:00:00Z
York,2018,03-11-2018,01:00:00,11.0873798,10.32265192,0,2018-11-03T01:00:00Z
York,2018,03-11-2018,02:00:00,11.74536789,19.63917518,32.06167276,2018-11-03T02:00:00Z
York,2018,03-11-2018,03:00:00,0,4.730514644,1.588860961,2018-11-03T03:00:00Z
York,2018,03-11-2018,04:00:00,9.990340996,32.71354562,23.46560175,2018-11-03T04:00:00Z
York,2018,03-11-2018,05:00:00,10.43379085,11.41283853,23.70589939,2018-11-03T05:00:00Z
York,2018,03-11-2018,06:00:00,9.573725314,29.64317371,23.68189977,2018-11-03T06:00:00Z
York,2018,03-11-2018,07:00:00,17.23482246,0,5.664760908,2018-11-03T07:00:00Z
York,2018,03-11-2018,08:00:00,8.345806259,8.562311696,2.928907648,2018-11-03T08:00:00Z
York,2018,03-11-2018,09:00:00,3.363296351,12.88124294,9.280845016,2018-11-03T09:00:00Z
York,2018,03-11-2018,10:00:00,14.56328441,5.080699957,19.86943107,2018-11-03T10:00:00Z
York,2018,03-11-2018,11:00:00,10.36589434,48.44780111,26.71562596,2018-11-03T11:00:00Z
York,2018,03-11-2018,12:00:00,10.20727248,52.33773276,32.26060546,2018-11-03T12:00:00Z
York,2018,03-11-2018,13:00:00,5.262193871,18.48162009,3.664834906,2018-11-03T13:00:00Z
York,2018,03-11-2018,14:00:00,17.00258859,22.24777108,30.83788478,2018-11-03T14:00:00Z
York,2018,03-11-2018,15:00:00,4.25236856,30.44986282,15.53965139,2018-11-03T15:00:00Z
York,2018,03-11-2018,16:00:00,7.693331646,8.997413915,16.33422889,2018-11-03T16:00:00Z
York,2018,03-11-2018,17:00:00,6.880455623,10.67795819,22.11509235,2018-11-03T17:00:00Z
York,2018,03-11-2018,18:00:00,14.95761364,36.35430184,24.39877175,2018-11-03T18:00:00Z
York,2018,03-11-2018,19:00:00,13.76853339,22.51326768,12.69725389,2018-11-03T19:00:00Z
York,2018,03-11-2018,20:00:00,22.27947363,30.65306935,36.27567954,2018-11-03T20:00:00Z
York,2018,03-11-2018,21:00:00,7.867399328,6.701488975,23.26007416,2018-11-03T21:00:00Z
York,2018,03-11-2018,22:00:00,17.7902826,52.31387697,42.07649907,2018-11-03T22:00:00Z
York,2018,03-11-2018,23:00:00,6.413001323,0.137697922,0,2018-11-03T23:00:00Z
York,2018,04-11-2018,00:00:00,2.90684878,16.33783632,3.874024981,2018-11-04T00:00:00Z
York,2018,04-11-2018,01:00:00,8.547567747,12.48132818,9.806262366,2018-11-04T01:00:00Z
York,2018,04-11-2018,02:00:00,2.195044396,29.61460776,18.41100989,2018-11-04T02:00:00Z
York,2018,04-11-2018,03:00:00,3.930461634,16.45981973,6.887554482,2018-11-04T03:00:00Z
York,2018,04-11-2018,04:00:00,8.395636366,19.20238478,9.801532395,2018-11-04T04:00:00Z
York,2018,04-11-2018,05:00:00,15.64147595,9.084199032,6.880699302,2018-11-04T05:00:00Z
York,2018,04-11-2018,06:00:00,0.72143949,5.722877666,0,2018-11-04T06:00:00Z
York,2018,04-11-2018,07:00:00,12.56627601,23.7294917,41.85151026,2018-11-04T07:00:00Z
York,2018,04-11-2018,08:00:00,0.181514022,15.37681033,6.251270769,2018-11-04T08:00:00Z
York,2018,04-11-2018,09:00:00,0,17.63305615,7.189610536,2018-11-04T09:00:00Z
York,2018,04-11-2018,10:00:00,4.993817322,0,5.099195792,2018-11-04T10:00:00Z
York,2018,04-11-2018,11:00:00,17.28738714,26.65851254,19.72462821,2018-11-04T11:00:00Z
York,2018,04-11-2018,12:00:00,10.1375584,20.65442263,15.92073728,2018-11-04T12:00:00Z
York,2018,04-11-2018,13:00:00,12.19809863,9.797395218,5.511079861,2018-11-04T13:00:00Z
York,2018,04-11-2018,14:00:00,9.55714987,47.99849245,24.28127155,2018-11-04T14:00:00Z
York,2018,04-11-2018,15:00:00,20.60871192,30.87609038,19.50196395,2018-11-04T15:00:00Z
York,2018,04-11-2018,16:00:00,8.408693648,37.96883537,15.35528745,2018-11-04T16:00:00Z
York,2018,04-11-2018,17:00:00,9.391499388,25.90619488,29.8881532,2018-11-04T17:00:00Z
York,2018,04-11-2018,18:00:00,12.40116689,28.40779569,11.8369461,2018-11-04T18:00:00Z
York,2018,04-11-2018,19:00:00,10.11605159,31.44496662,20.83406669,2018-11-04T19:00:00Z
York,2018,04-11-2018,20:00:00,0,25.38505719,12.51074183,2018-11-04T20:00:00Z
York,2018,04-11-2018,21:00:00,0.481159201,4.293570868,0,2018-11-04T21:00:00Z
York,2018,04-11-2018,22:00:00,10.66501955,24.64396206,10.14603327,2018-11-04T22:00:00Z
York,2018,04-11-2018,23:00:00,7.562235653,11.72553216,7.849835113,2018-11-04T23:00:00Z
York,2018,05-11-2018,00:00:00,56.09706546,115.1675241,87.5189703,2018-11-05T00:00:00Z
York,2018,05-11-2018,01:00:00,45.55246802,143.5711007,117.7291899,2018-11-05T01:00:00Z
York,2018,05-11-2018,02:00:00,63.43061998,106.7397,96.29738956,2018-11-05T02:00:00Z
York,2018,05-11-2018,03:00:00,51.52696369,148.1632183,107.9810581,2018-11-05T03:00:00Z
York,2018,05-11-2018,04:00:00,16.64136763,63.19972217,37.08071783,2018-11-05T04:00:00Z
York,2018,05-11-2018,05:00:00,49.46841661,119.5990226,85.87363852,2018-11-05T05:00:00Z
York,2018,05-11-2018,06:00:00,52.44764765,74.84022662,79.30832416,2018-11-05T06:00:00Z
York,2018,05-11-2018,07:00:00,27.12172547,59.5084785,62.70059273,2018-11-05T07:00:00Z
York,2018,05-11-2018,08:00:00,101.9777913,208.5749595,149.6324806,2018-11-05T08:00:00Z
York,2018,05-11-2018,09:00:00,36.06915021,104.5587612,85.06912991,2018-11-05T09:00:00Z
York,2018,05-11-2018,10:00:00,69.00844158,127.6475218,96.92653257,2018-11-05T10:00:00Z
York,2018,05-11-2018,11:00:00,60.19011482,118.5574016,92.79022767,2018-11-05T11:00:00Z
York,2018,05-11-2018,12:00:00,37.02620174,134.6042473,98.09123356,2018-11-05T12:00:00Z
York,2018,05-11-2018,13:00:00,29.85340432,65.07854367,65.087125,2018-11-05T13:00:00Z
York,2018,05-11-2018,14:00:00,42.63660038,120.2892319,82.87955432,2018-11-05T14:00:00Z
York,2018,05-11-2018,15:00:00,66.53778468,138.3691527,104.3810434,2018-11-05T15:00:00Z
York,2018,05-11-2018,16:00:00,28.1516161,76.16904615,56.48521184,2018-11-05T16:00:00Z
York,2018,05-11-2018,17:00:00,45.76269025,124.4563564,103.7560207,2018-11-05T17:00:00Z
York,2018,05-11-2018,18:00:00,48.34343529,96.42898826,80.41780828,2018-11-05T18:00:00Z
York,2018,05-11-2018,19:00:00,29.50044145,65.88865324,53.73641744,2018-11-05T19:00:00Z
York,2018,05-11-2018,20:00:00,64.76031294,168.0937458,113.204144,2018-11-05T20:00:00Z
York,2018,05-11-2018,21:00:00,36.07276332,125.5654629,89.49483883,2018-11-05T21:00:00Z
York,2018,05-11-2018,22:00:00,41.21952226,133.1197605,106.7811053,2018-11-05T22:00:00Z
York,2018,05-11-2018,23:00:00,34.79442977,79.68256916,67.52050664,2018-11-05T23:00:00Z
York,2018,06-11-2018,00:00:00,0,43.67893947,20.01083116,2018-11-06T00:00:00Z
York,2018,06-11-2018,01:00:00,13.30056966,26.11014846,9.176010382,2018-11-06T01:00:00Z
York,2018,06-11-2018,02:00:00,17.73453056,27.42554361,20.76087538,2018-11-06T02:00:00Z
York,2018,06-11-2018,03:00:00,8.139614656,19.87224139,11.53020212,2018-11-06T03:00:00Z
York,2018,06-11-2018,04:00:00,10.40787521,0,11.16129718,2018-11-06T04:00:00Z
York,2018,06-11-2018,05:00:00,9.140954977,21.9262934,14.9358395,2018-11-06T05:00:00Z
York,2018,06-11-2018,06:00:00,9.212085466,26.62683636,24.69111158,2018-11-06T06:00:00Z
York,2018,06-11-2018,07:00:00,3.914794624,11.42471393,13.65130759,2018-11-06T07:00:00Z
York,2018,06-11-2018,08:00:00,10.90067232,36.86454785,23.99230853,2018-11-06T08:00:00Z
York,2018,06-11-2018,09:00:00,0,29.76349371,10.87874783,2018-11-06T09:00:00Z
York,2018,06-11-2018,10:00:00,3.29747165,24.91040584,6.537458827,2018-11-06T10:00:00Z
York,2018,06-11-2018,11:00:00,18.07213667,22.82397829,21.06262086,2018-11-06T11:00:00Z
York,2018,06-11-2018,12:00:00,0.843239774,34.61518207,35.26983507,2018-11-06T12:00:00Z
York,2018,06-11-2018,13:00:00,12.76676529,13.27878466,13.12871507,2018-11-06T13:00:00Z
York,2018,06-11-2018,14:00:00,1.462915518,3.309884115,7.042618022,2018-11-06T14:00:00Z
York,2018,06-11-2018,15:00:00,3.4896984,0,0,2018-11-06T15:00:00Z
York,2018,06-11-2018,16:00:00,4.719580793,34.25836573,6.492074736,2018-11-06T16:00:00Z
York,2018,06-11-2018,17:00:00,2.881825817,15.53496287,16.2193885,2018-11-06T17:00:00Z
York,2018,06-11-2018,18:00:00,10.41271829,15.54971234,22.76160979,2018-11-06T18:00:00Z
York,2018,06-11-2018,19:00:00,20.3870705,45.77264569,32.43288991,2018-11-06T19:00:00Z
York,2018,06-11-2018,20:00:00,11.80992278,20.83035254,18.92872924,2018-11-06T20:00:00Z
York,2018,06-11-2018,21:00:00,0,20.85045181,8.151924782,2018-11-06T21:00:00Z
York,2018,06-11-2018,22:00:00,8.519059057,9.527887748,9.069363454,2018-11-06T22:00:00Z
York,2018,06-11-2018,23:00:00,8.884608373,40.0992219,16.1994337,2018-11-06T23:00:00Z
York,2018,07-11-2018,00:00:00,16.80552257,28.15336139,20.3716248,2018-11-07T00:00:00Z
York,2018,07-11-2018,01:00:00,21.69515414,34.36213578,35.47268633,2018-11-07T01:00:00Z
York,2018,07-11-2018,02:00:00,23.67705117,34.06332626,30.38783174,2018-11-07T02:00:00Z
York,2018,07-11-2018,03:00:00,0.601099537,24.24428334,9.880801814,2018-11-07T03:00:00Z
York,2018,07-11-2018,04:00:00,8.475631639,18.67781376,14.81931773,2018-11-07T04:00:00Z
York,2018,07-11-2018,05:00:00,3.758658379,15.0281826,8.018749199,2018-11-07T05:00:00Z
York,2018,07-11-2018,06:00:00,9.788343402,10.04680444,6.807631191,2018-11-07T06:00:00Z
York,2018,07-11-2018,07:00:00,8.015105316,14.32900017,20.7771562,2018-11-07T07:00:00Z
York,2018,07-11-2018,08:00:00,6.626293839,27.90095815,33.22899964,2018-11-07T08:00:00Z
York,2018,07-11-2018,09:00:00,15.49458597,56.10691227,45.26497536,2018-11-07T09:00:00Z
York,2018,07-11-2018,10:00:00,4.671258006,2.120723325,13.40246099,2018-11-07T10:00:00Z
York,2018,07-11-2018,11:00:00,5.77802764,15.91216538,10.97628741,2018-11-07T11:00:00Z
York,2018,07-11-2018,12:00:00,2.060218368,5.495418085,6.244715038,2018-11-07T12:00:00Z
York,2018,07-11-2018,13:00:00,3.858017999,29.68290905,25.5169036,2018-11-07T13:00:00Z
York,2018,07-11-2018,14:00:00,0.505382679,22.87296251,0.703799246,2018-11-07T14:00:00Z
York,2018,07-11-2018,15:00:00,5.144518544,0,4.391174605,2018-11-07T15:00:00Z
York,2018,07-11-2018,16:00:00,4.833295796,36.78682983,7.992894428,2018-11-07T16:00:00Z
York,2018,07-11-2018,17:00:00,5.957667503,11.43468136,4.580904889,2018-11-07T17:00:00Z
York,2018,07-11-2018,18:00:00,6.690094642,14.7289053,12.89521176,2018-11-07T18:00:00Z
York,2018,07-11-2018,19:00:00,3.158838548,0,0,2018-11-07T19:00:00Z
York,2018,07-11-2018,20:00:00,4.609796223,13.42604458,22.53406471,2018-11-07T20:00:00Z
York,2018,07-11-2018,21:00:00,7.955166502,27.38389563,18.41839362,2018-11-07T21:00:00Z
York,2018,07-11-2018,22:00:00,0.441923884,11.14291693,2.921654487,2018-11-07T22:00:00Z
York,2018,07-11-2018,23:00:00,4.687774506,9.021644434,16.7328806,2018-11-07T23:00:00Z
York,2018,08-11-2018,00:00:00,22.3753612,47.81553817,34.91025702,2018-11-08T00:00:00Z
York,2018,08-11-2018,01:00:00,0,0,13.12467577,2018-11-08T01:00:00Z
York,2018,08-11-2018,02:00:00,14.22646262,9.185432604,15.86118997,2018-11-08T02:00:00Z
York,2018,08-11-2018,03:00:00,13.73769839,34.85498254,21.10433865,2018-11-08T03:00:00Z
York,2018,08-11-2018,04:00:00,8.096760291,54.91628658,18.10493483,2018-11-08T04:00:00Z
York,2018,08-11-2018,05:00:00,11.09084525,7.16969393,10.96140308,2018-11-08T05:00:00Z
York,2018,08-11-2018,06:00:00,10.20021522,0,1.243616614,2018-11-08T06:00:00Z
York,2018,08-11-2018,07:00:00,19.51324104,10.15359852,15.1634975,2018-11-08T07:00:00Z
York,2018,08-11-2018,08:00:00,20.23849836,24.36635309,19.45364591,2018-11-08T08:00:00Z
York,2018,08-11-2018,09:00:00,6.342034042,8.962121876,7.496082454,2018-11-08T09:00:00Z
York,2018,08-11-2018,10:00:00,0,7.68438193,4.980683868,2018-11-08T10:00:00Z
York,2018,08-11-2018,11:00:00,0,8.608913492,11.10060661,2018-11-08T11:00:00Z
York,2018,08-11-2018,12:00:00,0.72463472,9.242855024,8.241821695,2018-11-08T12:00:00Z
York,2018,08-11-2018,13:00:00,20.81621324,25.20141733,23.3609075,2018-11-08T13:00:00Z
York,2018,08-11-2018,14:00:00,25.89021668,22.3234782,23.0879145,2018-11-08T14:00:00Z
York,2018,08-11-2018,15:00:00,0,11.34576947,6.124171297,2018-11-08T15:00:00Z
York,2018,08-11-2018,16:00:00,6.137169058,35.97785619,13.12915919,2018-11-08T16:00:00Z
York,2018,08-11-2018,17:00:00,16.63053385,23.20205213,14.72578781,2018-11-08T17:00:00Z
York,2018,08-11-2018,18:00:00,0.940806684,16.22696493,10.58791029,2018-11-08T18:00:00Z
York,2018,08-11-2018,19:00:00,12.50208465,16.65531559,32.08228364,2018-11-08T19:00:00Z
York,2018,08-11-2018,20:00:00,13.18870604,20.53704167,21.83211114,2018-11-08T20:00:00Z
York,2018,08-11-2018,21:00:00,1.45112695,6.360371278,14.33138974,2018-11-08T21:00:00Z
York,2018,08-11-2018,22:00:00,15.36967609,36.17882866,23.68043165,2018-11-08T22:00:00Z
York,2018,08-11-2018,23:00:00,13.31532852,8.520374794,13.97499518,2018-11-08T23:00:00Z
York,2018,09-11-2018,00:00:00,7.394602769,14.23657301,13.79320472,2018-11-09T00:00:00Z
York,2018,09-11-2018,01:00:00,2.233987619,0,0,2018-11-09T01:00:00Z
York,2018,09-11-2018,02:00:00,17.91808258,0,6.53114445,2018-11-09T02:00:00Z
York,2018,09-11-2018,03:00:00,3.12060331,0,0.885795537,2018-11-09T03:00:00Z
York,2018,09-11-2018,04:00:00,17.5913075,16.09704192,12.92598809,2018-11-09T04:00:00Z
York,2018,09-11-2018,05:00:00,5.78764774,23.92000361,12.02142012,2018-11-09T05:00:00Z
York,2018,09-11-2018,06:00:00,20.85674094,11.4264823,18.94807209,2018-11-09T06:00:00Z
York,2018,09-11-2018,07:00:00,9.583571482,18.29571624,10.31066335,2018-11-09T07:00:00Z
York,2018,09-11-2018,08:00:00,13.94553444,58.68592626,28.11907193,2018-11-09T08:00:00Z
York,2018,09-11-2018,09:00:00,6.863870783,38.30096617,15.79626544,2018-11-09T09:00:00Z
York,2018,09-11-2018,10:00:00,9.621679252,0,10.03447729,2018-11-09T10:00:00Z
York,2018,09-11-2018,11:00:00,9.905986579,8.929432674,10.77177653,2018-11-09T11:00:00Z
York,2018,09-11-2018,12:00:00,7.344114244,24.43463485,20.89607156,2018-11-09T12:00:00Z
York,2018,09-11-2018,13:00:00,2.081327448,28.01591475,20.43168044,2018-11-09T13:00:00Z
York,2018,09-11-2018,14:00:00,1.244475187,26.91558887,7.233596869,2018-11-09T14:00:00Z
York,2018,09-11-2018,15:00:00,4.79259707,1.046661654,0.33685274,2018-11-09T15:00:00Z
York,2018,09-11-2018,16:00:00,7.515435928,10.06806068,21.3491857,2018-11-09T16:00:00Z
York,2018,09-11-2018,17:00:00,3.571372256,7.546735903,0,2018-11-09T17:00:00Z
York,2018,09-11-2018,18:00:00,1.17439621,12.64911713,5.965826788,2018-11-09T18:00:00Z
York,2018,09-11-2018,19:00:00,11.17777004,0,15.78958485,2018-11-09T19:00:00Z
York,2018,09-11-2018,20:00:00,6.852538844,17.41830702,9.887461806,2018-11-09T20:00:00Z
York,2018,09-11-2018,21:00:00,2.385871621,11.3894461,7.569976612,2018-11-09T21:00:00Z
York,2018,09-11-2018,22:00:00,0.181006409,0,3.434253104,2018-11-09T22:00:00Z
York,2018,09-11-2018,23:00:00,6.65695387,29.49522395,30.92166285,2018-11-09T23:00:00Z
York,2018,10-11-2018,00:00:00,19.68997045,46.77081124,25.97907131,2018-11-10T00:00:00Z
York,2018,10-11-2018,01:00:00,15.6959614,0,6.889156785,2018-11-10T01:00:00Z
York,2018,10-11-2018,02:00:00,17.75058559,14.37993731,9.01128353,2018-11-10T02:00:00Z
York,2018,10-11-2018,03:00:00,1.495208176,29.5304575,17.03002806,2018-11-10T03:00:00Z
York,2018,10-11-2018,04:00:00,11.48132439,31.17090825,25.98908406,2018-11-10T04:00:00Z
York,2018,10-11-2018,05:00:00,0,0.462535119,9.256796328,2018-11-10T05:00:00Z
York,2018,10-11-2018,06:00:00,15.43362693,7.765506036,11.97141356,2018-11-10T06:00:00Z
York,2018,10-11-2018,07:00:00,0.195166256,17.51906127,7.112221938,2018-11-10T07:00:00Z
York,2018,10-11-2018,08:00:00,9.118284833,5.921338993,15.86762689,2018-11-10T08:00:00Z
York,2018,10-11-2018,09:00:00,11.38335735,47.24010974,31.16316858,2018-11-10T09:00:00Z
York,2018,10-11-2018,10:00:00,12.81250757,31.71542224,19.94966824,2018-11-10T10:00:00Z
York,2018,10-11-2018,11:00:00,13.19881868,20.90564608,18.97295114,2018-11-10T11:00:00Z
York,2018,10-11-2018,12:00:00,5.838856998,11.84033281,11.7850001,2018-11-10T12:00:00Z
York,2018,10-11-2018,13:00:00,8.725003513,0,8.172600768,2018-11-10T13:00:00Z
York,2018,10-11-2018,14:00:00,0,46.02316862,25.31057626,2018-11-10T14:00:00Z
York,2018,10-11-2018,15:00:00,7.908612959,24.17805717,11.33796088,2018-11-10T15:00:00Z
York,2018,10-11-2018,16:00:00,6.047833409,10.27912388,6.779272439,2018-11-10T16:00:00Z
York,2018,10-11-2018,17:00:00,16.34878152,17.30612089,23.47278703,2018-11-10T17:00:00Z
York,2018,10-11-2018,18:00:00,7.858566628,25.20589769,18.85762786,2018-11-10T18:00:00Z
York,2018,10-11-2018,19:00:00,14.46040979,14.73388442,32.37954881,2018-11-10T19:00:00Z
York,2018,10-11-2018,20:00:00,7.260894199,42.51355382,14.61342608,2018-11-10T20:00:00Z
York,2018,10-11-2018,21:00:00,17.18926415,28.96345138,31.40165244,2018-11-10T21:00:00Z
York,2018,10-11-2018,22:00:00,5.614429864,20.22844306,10.50174211,2018-11-10T22:00:00Z
York,2018,10-11-2018,23:00:00,13.89860293,26.61430048,15.41932902,2018-11-10T23:00:00Z
York,2019,01-11-2019,00:00:00,7.812903507,0,10.25044985,2019-11-01T00:00:00Z
York,2019,01-11-2019,01:00:00,12.97109576,48.97107656,30.32156666,2019-11-01T01:00:00Z
York,2019,01-11-2019,02:00:00,11.94453358,28.74124051,9.869683107,2019-11-01T02:00:00Z
York,2019,01-11-2019,03:00:00,19.27647723,45.39357475,37.55148472,2019-11-01T03:00:00Z
York,2019,01-11-2019,04:00:00,18.10531977,25.03873937,24.54646745,2019-11-01T04:00:00Z
York,2019,01-11-2019,05:00:00,5.608581589,14.56933946,15.85784236,2019-11-01T05:00:00Z
York,2019,01-11-2019,06:00:00,0.601521232,7.170409139,13.18781752,2019-11-01T06:00:00Z
York,2019,01-11-2019,07:00:00,16.17211726,14.22710054,18.96402459,2019-11-01T07:00:00Z
York,2019,01-11-2019,08:00:00,15.78852351,41.28682788,16.33378426,2019-11-01T08:00:00Z
York,2019,01-11-2019,09:00:00,0,0,1.256075402,2019-11-01T09:00:00Z
York,2019,01-11-2019,10:00:00,16.26936631,28.98054445,13.84050664,2019-11-01T10:00:00Z
York,2019,01-11-2019,11:00:00,9.5766554759999991,0,0,2019-11-01T11:00:00Z
York,2019,01-11-2019,12:00:00,19.31502452,47.53068686,32.17905997,2019-11-01T12:00:00Z
York,2019,01-11-2019,13:00:00,18.75737634,31.47973508,23.91510912,2019-11-01T13:00:00Z
York,2019,01-11-2019,14:00:00,17.54111293,48.51529391,30.68533885,2019-11-01T14:00:00Z
York,2019,01-11-2019,15:00:00,17.42628274,31.47864098,3.107042735,2019-11-01T15:00:00Z
York,2019,01-11-2019,16:00:00,24.02126189,17.78921835,16.34165391,2019-11-01T16:00:00Z
York,2019,01-11-2019,17:00:00,5.70092627,18.23790057,13.90700426,2019-11-01T17:00:00Z
York,2019,01-11-2019,18:00:00,0,3.775736943,4.755945253,2019-11-01T18:00:00Z
York,2019,01-11-2019,19:00:00,23.64275487,25.23504597,41.4243512,2019-11-01T19:00:00Z
York,2019,01-11-2019,20:00:00,13.34620906,12.77288854,11.66792704,2019-11-01T20:00:00Z
York,2019,01-11-2019,21:00:00,10.88319921,27.72518733,19.18587771,2019-11-01T21:00:00Z
York,2019,01-11-2019,22:00:00,19.64593172,30.83519503,13.75221128,2019-11-01T22:00:00Z
York,2019,01-11-2019,23:00:00,5.463631005,33.27982469,27.21970914,2019-11-01T23:00:00Z
York,2019,02-11-2019,00:00:00,26.72194319,37.72605856,41.48701124,2019-11-02T00:00:00Z
York,2019,02-11-2019,01:00:00,10.0860131,6.589313113,11.25144683,2019-11-02T01:00:00Z
York,2019,02-11-2019,02:00:00,0.205828831,12.30455585,8.957207311,2019-11-02T02:00:00Z
York,2019,02-11-2019,03:00:00,4.976082204,16.82609191,7.710741636,2019-11-02T03:00:00Z
York,2019,02-11-2019,04:00:00,14.604140020000001,11.14606222,16.81387825,2019-11-02T04:00:00Z
York,2019,02-11-2019,05:00:00,11.57279475,19.1987106,21.16002677,2019-11-02T05:00:00Z
York,2019,02-11-2019,06:00:00,16.57132395,32.94969944,18.41971233,2019-11-02T06:00:00Z
York,2019,02-11-2019,07:00:00,12.4408317,6.577789108,2.593199241,2019-11-02T07:00:00Z
York,2019,02-11-2019,08:00:00,13.37039714,29.07424939,9.300995721,2019-11-02T08:00:00Z
York,2019,02-11-2019,09:00:00,11.93407128,19.23719037,21.45715452,2019-11-02T09:00:00Z
York,2019,02-11-2019,10:00:00,3.133821771,0.414899525,2.734073854,2019-11-02T10:00:00Z
York,2019,02-11-2019,11:00:00,1.630331909,10.77234872,11.80059265,2019-11-02T11:00:00Z
York,2019,02-11-2019,12:00:00,4.072406484,5.459021725,22.24734696,2019-11-02T12:00:00Z
York,2019,02-11-2019,13:00:00,16.68184948,15.57203772,20.65239818,2019-11-02T13:00:00Z
York,2019,02-11-2019,14:00:00,6.856431735,8.921495954,17.92552035,2019-11-02T14:00:00Z
York,2019,02-11-2019,15:00:00,4.315852828,9.147192876,0.717528339,2019-11-02T15:00:00Z
York,2019,02-11-2019,16:00:00,19.3687113,6.531970172,24.90958674,2019-11-02T16:00:00Z
York,2019,02-11-2019,17:00:00,4.150025782,43.76526182,15.12609652,2019-11-02T17:00:00Z
York,2019,02-11-2019,18:00:00,20.85102802,33.13648937,19.44513935,2019-11-02T18:00:00Z
York,2019,02-11-2019,19:00:00,25.7463959,53.11633029,20.90798335,2019-11-02T19:00:00Z
York,2019,02-11-2019,20:00:00,15.79219648,37.58720856,22.42995019,2019-11-02T20:00:00Z
York,2019,02-11-2019,21:00:00,7.677536625,19.07297129,8.011431838,2019-11-02T21:00:00Z
York,2019,02-11-2019,22:00:00,13.33450551,21.95797704,16.65422304,2019-11-02T22:00:00Z
York,2019,02-11-2019,23:00:00,13.46009957,18.28514078,16.5217178,2019-11-02T23:00:00Z
York,2019,03-11-2019,00:00:00,0.082474039,0,11.64690852,2019-11-03T00:00:00Z
York,2019,03-11-2019,01:00:00,1.170449023,10.78033799,11.53847463,2019-11-03T01:00:00Z
York,2019,03-11-2019,02:00:00,3.352742422,10.40270669,3.797658831,2019-11-03T02:00:00Z
York,2019,03-11-2019,03:00:00,7.933484499,18.19044131,12.91190963,2019-11-03T03:00:00Z
York,2019,03-11-2019,04:00:00,2.849750915,46.26804409,30.40303427,2019-11-03T04:00:00Z
York,2019,03-11-2019,05:00:00,9.367703543,6.440357223,19.0760378,2019-11-03T05:00:00Z
York,2019,03-11-2019,06:00:00,10.69068092,10.4337274,8.490815189,2019-11-03T06:00:00Z
York,2019,03-11-2019,07:00:00,8.500376298,5.755434245,7.419486286,2019-11-03T07:00:00Z
York,2019,03-11-2019,08:00:00,1.311802839,3.316878,14.12005649,2019-11-03T08:00:00Z
York,2019,03-11-2019,09:00:00,10.11336622,28.33404242,18.42180149,2019-11-03T09:00:00Z
York,2019,03-11-2019,10:00:00,0,7.383411934,9.920223328,2019-11-03T10:00:00Z
York,2019,03-11-2019,11:00:00,22.17388948,50.99365206,35.58858266,2019-11-03T11:00:00Z
York,2019,03-11-2019,12:00:00,11.23079564,22.16934496,14.50935713,2019-11-03T12:00:00Z
York,2019,03-11-2019,13:00:00,10.06452734,29.96590824,18.70016246,2019-11-03T13:00:00Z
York,2019,03-11-2019,14:00:00,12.51982384,33.6959156,33.85974356,2019-11-03T14:00:00Z
York,2019,03-11-2019,15:00:00,5.530312706,8.056540736,12.43448391,2019-11-03T15:00:00Z
York,2019,03-11-2019,16:00:00,15.88132263,22.63450275,25.83049847,2019-11-03T16:00:00Z
York,2019,03-11-2019,17:00:00,10.18868309,17.69482528,12.49351246,2019-11-03T17:00:00Z
York,2019,03-11-2019,18:00:00,5.814855941,31.25881854,9.800094622,2019-11-03T18:00:00Z
York,2019,03-11-2019,19:00:00,18.2002494,28.20585243,23.29836135,2019-11-03T19:00:00Z
York,2019,03-11-2019,20:00:00,15.65402688,5.284254935,14.14963627,2019-11-03T20:00:00Z
York,2019,03-11-2019,21:00:00,15.02589092,23.21562859,30.1020781,2019-11-03T21:00:00Z
York,2019,03-11-2019,22:00:00,12.50909254,0,8.27925925,2019-11-03T22:00:00Z
York,2019,03-11-2019,23:00:00,11.20709163,0,19.90432302,2019-11-03T23:00:00Z
York,2019,04-11-2019,00:00:00,19.12963053,28.17729413,18.60855308,2019-11-04T00:00:00Z
York,2019,04-11-2019,01:00:00,14.49789085,29.71631134,26.76881564,2019-11-04T01:00:00Z
York,2019,04-11-2019,02:00:00,0.686974701,18.81600269,15.8632139,2019-11-04T02:00:00Z
York,2019,04-11-2019,03:00:00,4.278291867,22.81728398,24.30944274,2019-11-04T03:00:00Z
York,2019,04-11-2019,04:00:00,20.04084775,24.1270798,13.07202783,2019-11-04T04:00:00Z
York,2019,04-11-2019,05:00:00,13.99179901,23.66547237,7.783417931,2019-11-04T05:00:00Z
York,2019,04-11-2019,06:00:00,15.63172907,31.21523886,23.15401501,2019-11-04T06:00:00Z
York,2019,04-11-2019,07:00:00,18.00226604,48.09439952,25.24288948,2019-11-04T07:00:00Z
York,2019,04-11-2019,08:00:00,12.57863014,43.11147739,13.77169092,2019-11-04T08:00:00Z
York,2019,04-11-2019,09:00:00,0,14.36907806,14.31794293,2019-11-04T09:00:00Z
York,2019,04-11-2019,10:00:00,10.80365436,44.379683730000004,21.10452593,2019-11-04T10:00:00Z
York,2019,04-11-2019,11:00:00,0,0,0,2019-11-04T11:00:00Z
York,2019,04-11-2019,12:00:00,6.907771665,10.49287764,13.8987823,2019-11-04T12:00:00Z
York,2019,04-11-2019,13:00:00,13.6250656,22.79387937,36.49804079,2019-11-04T13:00:00Z
York,2019,04-11-2019,14:00:00,4.799386473,40.94153193,36.42255169,2019-11-04T14:00:00Z
York,2019,04-11-2019,15:00:00,5.027793226,36.04364255,16.46475605,2019-11-04T15:00:00Z
York,2019,04-11-2019,16:00:00,9.431668232,17.05730669,11.60618355,2019-11-04T16:00:00Z
York,2019,04-11-2019,17:00:00,16.94527931,30.61835808,28.33500426,2019-11-04T17:00:00Z
York,2019,04-11-2019,18:00:00,12.90578216,14.78758898,25.49741834,2019-11-04T18:00:00Z
York,2019,04-11-2019,19:00:00,0.72467436,11.85647368,9.920810866,2019-11-04T19:00:00Z
York,2019,04-11-2019,20:00:00,7.112807138,10.71914923,16.82723986,2019-11-04T20:00:00Z
York,2019,04-11-2019,21:00:00,19.38433589,55.008525,22.99495405,2019-11-04T21:00:00Z
York,2019,04-11-2019,22:00:00,0.236102181,0,0,2019-11-04T22:00:00Z
York,2019,04-11-2019,23:00:00,0,11.42002319,21.77907942,2019-11-04T23:00:00Z
York,2019,05-11-2019,00:00:00,63.65681121,113.1295999,90.83372411,2019-11-05T00:00:00Z
York,2019,05-11-2019,01:00:00,25.68029531,51.23264163,48.69962126,2019-11-05T01:00:00Z
York,2019,05-11-2019,02:00:00,61.44114164,121.1246068,80.36920923,2019-11-05T02:00:00Z
York,2019,05-11-2019,03:00:00,67.81088549,155.0535038,114.9383398,2019-11-05T03:00:00Z
York,2019,05-11-2019,04:00:00,27.728446,37.93829021,48.92644407,2019-11-05T04:00:00Z
York,2019,05-11-2019,05:00:00,63.11303205,121.5201953,99.75748397,2019-11-05T05:00:00Z
York,2019,05-11-2019,06:00:00,54.71421298,136.0887364,99.83878064,2019-11-05T06:00:00Z
York,2019,05-11-2019,07:00:00,52.64084312,94.70391801,65.80295612,2019-11-05T07:00:00Z
York,2019,05-11-2019,08:00:00,24.81902263,83.74436669,49.78156778,2019-11-05T08:00:00Z
York,2019,05-11-2019,09:00:00,52.92015478,109.7840081,91.74900675,2019-11-05T09:00:00Z
York,2019,05-11-2019,10:00:00,39.32331603,84.1736674,72.57137079,2019-11-05T10:00:00Z
York,2019,05-11-2019,11:00:00,42.16655329,83.08743271,84.32162341,2019-11-05T11:00:00Z
York,2019,05-11-2019,12:00:00,61.48578378,149.4982808,95.72090597,2019-11-05T12:00:00Z
York,2019,05-11-2019,13:00:00,36.25148627,107.8841714,75.21810556,2019-11-05T13:00:00Z
York,2019,05-11-2019,14:00:00,25.99366388,49.95620179,43.30652974,2019-11-05T14:00:00Z
York,2019,05-11-2019,15:00:00,69.72560277,115.4870517,92.26438316,2019-11-05T15:00:00Z
York,2019,05-11-2019,16:00:00,32.54834992,48.38345038,52.46553577,2019-11-05T16:00:00Z
York,2019,05-11-2019,17:00:00,61.80550537,142.1957537,106.5610998,2019-11-05T17:00:00Z
York,2019,05-11-2019,18:00:00,57.11462073,128.5448516,106.4317131,2019-11-05T18:00:00Z
York,2019,05-11-2019,19:00:00,49.48551996,129.8678918,92.10191171,2019-11-05T19:00:00Z
York,2019,05-11-2019,20:00:00,70.14439813,149.9541877,116.5405238,2019-11-05T20:00:00Z
York,2019,05-11-2019,21:00:00,29.23224485,83.53616802,62.26153197,2019-11-05T21:00:00Z
York,2019,05-11-2019,22:00:00,60.04161147,129.7960814,95.16519464,2019-11-05T22:00:00Z
York,2019,05-11-2019,23:00:00,28.07563105,52.58459042,62.15738789,2019-11-05T23:00:00Z
York,2019,06-11-2019,00:00:00,15.37037089,8.569297022,10.37130011,2019-11-06T00:00:00Z
York,2019,06-11-2019,01:00:00,4.671118407,32.32315533,21.9775039,2019-11-06T01:00:00Z
York,2019,06-11-2019,02:00:00,4.096287121,2.335082418,6.299230646,2019-11-06T02:00:00Z
York,2019,06-11-2019,03:00:00,7.795265266,31.47679497,30.23326591,2019-11-06T03:00:00Z
York,2019,06-11-2019,04:00:00,5.125469677,34.34735597,9.968815236,2019-11-06T04:00:00Z
York,2019,06-11-2019,05:00:00,6.66431288,0,0,2019-11-06T05:00:00Z
York,2019,06-11-2019,06:00:00,14.94125095,2.939958933,14.53642616,2019-11-06T06:00:00Z
York,2019,06-11-2019,07:00:00,7.674478409,23.09369271,22.47847533,2019-11-06T07:00:00Z
York,2019,06-11-2019,08:00:00,8.848175648,25.66546379,16.39494878,2019-11-06T08:00:00Z
York,2019,06-11-2019,09:00:00,11.36639289,33.94863291,24.18815154,2019-11-06T09:00:00Z
York,2019,06-11-2019,10:00:00,11.13195007,12.93993775,9.101030249,2019-11-06T10:00:00Z
York,2019,06-11-2019,11:00:00,5.555281376,18.88741339,9.467072247,2019-11-06T11:00:00Z
York,2019,06-11-2019,12:00:00,12.16986083,7.270213036,24.92107509,2019-11-06T12:00:00Z
York,2019,06-11-2019,13:00:00,0,22.1507759,13.83940615,2019-11-06T13:00:00Z
York,2019,06-11-2019,14:00:00,1.978783413,18.55340116,17.51727989,2019-11-06T14:00:00Z
York,2019,06-11-2019,15:00:00,20.65714508,51.14927509,32.35439228,2019-11-06T15:00:00Z
York,2019,06-11-2019,16:00:00,5.676561226,22.9835012,10.80864824,2019-11-06T16:00:00Z
York,2019,06-11-2019,17:00:00,18.54170274,22.7436774,26.93990448,2019-11-06T17:00:00Z
York,2019,06-11-2019,18:00:00,6.696872741,20.95302271,8.698476808,2019-11-06T18:00:00Z
York,2019,06-11-2019,19:00:00,5.815712708,0,0,2019-11-06T19:00:00Z
York,2019,06-11-2019,20:00:00,7.31022527,15.03646914,13.17855882,2019-11-06T20:00:00Z
York,2019,06-11-2019,21:00:00,9.307920292,40.58059244,27.2557161,2019-11-06T21:00:00Z
York,2019,06-11-2019,22:00:00,9.505033676,31.25833878,25.15945893,2019-11-06T22:00:00Z
York,2019,06-11-2019,23:00:00,0,0.004657723,1.438348801,2019-11-06T23:00:00Z
York,2019,07-11-2019,00:00:00,7.481369458,8.645146203,0,2019-11-07T00:00:00Z
York,2019,07-11-2019,01:00:00,7.435013465,18.67754189,14.88802774,2019-11-07T01:00:00Z
York,2019,07-11-2019,02:00:00,1.96883155,14.02885317,13.3393913,2019-11-07T02:00:00Z
York,2019,07-11-2019,03:00:00,14.48025387,39.24372253,28.61319926,2019-11-07T03:00:00Z
York,2019,07-11-2019,04:00:00,0,4.678240841,0,2019-11-07T04:00:00Z
York,2019,07-11-2019,05:00:00,10.59725682,14.36684569,10.56600582,2019-11-07T05:00:00Z
York,2019,07-11-2019,06:00:00,2.237489268,16.79713391,0,2019-11-07T06:00:00Z
York,2019,07-11-2019,07:00:00,3.114938181,0.511495846,19.13484768,2019-11-07T07:00:00Z
York,2019,07-11-2019,08:00:00,1.035945634,0,0,2019-11-07T08:00:00Z
York,2019,07-11-2019,09:00:00,6.057161764,12.80734315,16.80845726,2019-11-07T09:00:00Z
York,2019,07-11-2019,10:00:00,18.89998543,27.91243762,20.54557033,2019-11-07T10:00:00Z
York,2019,07-11-2019,11:00:00,1.16203559,0,0,2019-11-07T11:00:00Z
York,2019,07-11-2019,12:00:00,8.627518953,0,13.61649338,2019-11-07T12:00:00Z
York,2019,07-11-2019,13:00:00,2.140038921,5.161264112,0,2019-11-07T13:00:00Z
York,2019,07-11-2019,14:00:00,9.563314366,38.73878368,21.47215045,2019-11-07T14:00:00Z
York,2019,07-11-2019,15:00:00,7.833506987,21.62637747,17.1268229,2019-11-07T15:00:00Z
York,2019,07-11-2019,16:00:00,8.657992085,27.4795922,17.06166657,2019-11-07T16:00:00Z
York,2019,07-11-2019,17:00:00,0,1.133736616,2.984970221,2019-11-07T17:00:00Z
York,2019,07-11-2019,18:00:00,6.921213876,25.46569011,8.240711608,2019-11-07T18:00:00Z
York,2019,07-11-2019,19:00:00,16.29976702,21.52423858,16.30006696,2019-11-07T19:00:00Z
York,2019,07-11-2019,20:00:00,8.172152906,49.03421863,21.09241174,2019-11-07T20:00:00Z
York,2019,07-11-2019,21:00:00,21.7957024,46.00072648,39.6831157,2019-11-07T21:00:00Z
York,2019,07-11-2019,22:00:00,12.67246431,40.29208237,23.51350787,2019-11-07T22:00:00Z
York,2019,07-11-2019,23:00:00,5.533485656,23.51470024,24.49203196,2019-11-07T23:00:00Z
York,2019,08-11-2019,00:00:00,0.936770174,0,7.076158899,2019-11-08T00:00:00Z
York,2019,08-11-2019,01:00:00,13.66527884,22.25631194,8.07231893,2019-11-08T01:00:00Z
York,2019,08-11-2019,02:00:00,0,44.86657875,4.656326213,2019-11-08T02:00:00Z
York,2019,08-11-2019,03:00:00,11.43219559,22.45594678,9.493021416,2019-11-08T03:00:00Z
York,2019,08-11-2019,04:00:00,4.743354309,10.02685637,9.828590831,2019-11-08T04:00:00Z
York,2019,08-11-2019,05:00:00,5.293202811,48.45106021,15.95922464,2019-11-08T05:00:00Z
York,2019,08-11-2019,06:00:00,9.787328339,14.92761097,15.24461911,2019-11-08T06:00:00Z
York,2019,08-11-2019,07:00:00,5.83442668,19.40071513,15.1827558,2019-11-08T07:00:00Z
York,2019,08-11-2019,08:00:00,6.370342949,6.577376899,11.75017778,2019-11-08T08:00:00Z
York,2019,08-11-2019,09:00:00,6.55527593,18.52441168,22.47211878,2019-11-08T09:00:00Z
York,2019,08-11-2019,10:00:00,10.9391774,28.46653307,17.17047765,2019-11-08T10:00:00Z
York,2019,08-11-2019,11:00:00,0,10.07947696,14.28311324,2019-11-08T11:00:00Z
York,2019,08-11-2019,12:00:00,0.083309,5.929419932,0,2019-11-08T12:00:00Z
York,2019,08-11-2019,13:00:00,6.924272042,6.726465187,11.52714585,2019-11-08T13:00:00Z
York,2019,08-11-2019,14:00:00,4.612299047,5.802067818,13.24182568,2019-11-08T14:00:00Z
York,2019,08-11-2019,15:00:00,15.88882552,15.41433394,19.01808338,2019-11-08T15:00:00Z
York,2019,08-11-2019,16:00:00,15.11543656,11.08104413,21.1281071,2019-11-08T16:00:00Z
York,2019,08-11-2019,17:00:00,20.35402443,42.30555112,27.74776643,2019-11-08T17:00:00Z
York,2019,08-11-2019,18:00:00,18.0036653,43.32833969,34.53398169,2019-11-08T18:00:00Z
York,2019,08-11-2019,19:00:00,4.382242052,15.72241939,6.406824517,2019-11-08T19:00:00Z
York,2019,08-11-2019,20:00:00,0.732966554,14.59030607,2.715639641,2019-11-08T20:00:00Z
York,2019,08-11-2019,21:00:00,13.42602683,25.00944866,22.07869884,2019-11-08T21:00:00Z
York,2019,08-11-2019,22:00:00,8.551571837,24.06703208,3.280072736,2019-11-08T22:00:00Z
York,2019,08-11-2019,23:00:00,7.742621535,18.83777196,5.411202981,2019-11-08T23:00:00Z
York,2019,09-11-2019,00:00:00,9.336817568,34.04260722,9.189063961,2019-11-09T00:00:00Z
York,2019,09-11-2019,01:00:00,12.06670117,26.08426146,8.88760366,2019-11-09T01:00:00Z
York,2019,09-11-2019,02:00:00,7.80317002,21.09245544,24.62372581,2019-11-09T02:00:00Z
York,2019,09-11-2019,03:00:00,18.37970405,42.94131068,34.36128419,2019-11-09T03:00:00Z
York,2019,09-11-2019,04:00:00,7.804416556,23.09044787,9.542666351,2019-11-09T04:00:00Z
York,2019,09-11-2019,05:00:00,0,8.909578019,0.227178336,2019-11-09T05:00:00Z
York,2019,09-11-2019,06:00:00,1.887383049,11.3968595,3.069258551,2019-11-09T06:00:00Z
York,2019,09-11-2019,07:00:00,12.99088488,31.88061089,28.72668248,2019-11-09T07:00:00Z
York,2019,09-11-2019,08:00:00,4.624040843,15.25925715,22.30825602,2019-11-09T08:00:00Z
York,2019,09-11-2019,09:00:00,5.955376618,1.196797772,11.1317313,2019-11-09T09:00:00Z
York,2019,09-11-2019,10:00:00,7.000247406,24.63072108,17.81769501,2019-11-09T10:00:00Z
York,2019,09-11-2019,11:00:00,5.057078184,40.40164977,31.02572283,2019-11-09T11:00:00Z
York,2019,09-11-2019,12:00:00,1.949734856,11.7688949,2.483934864,2019-11-09T12:00:00Z
York,2019,09-11-2019,13:00:00,2.347908212,12.46301764,4.857458033,2019-11-09T13:00:00Z
York,2019,09-11-2019,14:00:00,0,6.113937328,13.03476578,2019-11-09T14:00:00Z
York,2019,09-11-2019,15:00:00,14.198762,8.566633409,27.07093523,2019-11-09T15:00:00Z
York,2019,09-11-2019,16:00:00,10.2775743,5.166622853,7.016980228,2019-11-09T16:00:00Z
York,2019,09-11-2019,17:00:00,19.30703431,32.15698551,22.56110039,2019-11-09T17:00:00Z
York,2019,09-11-2019,18:00:00,9.781926871,44.78552401,28.82606344,2019-11-09T18:00:00Z
York,2019,09-11-2019,19:00:00,13.95388606,34.93158347,24.27021665,2019-11-09T19:00:00Z
York,2019,09-11-2019,20:00:00,10.17492749,16.34917553,17.00381659,2019-11-09T20:00:00Z
York,2019,09-11-2019,21:00:00,3.643695955,19.20933046,13.02978742,2019-11-09T21:00:00Z
York,2019,09-11-2019,22:00:00,3.877459742,0,5.454422233,2019-11-09T22:00:00Z
York,2019,09-11-2019,23:00:00,13.89346099,28.39488173,23.6438961,2019-11-09T23:00:00Z
York,2019,10-11-2019,00:00:00,14.79462129,31.9139067,20.96447913,2019-11-10T00:00:00Z
York,2019,10-11-2019,01:00:00,15.50779579,20.42538173,13.91733908,2019-11-10T01:00:00Z
York,2019,10-11-2019,02:00:00,5.424395992,3.323992201,6.961503777,2019-11-10T02:00:00Z
York,2019,10-11-2019,03:00:00,10.57684938,35.07875842,26.09661202,2019-11-10T03:00:00Z
York,2019,10-11-2019,04:00:00,5.106083695,23.02195477,19.06775419,2019-11-10T04:00:00Z
York,2019,10-11-2019,05:00:00,7.987430914,13.60616758,8.198470589,2019-11-10T05:00:00Z
York,2019,10-11-2019,06:00:00,5.090619792,12.43198719,14.79580116,2019-11-10T06:00:00Z
York,2019,10-11-2019,07:00:00,4.700819066,8.932024961,9.800705141,2019-11-10T07:00:00Z
York,2019,10-11-2019,08:00:00,5.979135926,45.70657616,31.45020106,2019-11-10T08:00:00Z
York,2019,10-11-2019,09:00:00,4.519088121,12.27588759,17.01700107,2019-11-10T09:00:00Z
York,2019,10-11-2019,10:00:00,20.95237208,29.44957875,25.16644072,2019-11-10T10:00:00Z
York,2019,10-11-2019,11:00:00,14.33431389,11.40028497,1.385240431,2019-11-10T11:00:00Z
York,2019,10-11-2019,12:00:00,20.86410933,20.54456726,23.70128442,2019-11-10T12:00:00Z
York,2019,10-11-2019,13:00:00,13.05016243,27.36082762,21.7539226,2019-11-10T13:00:00Z
York,2019,10-11-2019,14:00:00,2.885876005,15.19654122,14.45487136,2019-11-10T14:00:00Z
York,2019,10-11-2019,15:00:00,9.460665441,6.341615267,14.90557125,2019-11-10T15:00:00Z
York,2019,10-11-2019,16:00:00,21.43932875,26.56268712,22.2924665,2019-11-10T16:00:00Z
York,2019,10-11-2019,17:00:00,16.06859613,12.72659262,16.96251375,2019-11-10T17:00:00Z
York,2019,10-11-2019,18:00:00,15.50978718,5.851166096,18.99556072,2019-11-10T18:00:00Z
York,2019,10-11-2019,19:00:00,17.12164613,10.35096348,16.1159454,2019-11-10T19:00:00Z
York,2019,10-11-2019,20:00:00,0.515678878,18.10086208,19.32210075,2019-11-10T20:00:00Z
York,2019,10-11-2019,21:00:00,13.31786179,8.799840869,14.73645804,2019-11-10T21:00:00Z
York,2019,10-11-2019,22:00:00,2.365790086,0,2.560689407,2019-11-10T22:00:00Z
York,2019,10-11-2019,23:00:00,14.39244955,33.09415744,26.64024585,2019-11-10T23:00:00Z
York,2020,01-11-2020,00:00:00,13.22038735,16.44615042,17.08348169,2020-11-01T00:00:00Z
York,2020,01-11-2020,01:00:00,13.98148959,15.35030765,15.55742567,2020-11-01T01:00:00Z
York,2020,01-11-2020,02:00:00,2.677245202,12.74794705,20.3297182,2020-11-01T02:00:00Z
York,2020,01-11-2020,03:00:00,0.419957073,26.39004635,12.05205299,2020-11-01T03:00:00Z
York,2020,01-11-2020,04:00:00,5.716074618,-2.137404044,2.77519527,2020-11-01T04:00:00Z
York,2020,01-11-2020,05:00:00,14.2178077,21.58811899,16.02442728,2020-11-01T05:00:00Z
York,2020,01-11-2020,06:00:00,6.45581822,19.84467095,15.22698713,2020-11-01T06:00:00Z
York,2020,01-11-2020,07:00:00,6.908985899,25.54758666,23.42177458,2020-11-01T07:00:00Z
York,2020,01-11-2020,08:00:00,5.291794978,40.65264315,14.40146884,2020-11-01T08:00:00Z
York,2020,01-11-2020,09:00:00,8.835856227,7.554297547,7.175376604,2020-11-01T09:00:00Z
York,2020,01-11-2020,10:00:00,11.87692703,27.36574761,16.9903013,2020-11-01T10:00:00Z
York,2020,01-11-2020,11:00:00,18.5855564,29.15203743,22.91401021,2020-11-01T11:00:00Z
York,2020,01-11-2020,12:00:00,6.158743567,3.787975018,7.911104786,2020-11-01T12:00:00Z
York,2020,01-11-2020,13:00:00,0,21.64829162,7.879538614,2020-11-01T13:00:00Z
York,2020,01-11-2020,14:00:00,13.9052785,36.93317003,13.62898954,2020-11-01T14:00:00Z
York,2020,01-11-2020,15:00:00,5.229536844,32.90087024,14.58237882,2020-11-01T15:00:00Z
York,2020,01-11-2020,16:00:00,17.27724581,32.40797081,22.9277462,2020-11-01T16:00:00Z
York,2020,01-11-2020,17:00:00,0,11.79271073,6.570445543,2020-11-01T17:00:00Z
York,2020,01-11-2020,18:00:00,0.594248994,9.184172198,11.81634306,2020-11-01T18:00:00Z
York,2020,01-11-2020,19:00:00,9.395903364,19.3962129,19.52867009,2020-11-01T19:00:00Z
York,2020,01-11-2020,20:00:00,13.23925058,35.86059874,17.74605517,2020-11-01T20:00:00Z
York,2020,01-11-2020,21:00:00,5.74216691,31.08731568,20.07544391,2020-11-01T21:00:00Z
York,2020,01-11-2020,22:00:00,2.120943655,13.52369299,24.73208819,2020-11-01T22:00:00Z
York,2020,01-11-2020,23:00:00,0,12.18117339,3.590752163,2020-11-01T23:00:00Z
York,2020,02-11-2020,00:00:00,5.393052329,31.14467083,20.65948435,2020-11-02T00:00:00Z
York,2020,02-11-2020,01:00:00,11.73635889,19.66717772,14.59113964,2020-11-02T01:00:00Z
York,2020,02-11-2020,02:00:00,17.18959096,25.1864421,19.98875808,2020-11-02T02:00:00Z
York,2020,02-11-2020,03:00:00,2.923841754,16.69215336,16.00066804,2020-11-02T03:00:00Z
York,2020,02-11-2020,04:00:00,14.12590795,10.62999596,8.769137243,2020-11-02T04:00:00Z
York,2020,02-11-2020,05:00:00,5.658688305,27.60282293,13.4811876,2020-11-02T05:00:00Z
York,2020,02-11-2020,06:00:00,0,4.45549587,1.57611225,2020-11-02T06:00:00Z
York,2020,02-11-2020,07:00:00,0.382851904,22.50104447,11.49122974,2020-11-02T07:00:00Z
York,2020,02-11-2020,08:00:00,24.4742616,20.70324865,26.62685602,2020-11-02T08:00:00Z
York,2020,02-11-2020,09:00:00,9.912688754,29.34890377,17.79723258,2020-11-02T09:00:00Z
York,2020,02-11-2020,10:00:00,16.28919835,26.63408866,27.55053383,2020-11-02T10:00:00Z
York,2020,02-11-2020,11:00:00,3.528501175,9.529140494,9.52451042,2020-11-02T11:00:00Z
York,2020,02-11-2020,12:00:00,9.551646372,47.85233174,23.71732288,2020-11-02T12:00:00Z
York,2020,02-11-2020,13:00:00,0,28.34552157,12.46431675,2020-11-02T13:00:00Z
York,2020,02-11-2020,14:00:00,1.005111924,10.83891756,9.850998844,2020-11-02T14:00:00Z
York,2020,02-11-2020,15:00:00,17.52651099,45.17986126,26.99735682,2020-11-02T15:00:00Z
York,2020,02-11-2020,16:00:00,0,-9.312006654,-1.899911348,2020-11-02T16:00:00Z
York,2020,02-11-2020,17:00:00,2.905638476,25.000431,19.91365749,2020-11-02T17:00:00Z
York,2020,02-11-2020,18:00:00,5.464719542,14.55485004,10.24351227,2020-11-02T18:00:00Z
York,2020,02-11-2020,19:00:00,17.76384843,39.96799774,25.35113209,2020-11-02T19:00:00Z
York,2020,02-11-2020,20:00:00,9.660749358,13.09724506,11.22961733,2020-11-02T20:00:00Z
York,2020,02-11-2020,21:00:00,10.78068879,48.34231457,15.96741966,2020-11-02T21:00:00Z
York,2020,02-11-2020,22:00:00,5.393854657,-5.063186047,6.473044578,2020-11-02T22:00:00Z
York,2020,02-11-2020,23:00:00,3.491483672,25.25667002,23.70051474,2020-11-02T23:00:00Z
York,2020,03-11-2020,00:00:00,5.991879793,32.26745536,9.397069423,2020-11-03T00:00:00Z
York,2020,03-11-2020,01:00:00,11.99364593,7.755042062,16.39738519,2020-11-03T01:00:00Z
York,2020,03-11-2020,02:00:00,5.02109307,-7.127374144,9.482231087,2020-11-03T02:00:00Z
York,2020,03-11-2020,03:00:00,7.231556714,-1.939884625,3.179436665,2020-11-03T03:00:00Z
York,2020,03-11-2020,04:00:00,10.4281676,21.18621882,18.18192704,2020-11-03T04:00:00Z
York,2020,03-11-2020,05:00:00,12.3651221,15.88259951,9.154746933,2020-11-03T05:00:00Z
York,2020,03-11-2020,06:00:00,15.58972606,32.41954609,27.62040808,2020-11-03T06:00:00Z
York,2020,03-11-2020,07:00:00,0,-11.73503913,-0.903662785,2020-11-03T07:00:00Z
York,2020,03-11-2020,08:00:00,12.70602329,8.279795899,12.63489817,2020-11-03T08:00:00Z
York,2020,03-11-2020,09:00:00,11.24817927,26.49987455,12.72476582,2020-11-03T09:00:00Z
York,2020,03-11-2020,10:00:00,8.93577882,44.27779419,26.87061761,2020-11-03T10:00:00Z
York,2020,03-11-2020,11:00:00,15.8356951,50.79510935,28.69299278,2020-11-03T11:00:00Z
York,2020,03-11-2020,12:00:00,5.137048176,21.70423898,13.07341951,2020-11-03T12:00:00Z
York,2020,03-11-2020,13:00:00,0,3.039654204,3.474721825,2020-11-03T13:00:00Z
York,2020,03-11-2020,14:00:00,11.36887929,26.76839792,19.82062117,2020-11-03T14:00:00Z
York,2020,03-11-2020,15:00:00,7.188896841,30.04107954,14.56530143,2020-11-03T15:00:00Z
York,2020,03-11-2020,16:00:00,9.778711414,24.67583943,17.31228174,2020-11-03T16:00:00Z
York,2020,03-11-2020,17:00:00,8.377175471,-1.892678321,12.01438178,2020-11-03T17:00:00Z
York,2020,03-11-2020,18:00:00,4.31073533,3.867776108,11.89613579,2020-11-03T18:00:00Z
York,2020,03-11-2020,19:00:00,9.65645481,3.051109877,9.122183116,2020-11-03T19:00:00Z
York,2020,03-11-2020,20:00:00,0,14.8767142,0.433130363,2020-11-03T20:00:00Z
York,2020,03-11-2020,21:00:00,4.928838363,20.00136158,26.07721884,2020-11-03T21:00:00Z
York,2020,03-11-2020,22:00:00,7.481144942,18.16410499,3.726813322,2020-11-03T22:00:00Z
York,2020,03-11-2020,23:00:00,17.14942622,20.41528945,18.87737145,2020-11-03T23:00:00Z
York,2020,04-11-2020,00:00:00,14.09803187,22.84826551,9.68895328,2020-11-04T00:00:00Z
York,2020,04-11-2020,01:00:00,10.96397803,36.09772712,18.00628246,2020-11-04T01:00:00Z
York,2020,04-11-2020,02:00:00,11.02386012,20.9114763,12.21426996,2020-11-04T02:00:00Z
York,2020,04-11-2020,03:00:00,20.192630779999998,32.82672345,28.67948642,2020-11-04T03:00:00Z
York,2020,04-11-2020,04:00:00,4.689612794,23.9243078,13.36156457,2020-11-04T04:00:00Z
York,2020,04-11-2020,05:00:00,11.63191668,18.16316121,10.31915772,2020-11-04T05:00:00Z
York,2020,04-11-2020,06:00:00,0,32.74832637,7.820637055,2020-11-04T06:00:00Z
York,2020,04-11-2020,07:00:00,8.166602791,31.43952603,28.76469001,2020-11-04T07:00:00Z
York,2020,04-11-2020,08:00:00,0.324492173,-10.20823845,3.11671994,2020-11-04T08:00:00Z
York,2020,04-11-2020,09:00:00,1.544532808,5.093918928,11.29500132,2020-11-04T09:00:00Z
York,2020,04-11-2020,10:00:00,1.945263272,19.56654671,13.65100341,2020-11-04T10:00:00Z
York,2020,04-11-2020,11:00:00,13.44770445,23.03618355,14.20513348,2020-11-04T11:00:00Z
York,2020,04-11-2020,12:00:00,5.39885259,7.856540366,3.267590732,2020-11-04T12:00:00Z
York,2020,04-11-2020,13:00:00,0.154008982,20.14487928,20.78650699,2020-11-04T13:00:00Z
York,2020,04-11-2020,14:00:00,3.260632745,-3.939807703,9.155170734,2020-11-04T14:00:00Z
York,2020,04-11-2020,15:00:00,15.84266803,12.96744701,19.83172207,2020-11-04T15:00:00Z
York,2020,04-11-2020,16:00:00,0,15.51843367,-9.079181208,2020-11-04T16:00:00Z
York,2020,04-11-2020,17:00:00,2.921954193,3.529230835,6.720532672,2020-11-04T17:00:00Z
York,2020,04-11-2020,18:00:00,3.103803746,4.527153233,7.319939969,2020-11-04T18:00:00Z
York,2020,04-11-2020,19:00:00,12.61180287,30.50968058,29.59750923,2020-11-04T19:00:00Z
York,2020,04-11-2020,20:00:00,1.869727158,26.95101933,18.24739074,2020-11-04T20:00:00Z
York,2020,04-11-2020,21:00:00,5.450685317,4.945356005,6.23384028,2020-11-04T21:00:00Z
York,2020,04-11-2020,22:00:00,0,1.896267802,-1.78785934,2020-11-04T22:00:00Z
York,2020,04-11-2020,23:00:00,6.766384344,5.774801646,9.167459947,2020-11-04T23:00:00Z
York,2020,05-11-2020,00:00:00,78.3235834,149.3528932,124.0037534,2020-11-05T00:00:00Z
York,2020,05-11-2020,01:00:00,44.5262005,106.9248988,84.43003002,2020-11-05T01:00:00Z
York,2020,05-11-2020,02:00:00,32.10647811,121.9864547,103.1806522,2020-11-05T02:00:00Z
York,2020,05-11-2020,03:00:00,49.66508774,101.6314912,73.64751067,2020-11-05T03:00:00Z
York,2020,05-11-2020,04:00:00,26.41066491,85.26573541,59.51975104,2020-11-05T04:00:00Z
York,2020,05-11-2020,05:00:00,43.75635201,97.16465234,73.79627335,2020-11-05T05:00:00Z
York,2020,05-11-2020,06:00:00,25.5084889,52.54044492,50.89675998,2020-11-05T06:00:00Z
York,2020,05-11-2020,07:00:00,47.38060267,132.7594648,98.47877334,2020-11-05T07:00:00Z
York,2020,05-11-2020,08:00:00,72.81609452,135.3445128,105.1334365,2020-11-05T08:00:00Z
York,2020,05-11-2020,09:00:00,42.10614268,80.96585234,74.33720232,2020-11-05T09:00:00Z
York,2020,05-11-2020,10:00:00,80.68169385,169.9084599,120.3233844,2020-11-05T10:00:00Z
York,2020,05-11-2020,11:00:00,67.76000906,117.8545309,88.3663818,2020-11-05T11:00:00Z
York,2020,05-11-2020,12:00:00,47.89917285,107.8899726,97.86232348,2020-11-05T12:00:00Z
York,2020,05-11-2020,13:00:00,57.07292037,67.10631081,68.56945643,2020-11-05T13:00:00Z
York,2020,05-11-2020,14:00:00,50.81764013,112.8545564,89.90514131,2020-11-05T14:00:00Z
York,2020,05-11-2020,15:00:00,68.22262361,133.1923764,94.37534558,2020-11-05T15:00:00Z
York,2020,05-11-2020,16:00:00,69.12583135,189.5116757,155.1699866,2020-11-05T16:00:00Z
York,2020,05-11-2020,17:00:00,33.35720714,103.8319668,84.02002448,2020-11-05T17:00:00Z
York,2020,05-11-2020,18:00:00,48.04454575,116.8949394,102.4568794,2020-11-05T18:00:00Z
York,2020,05-11-2020,19:00:00,34.59842294,89.74445038,73.51997708,2020-11-05T19:00:00Z
York,2020,05-11-2020,20:00:00,29.59924539,106.345529,89.19381127,2020-11-05T20:00:00Z
York,2020,05-11-2020,21:00:00,49.28223932,98.51728155,78.3068829,2020-11-05T21:00:00Z
York,2020,05-11-2020,22:00:00,20.63624332,59.1474091,41.41733735,2020-11-05T22:00:00Z
York,2020,05-11-2020,23:00:00,45.84705714,136.7292248,114.3270231,2020-11-05T23:00:00Z
York,2020,06-11-2020,00:00:00,7.211301879,9.200256428,15.40913,2020-11-06T00:00:00Z
York,2020,06-11-2020,01:00:00,1.808941286,-0.78181964,10.1880571,2020-11-06T01:00:00Z
York,2020,06-11-2020,02:00:00,12.45223701,31.95171741,16.6231182,2020-11-06T02:00:00Z
York,2020,06-11-2020,03:00:00,5.109092546,-0.552999123,4.998695752,2020-11-06T03:00:00Z
York,2020,06-11-2020,04:00:00,8.209927972,13.20331002,15.75855228,2020-11-06T04:00:00Z
York,2020,06-11-2020,05:00:00,12.45194825,6.653810505,8.387040901,2020-11-06T05:00:00Z
York,2020,06-11-2020,06:00:00,3.997837626,-5.95289644,4.239339617,2020-11-06T06:00:00Z
York,2020,06-11-2020,07:00:00,16.23256621,41.63334391,30.56054685,2020-11-06T07:00:00Z
York,2020,06-11-2020,08:00:00,21.16759748,40.2220062,31.73634061,2020-11-06T08:00:00Z
York,2020,06-11-2020,09:00:00,7.201652675,16.60772069,17.99348245,2020-11-06T09:00:00Z
York,2020,06-11-2020,10:00:00,21.17163938,7.329822605,12.60888046,2020-11-06T10:00:00Z
York,2020,06-11-2020,11:00:00,2.338196555,11.06058617,12.44049757,2020-11-06T11:00:00Z
York,2020,06-11-2020,12:00:00,11.6280455,13.94324569,13.60344399,2020-11-06T12:00:00Z
York,2020,06-11-2020,13:00:00,8.27849075,15.76729684,19.70348262,2020-11-06T13:00:00Z
York,2020,06-11-2020,14:00:00,17.39920703,15.19232855,15.41655988,2020-11-06T14:00:00Z
York,2020,06-11-2020,15:00:00,11.61049112,5.76868693,1.865112453,2020-11-06T15:00:00Z
York,2020,06-11-2020,16:00:00,5.907822186,13.37576327,10.44421942,2020-11-06T16:00:00Z
York,2020,06-11-2020,17:00:00,30.96781847,40.09141658,41.63964382,2020-11-06T17:00:00Z
York,2020,06-11-2020,18:00:00,20.7465352,30.62782093,20.32973669,2020-11-06T18:00:00Z
York,2020,06-11-2020,19:00:00,13.72139248,25.14268769,10.36343628,2020-11-06T19:00:00Z
York,2020,06-11-2020,20:00:00,5.427793267,4.292334253,13.41638652,2020-11-06T20:00:00Z
York,2020,06-11-2020,21:00:00,35.57216016,16.47879583,26.35373454,2020-11-06T21:00:00Z
York,2020,06-11-2020,22:00:00,5.7797904430000004,8.231987953,10.45289898,2020-11-06T22:00:00Z
York,2020,06-11-2020,23:00:00,3.788101738,10.42236304,11.14429812,2020-11-06T23:00:00Z
York,2020,07-11-2020,00:00:00,2.028505222,21.02308227,9.920686576,2020-11-07T00:00:00Z
York,2020,07-11-2020,01:00:00,0.521123329,13.98285196,9.33251742,2020-11-07T01:00:00Z
York,2020,07-11-2020,02:00:00,22.10049697,11.66710693,20.03055731,2020-11-07T02:00:00Z
York,2020,07-11-2020,03:00:00,14.71440849,32.45751913,17.83382452,2020-11-07T03:00:00Z
York,2020,07-11-2020,04:00:00,12.38545614,7.901837949,14.30181431,2020-11-07T04:00:00Z
York,2020,07-11-2020,05:00:00,6.453293783,10.73297482,17.22628867,2020-11-07T05:00:00Z
York,2020,07-11-2020,06:00:00,3.479608051,-11.37470132,0.288145414,2020-11-07T06:00:00Z
York,2020,07-11-2020,07:00:00,9.967571195,15.89778203,8.10093934,2020-11-07T07:00:00Z
York,2020,07-11-2020,08:00:00,16.61245292,10.02363363,2.81757564,2020-11-07T08:00:00Z
York,2020,07-11-2020,09:00:00,7.890551486,31.81657904,18.50872194,2020-11-07T09:00:00Z
York,2020,07-11-2020,10:00:00,0,24.11423403,18.99554578,2020-11-07T10:00:00Z
York,2020,07-11-2020,11:00:00,9.58769122,4.372436829,9.437324153,2020-11-07T11:00:00Z
York,2020,07-11-2020,12:00:00,27.05348085,31.71222613,29.37929976,2020-11-07T12:00:00Z
York,2020,07-11-2020,13:00:00,3.822513304,-5.362575774,0.803729804,2020-11-07T13:00:00Z
York,2020,07-11-2020,14:00:00,15.64366858,13.32838713,19.95273617,2020-11-07T14:00:00Z
York,2020,07-11-2020,15:00:00,14.24544879,22.1309395,9.448669656,2020-11-07T15:00:00Z
York,2020,07-11-2020,16:00:00,25.28571479,50.48497036,32.90343489,2020-11-07T16:00:00Z
York,2020,07-11-2020,17:00:00,16.71437568,19.72687803,21.11185987,2020-11-07T17:00:00Z
York,2020,07-11-2020,18:00:00,0.786272167,7.82113153,3.841161295,2020-11-07T18:00:00Z
York,2020,07-11-2020,19:00:00,3.206203064,3.042729215,15.85691541,2020-11-07T19:00:00Z
York,2020,07-11-2020,20:00:00,21.04565259,33.5706527,33.00503673,2020-11-07T20:00:00Z
York,2020,07-11-2020,21:00:00,11.19485172,6.084166428,16.38243335,2020-11-07T21:00:00Z
York,2020,07-11-2020,22:00:00,2.842613171,-10.74075079,5.939217273,2020-11-07T22:00:00Z
York,2020,07-11-2020,23:00:00,7.943412982,25.63915419,16.89990772,2020-11-07T23:00:00Z
York,2020,08-11-2020,00:00:00,14.07165497,27.83266418,22.28163417,2020-11-08T00:00:00Z
York,2020,08-11-2020,01:00:00,11.84861244,10.18785061,11.39671285,2020-11-08T01:00:00Z
York,2020,08-11-2020,02:00:00,4.169562476,26.51613174,25.93333544,2020-11-08T02:00:00Z
York,2020,08-11-2020,03:00:00,14.6411836,36.67113584,27.79782682,2020-11-08T03:00:00Z
York,2020,08-11-2020,04:00:00,19.4151921,27.020176,23.29707326,2020-11-08T04:00:00Z
York,2020,08-11-2020,05:00:00,8.058225232,51.46425936,30.15250156,2020-11-08T05:00:00Z
York,2020,08-11-2020,06:00:00,0,-4.490197336,5.344944353,2020-11-08T06:00:00Z
York,2020,08-11-2020,07:00:00,2.588479053,2.261970764,3.765962064,2020-11-08T07:00:00Z
York,2020,08-11-2020,08:00:00,13.76985814,40.57184554,28.68665054,2020-11-08T08:00:00Z
York,2020,08-11-2020,09:00:00,11.7433082,17.05022184,19.57266454,2020-11-08T09:00:00Z
York,2020,08-11-2020,10:00:00,11.80790481,36.99906037,34.15854463,2020-11-08T10:00:00Z
York,2020,08-11-2020,11:00:00,1.393150266,1.378184788,-0.636470784,2020-11-08T11:00:00Z
York,2020,08-11-2020,12:00:00,3.37173826,-5.775947841,2.728204353,2020-11-08T12:00:00Z
York,2020,08-11-2020,13:00:00,19.74481354,23.7213777,25.38659384,2020-11-08T13:00:00Z
York,2020,08-11-2020,14:00:00,14.18892266,26.80473977,17.57822294,2020-11-08T14:00:00Z
York,2020,08-11-2020,15:00:00,16.53940579,-10.54291454,10.54952468,2020-11-08T15:00:00Z
York,2020,08-11-2020,16:00:00,14.90878504,-9.030084204,11.01213853,2020-11-08T16:00:00Z
York,2020,08-11-2020,17:00:00,0,5.443266697,7.400807597,2020-11-08T17:00:00Z
York,2020,08-11-2020,18:00:00,10.70298462,21.96734972,12.58766196,2020-11-08T18:00:00Z
York,2020,08-11-2020,19:00:00,6.885036512,31.23007461,21.39642683,2020-11-08T19:00:00Z
York,2020,08-11-2020,20:00:00,0,35.78863093,9.765741607,2020-11-08T20:00:00Z
York,2020,08-11-2020,21:00:00,0,-8.878135808,0.948183829,2020-11-08T21:00:00Z
York,2020,08-11-2020,22:00:00,4.437361439,17.79625663,11.99805111,2020-11-08T22:00:00Z
York,2020,08-11-2020,23:00:00,8.162761699,24.50306282,14.08834669,2020-11-08T23:00:00Z
York,2020,09-11-2020,00:00:00,19.7252854,31.78065632,11.07022418,2020-11-09T00:00:00Z
York,2020,09-11-2020,01:00:00,14.1180236,18.41665545,18.96801321,2020-11-09T01:00:00Z
York,2020,09-11-2020,02:00:00,12.75343392,12.37607722,15.95749754,2020-11-09T02:00:00Z
York,2020,09-11-2020,03:00:00,12.01057798,-3.867944926,2.89199993,2020-11-09T03:00:00Z
York,2020,09-11-2020,04:00:00,17.07808027,25.36258637,24.37476885,2020-11-09T04:00:00Z
York,2020,09-11-2020,05:00:00,3.77576587,24.31755628,15.08777578,2020-11-09T05:00:00Z
York,2020,09-11-2020,06:00:00,17.36892697,31.95216479,20.33244265,2020-11-09T06:00:00Z
York,2020,09-11-2020,07:00:00,0,-32.40305003,-9.626947461,2020-11-09T07:00:00Z
York,2020,09-11-2020,08:00:00,15.66843675,13.67371985,23.00522952,2020-11-09T08:00:00Z
York,2020,09-11-2020,09:00:00,2.880410735,32.14332649,16.95976873,2020-11-09T09:00:00Z
York,2020,09-11-2020,10:00:00,21.81857054,44.2518374,31.53500412,2020-11-09T10:00:00Z
York,2020,09-11-2020,11:00:00,17.85041442,34.30826874,23.92306452,2020-11-09T11:00:00Z
York,2020,09-11-2020,12:00:00,22.93523449,31.31203632,22.88826218,2020-11-09T12:00:00Z
York,2020,09-11-2020,13:00:00,5.503730715,8.034914285,12.47236071,2020-11-09T13:00:00Z
York,2020,09-11-2020,14:00:00,7.686221893,14.28645143,15.51571132,2020-11-09T14:00:00Z
York,2020,09-11-2020,15:00:00,3.0030747,37.31435859,17.05403497,2020-11-09T15:00:00Z
York,2020,09-11-2020,16:00:00,3.184691433,28.49891882,13.69608603,2020-11-09T16:00:00Z
York,2020,09-11-2020,17:00:00,20.1172744,26.67251044,22.31904745,2020-11-09T17:00:00Z
York,2020,09-11-2020,18:00:00,6.123849576,16.86017414,15.02819724,2020-11-09T18:00:00Z
York,2020,09-11-2020,19:00:00,13.22257897,37.50037169,21.83565908,2020-11-09T19:00:00Z
York,2020,09-11-2020,20:00:00,9.649670705,13.11543099,8.606362358,2020-11-09T20:00:00Z
York,2020,09-11-2020,21:00:00,16.1494086,24.30680652,18.58011098,2020-11-09T21:00:00Z
York,2020,09-11-2020,22:00:00,8.61687178,27.95801893,22.67957086,2020-11-09T22:00:00Z
York,2020,09-11-2020,23:00:00,14.78736485,48.58064071,19.01967018,2020-11-09T23:00:00Z
York,2020,10-11-2020,00:00:00,12.19432604,12.70992259,19.58198384,2020-11-10T00:00:00Z
York,2020,10-11-2020,01:00:00,6.410353721,14.48169227,16.44050854,2020-11-10T01:00:00Z
York,2020,10-11-2020,02:00:00,3.99766202,15.12991602,16.01796596,2020-11-10T02:00:00Z
York,2020,10-11-2020,03:00:00,16.99033668,36.0045181,20.26053031,2020-11-10T03:00:00Z
York,2020,10-11-2020,04:00:00,14.6384818,52.36647872,21.47905114,2020-11-10T04:00:00Z
York,2020,10-11-2020,05:00:00,13.11844819,35.98082562,28.97298827,2020-11-10T05:00:00Z
York,2020,10-11-2020,06:00:00,6.041525559,-6.772643074,6.0500558,2020-11-10T06:00:00Z
York,2020,10-11-2020,07:00:00,4.49388366,18.40391116,15.48390473,2020-11-10T07:00:00Z
York,2020,10-11-2020,08:00:00,7.230729522,10.29001903,5.211956734,2020-11-10T08:00:00Z
York,2020,10-11-2020,09:00:00,6.772348536,9.845375566,13.89503378,2020-11-10T09:00:00Z
York,2020,10-11-2020,10:00:00,6.586894139,16.2702472,5.997739427,2020-11-10T10:00:00Z
York,2020,10-11-2020,11:00:00,5.935505331,18.08520472,12.66266983,2020-11-10T11:00:00Z
York,2020,10-11-2020,12:00:00,11.29286105,25.87193667,6.687837585,2020-11-10T12:00:00Z
York,2020,10-11-2020,13:00:00,16.37688536,8.634126385,14.47305851,2020-11-10T13:00:00Z
York,2020,10-11-2020,14:00:00,15.11016731,32.46509622,14.1183398,2020-11-10T14:00:00Z
York,2020,10-11-2020,15:00:00,16.40504187,42.04119244,28.86950122,2020-11-10T15:00:00Z
York,2020,10-11-2020,16:00:00,5.073588414,38.03491566,19.75155591,2020-11-10T16:00:00Z
York,2020,10-11-2020,17:00:00,11.3872687,3.000642002,7.081785766,2020-11-10T17:00:00Z
York,2020,10-11-2020,18:00:00,21.63146956,22.67887339,21.37902167,2020-11-10T18:00:00Z
York,2020,10-11-2020,19:00:00,0,13.87467978,16.75596171,2020-11-10T19:00:00Z
York,2020,10-11-2020,20:00:00,8.571517406,33.34180095,22.35403862,2020-11-10T20:00:00Z
York,2020,10-11-2020,21:00:00,9.424179057,21.96487538,17.97405815,2020-11-10T21:00:00Z
York,2020,10-11-2020,22:00:00,11.57066705,25.16124782,16.67861721,2020-11-10T22:00:00Z
York,2020,10-11-2020,23:00:00,21.79244243,37.81899272,25.70018498,2020-11-10T23:00:00Z
York,2021,01-11-2021,00:00:00,23.35751879,39.14956998,39.50946699,2021-11-01T00:00:00Z
York,2021,01-11-2021,01:00:00,7.447378544,35.01683306,24.46277592,2021-11-01T01:00:00Z
York,2021,01-11-2021,02:00:00,5.298368934,32.45066304,16.04008881,2021-11-01T02:00:00Z
York,2021,01-11-2021,03:00:00,15.29463094,24.12243429,14.61442448,2021-11-01T03:00:00Z
York,2021,01-11-2021,04:00:00,8.430899879,-8.227597778,14.56843487,2021-11-01T04:00:00Z
York,2021,01-11-2021,05:00:00,20.08137428,23.37937322,18.47283112,2021-11-01T05:00:00Z
York,2021,01-11-2021,06:00:00,8.615630056,33.3755925,22.45471365,2021-11-01T06:00:00Z
York,2021,01-11-2021,07:00:00,7.129551021,8.884132555,5.928341828,2021-11-01T07:00:00Z
York,2021,01-11-2021,08:00:00,6.566931709,17.69887842,0.61138106,2021-11-01T08:00:00Z
York,2021,01-11-2021,09:00:00,0,-0.173972571,0.901504387,2021-11-01T09:00:00Z
York,2021,01-11-2021,10:00:00,12.4677311,47.5350754,25.12512163,2021-11-01T10:00:00Z
York,2021,01-11-2021,11:00:00,0,-10.40992527,-0.464075372,2021-11-01T11:00:00Z
York,2021,01-11-2021,12:00:00,10.53409205,45.0093433,22.50120315,2021-11-01T12:00:00Z
York,2021,01-11-2021,13:00:00,14.09894618,41.27863635,26.59165011,2021-11-01T13:00:00Z
York,2021,01-11-2021,14:00:00,0,19.75007855,11.41351605,2021-11-01T14:00:00Z
York,2021,01-11-2021,15:00:00,8.790849935,22.26656812,16.19457679,2021-11-01T15:00:00Z
York,2021,01-11-2021,16:00:00,0,12.59849672,3.033568532,2021-11-01T16:00:00Z
York,2021,01-11-2021,17:00:00,16.06024556,42.54685281,26.06787211,2021-11-01T17:00:00Z
York,2021,01-11-2021,18:00:00,9.881526242,24.62558944,25.38731175,2021-11-01T18:00:00Z
York,2021,01-11-2021,19:00:00,11.40798153,-1.356545102,10.71187492,2021-11-01T19:00:00Z
York,2021,01-11-2021,20:00:00,0.135663369,12.52609704,11.40627049,2021-11-01T20:00:00Z
York,2021,01-11-2021,21:00:00,15.01487214,46.47513736,21.78389117,2021-11-01T21:00:00Z
York,2021,01-11-2021,22:00:00,14.75129559,17.49700695,20.04515756,2021-11-01T22:00:00Z
York,2021,01-11-2021,23:00:00,2.566924594,18.31028898,13.36748492,2021-11-01T23:00:00Z
York,2021,02-11-2021,00:00:00,0,-10.58740939,-2.876089722,2021-11-02T00:00:00Z
York,2021,02-11-2021,01:00:00,11.9377438,58.44247602,23.21312882,2021-11-02T01:00:00Z
York,2021,02-11-2021,02:00:00,8.475789717,32.80236565,20.44620687,2021-11-02T02:00:00Z
York,2021,02-11-2021,03:00:00,10.75834925,16.35390234,11.86411118,2021-11-02T03:00:00Z
York,2021,02-11-2021,04:00:00,0,-4.981790464,-6.214932101,2021-11-02T04:00:00Z
York,2021,02-11-2021,05:00:00,6.419483107,1.443062644,18.14760224,2021-11-02T05:00:00Z
York,2021,02-11-2021,06:00:00,8.828559175,31.12079695,17.14095687,2021-11-02T06:00:00Z
York,2021,02-11-2021,07:00:00,6.047937005,16.90218934,9.868176067,2021-11-02T07:00:00Z
York,2021,02-11-2021,08:00:00,2.323176299,6.491233043,9.50998966,2021-11-02T08:00:00Z
York,2021,02-11-2021,09:00:00,23.29549323,37.08982397,25.625645,2021-11-02T09:00:00Z
York,2021,02-11-2021,10:00:00,10.86721975,10.56933993,6.864291432,2021-11-02T10:00:00Z
York,2021,02-11-2021,11:00:00,10.11907014,32.32702401,14.90644891,2021-11-02T11:00:00Z
York,2021,02-11-2021,12:00:00,19.61520144,16.22789374,21.21096153,2021-11-02T12:00:00Z
York,2021,02-11-2021,13:00:00,14.59011878,19.79628721,12.1650093,2021-11-02T13:00:00Z
York,2021,02-11-2021,14:00:00,2.258381279,-1.408441664,0.326845141,2021-11-02T14:00:00Z
York,2021,02-11-2021,15:00:00,12.18989343,14.56378407,17.6672598,2021-11-02T15:00:00Z
York,2021,02-11-2021,16:00:00,10.72530444,30.11282468,25.82921697,2021-11-02T16:00:00Z
York,2021,02-11-2021,17:00:00,11.32420567,36.84332114,25.24700498,2021-11-02T17:00:00Z
York,2021,02-11-2021,18:00:00,8.36833884,16.61746319,9.017887541,2021-11-02T18:00:00Z
York,2021,02-11-2021,19:00:00,18.23821011,25.56857651,27.16749314,2021-11-02T19:00:00Z
York,2021,02-11-2021,20:00:00,2.743918039,14.59245363,12.54799854,2021-11-02T20:00:00Z
York,2021,02-11-2021,21:00:00,20.75719002,26.55275473,19.04926635,2021-11-02T21:00:00Z
York,2021,02-11-2021,22:00:00,3.280109721,26.10829293,16.58808704,2021-11-02T22:00:00Z
York,2021,02-11-2021,23:00:00,0.562489182,-8.839185428,7.39947832,2021-11-02T23:00:00Z
York,2021,03-11-2021,00:00:00,7.508956402,8.361431713,10.46057867,2021-11-03T00:00:00Z
York,2021,03-11-2021,01:00:00,12.0934997,10.82992407,3.501386131,2021-11-03T01:00:00Z
York,2021,03-11-2021,02:00:00,11.93256299,16.76351685,27.70378412,2021-11-03T02:00:00Z
York,2021,03-11-2021,03:00:00,0,6.235273967,4.486049636,2021-11-03T03:00:00Z
York,2021,03-11-2021,04:00:00,6.207684872,29.90861175,23.34246849,2021-11-03T04:00:00Z
York,2021,03-11-2021,05:00:00,12.92501336,12.5540182,23.56879089,2021-11-03T05:00:00Z
York,2021,03-11-2021,06:00:00,5.155822223,28.87870376,20.98799459,2021-11-03T06:00:00Z
York,2021,03-11-2021,07:00:00,8.106651374,-3.561969175,6.499542702,2021-11-03T07:00:00Z
York,2021,03-11-2021,08:00:00,8.647125181,12.44213165,7.783899044,2021-11-03T08:00:00Z
York,2021,03-11-2021,09:00:00,1.787161314,17.57560405,7.38242663,2021-11-03T09:00:00Z
York,2021,03-11-2021,10:00:00,15.89768718,5.822228543,18.82311511,2021-11-03T10:00:00Z
York,2021,03-11-2021,11:00:00,6.137425664,42.85182669,23.45264316,2021-11-03T11:00:00Z
York,2021,03-11-2021,12:00:00,18.98336748,51.95302879,25.71255491,2021-11-03T12:00:00Z
York,2021,03-11-2021,13:00:00,2.266997345,17.67324209,13.18890809,2021-11-03T13:00:00Z
York,2021,03-11-2021,14:00:00,17.95442428,23.50790432,24.71489288,2021-11-03T14:00:00Z
York,2021,03-11-2021,15:00:00,6.055343385,31.82850041,15.4411645,2021-11-03T15:00:00Z
York,2021,03-11-2021,16:00:00,7.46479819,8.595831056,17.43540344,2021-11-03T16:00:00Z
York,2021,03-11-2021,17:00:00,3.854633454,12.73579424,19.72866441,2021-11-03T17:00:00Z
York,2021,03-11-2021,18:00:00,17.08695173,39.3895691,27.13309087,2021-11-03T18:00:00Z
York,2021,03-11-2021,19:00:00,14.96324041,15.91028641,18.89003306,2021-11-03T19:00:00Z
York,2021,03-11-2021,20:00:00,22.28451781,35.92398719,28.57859342,2021-11-03T20:00:00Z
York,2021,03-11-2021,21:00:00,8.071956991,8.437086694,18.28296236,2021-11-03T21:00:00Z
York,2021,03-11-2021,22:00:00,15.22542299,56.82740415,35.99567079,2021-11-03T22:00:00Z
York,2021,03-11-2021,23:00:00,5.942469641,2.115907082,-0.178194907,2021-11-03T23:00:00Z
York,2021,04-11-2021,00:00:00,4.301193979,17.13595153,8.691387842,2021-11-04T00:00:00Z
York,2021,04-11-2021,01:00:00,4.875884312,12.74176585,8.413343577,2021-11-04T01:00:00Z
York,2021,04-11-2021,02:00:00,0.402383716,30.51625592,21.89678177,2021-11-04T02:00:00Z
York,2021,04-11-2021,03:00:00,6.57347438,18.87380052,-0.736527364,2021-11-04T03:00:00Z
York,2021,04-11-2021,04:00:00,7.392253656,15.67170308,10.79436107,2021-11-04T04:00:00Z
York,2021,04-11-2021,05:00:00,12.37083291,10.18022099,6.833957538,2021-11-04T05:00:00Z
York,2021,04-11-2021,06:00:00,0,6.169533213,2.611937686,2021-11-04T06:00:00Z
York,2021,04-11-2021,07:00:00,14.95694778,24.30948228,39.52903878,2021-11-04T07:00:00Z
York,2021,04-11-2021,08:00:00,0.937048667,15.25901433,5.781865548,2021-11-04T08:00:00Z
York,2021,04-11-2021,09:00:00,1.897754655,21.68006849,10.71432869,2021-11-04T09:00:00Z
York,2021,04-11-2021,10:00:00,4.084328505,-8.880064176,1.613566498,2021-11-04T10:00:00Z
York,2021,04-11-2021,11:00:00,18.05794237,25.61407525,19.81786165,2021-11-04T11:00:00Z
York,2021,04-11-2021,12:00:00,6.234536431,21.41324416,16.82148487,2021-11-04T12:00:00Z
York,2021,04-11-2021,13:00:00,12.48027245,8.958288566,6.743121933,2021-11-04T13:00:00Z
York,2021,04-11-2021,14:00:00,8.990783412,44.70327854,20.11353099,2021-11-04T14:00:00Z
York,2021,04-11-2021,15:00:00,17.49695485,27.98795029,18.29325725,2021-11-04T15:00:00Z
York,2021,04-11-2021,16:00:00,6.704581746,39.1364103,17.77345419,2021-11-04T16:00:00Z
York,2021,04-11-2021,17:00:00,8.585613702,32.30762334,26.0980387,2021-11-04T17:00:00Z
York,2021,04-11-2021,18:00:00,13.7201293,29.74319807,18.62078308,2021-11-04T18:00:00Z
York,2021,04-11-2021,19:00:00,6.034636216,30.90980433,13.04937015,2021-11-04T19:00:00Z
York,2021,04-11-2021,20:00:00,0.732804786,21.40129161,9.46249776,2021-11-04T20:00:00Z
York,2021,04-11-2021,21:00:00,0,2.233424022,-4.006292185,2021-11-04T21:00:00Z
York,2021,04-11-2021,22:00:00,10.54192608,26.1096215,10.67328584,2021-11-04T22:00:00Z
York,2021,04-11-2021,23:00:00,5.565205901,15.15450373,13.65792912,2021-11-04T23:00:00Z
York,2021,05-11-2021,00:00:00,58.44513793,112.7334346,93.87178264,2021-11-05T00:00:00Z
York,2021,05-11-2021,01:00:00,47.01517799,150.2123674,122.4904273,2021-11-05T01:00:00Z
York,2021,05-11-2021,02:00:00,63.37098616,106.817277,91.12034778,2021-11-05T02:00:00Z
York,2021,05-11-2021,03:00:00,52.65437226,147.5741935,112.6628608,2021-11-05T03:00:00Z
York,2021,05-11-2021,04:00:00,20.46405304,61.74535044,37.03110886,2021-11-05T04:00:00Z
York,2021,05-11-2021,05:00:00,45.95473758,118.051582,88.28543448,2021-11-05T05:00:00Z
York,2021,05-11-2021,06:00:00,54.28330928,76.292559,74.00209125,2021-11-05T06:00:00Z
York,2021,05-11-2021,07:00:00,29.71422306,57.61683042,59.68938133,2021-11-05T07:00:00Z
York,2021,05-11-2021,08:00:00,100.1608552,207.7920975,150.8979011,2021-11-05T08:00:00Z
York,2021,05-11-2021,09:00:00,44.45511505,102.7012258,82.14090038,2021-11-05T09:00:00Z
York,2021,05-11-2021,10:00:00,71.9040937,123.2377585,97.5939019,2021-11-05T10:00:00Z
York,2021,05-11-2021,11:00:00,61.39280577,121.2009751,90.96501022,2021-11-05T11:00:00Z
York,2021,05-11-2021,12:00:00,43.20946023,128.2041234,100.6689669,2021-11-05T12:00:00Z
York,2021,05-11-2021,13:00:00,30.16556778,64.88652859,60.59891176,2021-11-05T13:00:00Z
York,2021,05-11-2021,14:00:00,41.50153962,116.6544997,86.62732994,2021-11-05T14:00:00Z
York,2021,05-11-2021,15:00:00,63.96387208,136.3105347,105.1042802,2021-11-05T15:00:00Z
York,2021,05-11-2021,16:00:00,29.721388,76.17372171,57.80197252,2021-11-05T16:00:00Z
York,2021,05-11-2021,17:00:00,44.63431816,119.2862823,103.3447974,2021-11-05T17:00:00Z
York,2021,05-11-2021,18:00:00,42.8003247,100.4687389,79.05241709,2021-11-05T18:00:00Z
York,2021,05-11-2021,19:00:00,27.84172856,65.79041557,48.80533726,2021-11-05T19:00:00Z
York,2021,05-11-2021,20:00:00,65.63892277,164.5359242,117.6481428,2021-11-05T20:00:00Z
York,2021,05-11-2021,21:00:00,37.83088101,125.3822259,83.22001356,2021-11-05T21:00:00Z
York,2021,05-11-2021,22:00:00,44.25415786,131.537649,100.4622469,2021-11-05T22:00:00Z
York,2021,05-11-2021,23:00:00,38.42122756,78.47469251,65.48629221,2021-11-05T23:00:00Z
York,2021,06-11-2021,00:00:00,1.272735306,38.53173867,17.14179324,2021-11-06T00:00:00Z
York,2021,06-11-2021,01:00:00,13.18902254,25.44722332,9.949043698,2021-11-06T01:00:00Z
York,2021,06-11-2021,02:00:00,15.54677185,30.505229279999998,19.95845407,2021-11-06T02:00:00Z
York,2021,06-11-2021,03:00:00,3.48646954,20.45702416,10.89251243,2021-11-06T03:00:00Z
York,2021,06-11-2021,04:00:00,5.992785881,-1.761576949,11.24525838,2021-11-06T04:00:00Z
York,2021,06-11-2021,05:00:00,10.29778103,21.14631798,17.03762435,2021-11-06T05:00:00Z
York,2021,06-11-2021,06:00:00,15.03906099,30.64499716,22.6112652,2021-11-06T06:00:00Z
York,2021,06-11-2021,07:00:00,4.553898625,14.03261691,9.152041248,2021-11-06T07:00:00Z
York,2021,06-11-2021,08:00:00,8.852076129,40.53682038,18.60043386,2021-11-06T08:00:00Z
York,2021,06-11-2021,09:00:00,3.050610658,28.55529234,9.533897984,2021-11-06T09:00:00Z
York,2021,06-11-2021,10:00:00,1.068269133,25.63759277,4.252147066,2021-11-06T10:00:00Z
York,2021,06-11-2021,11:00:00,17.87534839,27.0016193,20.9740117,2021-11-06T11:00:00Z
York,2021,06-11-2021,12:00:00,0,36.46860135,28.52064703,2021-11-06T12:00:00Z
York,2021,06-11-2021,13:00:00,10.33602749,11.99640244,11.88580249,2021-11-06T13:00:00Z
York,2021,06-11-2021,14:00:00,0.611969079,2.818010684,6.81789535,2021-11-06T14:00:00Z
York,2021,06-11-2021,15:00:00,0,-6.05768959,-14.12977798,2021-11-06T15:00:00Z
York,2021,06-11-2021,16:00:00,8.581866483,31.58182683,10.03377025,2021-11-06T16:00:00Z
York,2021,06-11-2021,17:00:00,3.960950413,13.38505698,15.46246957,2021-11-06T17:00:00Z
York,2021,06-11-2021,18:00:00,12.71903929,16.49931923,21.46146097,2021-11-06T18:00:00Z
York,2021,06-11-2021,19:00:00,18.02594875,50.2865145,32.93638861,2021-11-06T19:00:00Z
York,2021,06-11-2021,20:00:00,9.446879676,20.13462401,18.16811416,2021-11-06T20:00:00Z
York,2021,06-11-2021,21:00:00,1.08736967,17.91977048,11.22817452,2021-11-06T21:00:00Z
York,2021,06-11-2021,22:00:00,11.29187215,7.384338307,8.588505772,2021-11-06T22:00:00Z
York,2021,06-11-2021,23:00:00,13.20335458,36.04117081,16.06407804,2021-11-06T23:00:00Z
York,2021,07-11-2021,00:00:00,14.80631235,28.71745312,24.60592613,2021-11-07T00:00:00Z
York,2021,07-11-2021,01:00:00,19.69803636,38.83089252,34.83312079,2021-11-07T01:00:00Z
York,2021,07-11-2021,02:00:00,22.88139676,34.56880918,29.66159063,2021-11-07T02:00:00Z
York,2021,07-11-2021,03:00:00,5.505268847,25.27245887,9.606333541,2021-11-07T03:00:00Z
York,2021,07-11-2021,04:00:00,9.149051458,19.46019059,14.61287279,2021-11-07T04:00:00Z
York,2021,07-11-2021,05:00:00,4.584211417,13.24644565,8.54021395,2021-11-07T05:00:00Z
York,2021,07-11-2021,06:00:00,6.775139969,8.279046022,10.13414641,2021-11-07T06:00:00Z
York,2021,07-11-2021,07:00:00,8.602667402,12.51261679,18.21466298,2021-11-07T07:00:00Z
York,2021,07-11-2021,08:00:00,8.479514645,26.26268975,30.10229752,2021-11-07T08:00:00Z
York,2021,07-11-2021,09:00:00,15.00181353,58.44844856,43.03884444,2021-11-07T09:00:00Z
York,2021,07-11-2021,10:00:00,2.918529751,1.198922011,7.784146716,2021-11-07T10:00:00Z
York,2021,07-11-2021,11:00:00,5.279383505,11.10467226,16.18168776,2021-11-07T11:00:00Z
York,2021,07-11-2021,12:00:00,3.011807942,6.165031718,6.897817733,2021-11-07T12:00:00Z
York,2021,07-11-2021,13:00:00,8.30911001,29.13413017,19.40591689,2021-11-07T13:00:00Z
York,2021,07-11-2021,14:00:00,0.299303478,18.15487524,0.736550647,2021-11-07T14:00:00Z
York,2021,07-11-2021,15:00:00,4.435211401,-3.042384505,7.068835152,2021-11-07T15:00:00Z
York,2021,07-11-2021,16:00:00,1.349235131,30.15085964,13.80347784,2021-11-07T16:00:00Z
York,2021,07-11-2021,17:00:00,5.543812719,11.01928069,8.781073604,2021-11-07T17:00:00Z
York,2021,07-11-2021,18:00:00,5.02842247,11.31913713,13.167268,2021-11-07T18:00:00Z
York,2021,07-11-2021,19:00:00,0,-11.98679633,-5.721728886,2021-11-07T19:00:00Z
York,2021,07-11-2021,20:00:00,4.569858201,20.79377131,21.30436015,2021-11-07T20:00:00Z
York,2021,07-11-2021,21:00:00,8.707922569,25.03948396,19.47518366,2021-11-07T21:00:00Z
York,2021,07-11-2021,22:00:00,0,10.25458547,3.244966464,2021-11-07T22:00:00Z
York,2021,07-11-2021,23:00:00,3.056292239,6.42802656,12.9777366,2021-11-07T23:00:00Z
York,2021,08-11-2021,00:00:00,20.47215132,49.03321288,36.42177668,2021-11-08T00:00:00Z
York,2021,08-11-2021,01:00:00,3.450135113,-13.53790452,14.23933658,2021-11-08T01:00:00Z
York,2021,08-11-2021,02:00:00,8.857333353,12.66379739,17.54896255,2021-11-08T02:00:00Z
York,2021,08-11-2021,03:00:00,9.935278576,28.71790269,19.97693792,2021-11-08T03:00:00Z
York,2021,08-11-2021,04:00:00,11.66618675,50.62037672,23.05803852,2021-11-08T04:00:00Z
York,2021,08-11-2021,05:00:00,11.25157025,10.77907125,11.62242609,2021-11-08T05:00:00Z
York,2021,08-11-2021,06:00:00,5.987965153,-0.309367079,4.976447751,2021-11-08T06:00:00Z
York,2021,08-11-2021,07:00:00,15.46923023,11.64991481,14.6669827,2021-11-08T07:00:00Z
York,2021,08-11-2021,08:00:00,21.63943736,21.63999923,22.46788947,2021-11-08T08:00:00Z
York,2021,08-11-2021,09:00:00,4.511983639,6.326769284,4.237804897,2021-11-08T09:00:00Z
York,2021,08-11-2021,10:00:00,0,8.118791435,3.966109258,2021-11-08T10:00:00Z
York,2021,08-11-2021,11:00:00,2.410752247,7.250370236,9.320912777,2021-11-08T11:00:00Z
York,2021,08-11-2021,12:00:00,1.998785831,9.644011713,4.37268584,2021-11-08T12:00:00Z
York,2021,08-11-2021,13:00:00,15.88295906,21.50610696,21.597205,2021-11-08T13:00:00Z
York,2021,08-11-2021,14:00:00,22.60903018,13.76072154,27.10607488,2021-11-08T14:00:00Z
York,2021,08-11-2021,15:00:00,4.044882061,11.79556257,6.424324874,2021-11-08T15:00:00Z
York,2021,08-11-2021,16:00:00,6.112353923,35.79539598,17.65015952,2021-11-08T16:00:00Z
York,2021,08-11-2021,17:00:00,18.62663087,27.70623098,12.57075609,2021-11-08T17:00:00Z
York,2021,08-11-2021,18:00:00,0,20.56264275,10.02302113,2021-11-08T18:00:00Z
York,2021,08-11-2021,19:00:00,12.95958977,13.36000861,30.49790894,2021-11-08T19:00:00Z
York,2021,08-11-2021,20:00:00,9.1908962,19.4303355,18.93499655,2021-11-08T20:00:00Z
York,2021,08-11-2021,21:00:00,3.75674606,9.022246837,15.53989696,2021-11-08T21:00:00Z
York,2021,08-11-2021,22:00:00,15.50799055,35.63474648,27.55244471,2021-11-08T22:00:00Z
York,2021,08-11-2021,23:00:00,16.40255626,3.607677253,9.725126602,2021-11-08T23:00:00Z
York,2021,09-11-2021,00:00:00,4.790401926,14.64225611,12.00616573,2021-11-09T00:00:00Z
York,2021,09-11-2021,01:00:00,0,-8.853000107,-4.71247797,2021-11-09T01:00:00Z
York,2021,09-11-2021,02:00:00,11.75769329,-0.858744762,9.469270986,2021-11-09T02:00:00Z
York,2021,09-11-2021,03:00:00,4.533598257,-1.559722726,7.474996961,2021-11-09T03:00:00Z
York,2021,09-11-2021,04:00:00,13.76216803,19.9457429,15.70008288,2021-11-09T04:00:00Z
York,2021,09-11-2021,05:00:00,4.323143021,16.99639008,10.82456188,2021-11-09T05:00:00Z
York,2021,09-11-2021,06:00:00,17.96245329,12.89467111,15.75959772,2021-11-09T06:00:00Z
York,2021,09-11-2021,07:00:00,8.86519735,19.6528252,9.675504818,2021-11-09T07:00:00Z
York,2021,09-11-2021,08:00:00,16.80521995,53.77142076,28.11583292,2021-11-09T08:00:00Z
York,2021,09-11-2021,09:00:00,2.929258672,35.15594071,11.19209063,2021-11-09T09:00:00Z
York,2021,09-11-2021,10:00:00,5.820065415,-2.576371317,8.280230145,2021-11-09T10:00:00Z
York,2021,09-11-2021,11:00:00,9.111522113,8.217688005,12.60787157,2021-11-09T11:00:00Z
York,2021,09-11-2021,12:00:00,8.779141862,24.42966183,23.04802213,2021-11-09T12:00:00Z
York,2021,09-11-2021,13:00:00,6.624209497,25.75046696,19.76833138,2021-11-09T13:00:00Z
York,2021,09-11-2021,14:00:00,0,24.48695805,5.090531002,2021-11-09T14:00:00Z
York,2021,09-11-2021,15:00:00,0,-2.790613471,0.942052238,2021-11-09T15:00:00Z
York,2021,09-11-2021,16:00:00,5.299930358,12.98943053,17.46747789,2021-11-09T16:00:00Z
York,2021,09-11-2021,17:00:00,3.082049099,9.225771722,0.02174244,2021-11-09T17:00:00Z
York,2021,09-11-2021,18:00:00,4.989347183,9.23537373,10.09551765,2021-11-09T18:00:00Z
York,2021,09-11-2021,19:00:00,13.32293693,-3.099114196,14.20805465,2021-11-09T19:00:00Z
York,2021,09-11-2021,20:00:00,5.82210688,12.11726021,10.69742669,2021-11-09T20:00:00Z
York,2021,09-11-2021,21:00:00,0,12.57292649,9.914145236,2021-11-09T21:00:00Z
York,2021,09-11-2021,22:00:00,0,-3.759097161,4.83196405,2021-11-09T22:00:00Z
York,2021,09-11-2021,23:00:00,13.19859224,30.15064313,23.12969134,2021-11-09T23:00:00Z
York,2021,10-11-2021,00:00:00,24.82875586,47.55573709,27.10465435,2021-11-10T00:00:00Z
York,2021,10-11-2021,01:00:00,13.7863855,-6.337936145,8.878853528,2021-11-10T01:00:00Z
York,2021,10-11-2021,02:00:00,13.13639581,13.89399768,11.11915422,2021-11-10T02:00:00Z
York,2021,10-11-2021,03:00:00,3.794606275,27.69631729,21.30837551,2021-11-10T03:00:00Z
York,2021,10-11-2021,04:00:00,15.62914657,32.08663469,22.85238151,2021-11-10T04:00:00Z
York,2021,10-11-2021,05:00:00,0,3.06258596,5.090476158,2021-11-10T05:00:00Z
York,2021,10-11-2021,06:00:00,14.06217953,6.320724305,13.951557,2021-11-10T06:00:00Z
York,2021,10-11-2021,07:00:00,1.500988681,20.22956647,9.143035567,2021-11-10T07:00:00Z
York,2021,10-11-2021,08:00:00,9.002761325,10.25571732,14.92550218,2021-11-10T08:00:00Z
York,2021,10-11-2021,09:00:00,12.85253826,47.60582566,25.51130681,2021-11-10T09:00:00Z
York,2021,10-11-2021,10:00:00,9.657964026,32.09832407,18.23772406,2021-11-10T10:00:00Z
York,2021,10-11-2021,11:00:00,17.86934586,25.826743,17.90396191,2021-11-10T11:00:00Z
York,2021,10-11-2021,12:00:00,8.163679927,13.96859049,13.3644877,2021-11-10T12:00:00Z
York,2021,10-11-2021,13:00:00,5.73921396,-13.65096095,7.936925724,2021-11-10T13:00:00Z
York,2021,10-11-2021,14:00:00,0.727062947,49.10844905,23.96392202,2021-11-10T14:00:00Z
York,2021,10-11-2021,15:00:00,9.130875227,20.71100822,10.42321705,2021-11-10T15:00:00Z
York,2021,10-11-2021,16:00:00,6.057389977,6.125669642,6.86055907,2021-11-10T16:00:00Z
York,2021,10-11-2021,17:00:00,17.55327504,20.7068385,23.25225182,2021-11-10T17:00:00Z
York,2021,10-11-2021,18:00:00,6.273393842,29.04659477,26.80806035,2021-11-10T18:00:00Z
York,2021,10-11-2021,19:00:00,15.51168739,15.74448156,28.68651732,2021-11-10T19:00:00Z
York,2021,10-11-2021,20:00:00,10.63592966,36.91554193,16.46834694,2021-11-10T20:00:00Z
York,2021,10-11-2021,21:00:00,16.18820309,34.13018593,29.70924851,2021-11-10T21:00:00Z
York,2021,10-11-2021,22:00:00,2.44244595,15.80894034,11.8409106,2021-11-10T22:00:00Z
York,2021,10-11-2021,23:00:00,14.30369841,25.82421048,16.61540696,2021-11-10T23:00:00Z
York,2022,01-11-2022,00:00:00,9.155816963,-2.183558056,11.68184445,2022-11-01T00:00:00Z
York,2022,01-11-2022,01:00:00,12.19700574,46.80438606,29.53070354,2022-11-01T01:00:00Z
York,2022,01-11-2022,02:00:00,7.628328017,27.38423324,11.59657185,2022-11-01T02:00:00Z
York,2022,01-11-2022,03:00:00,17.1941488,41.60066297,32.32533459,2022-11-01T03:00:00Z
York,2022,01-11-2022,04:00:00,15.95542964,27.14110067,22.94838669,2022-11-01T04:00:00Z
York,2022,01-11-2022,05:00:00,6.237366827,16.43608357,13.63506591,2022-11-01T05:00:00Z
York,2022,01-11-2022,06:00:00,0.792546912,8.093320423,9.183875131,2022-11-01T06:00:00Z
York,2022,01-11-2022,07:00:00,17.3081015,15.1937523,15.01658606,2022-11-01T07:00:00Z
York,2022,01-11-2022,08:00:00,14.55941464,37.02908306,19.06141651,2022-11-01T08:00:00Z
York,2022,01-11-2022,09:00:00,0,-2.629762111,1.003577594,2022-11-01T09:00:00Z
York,2022,01-11-2022,10:00:00,11.07943222,21.84792962,14.32260023,2022-11-01T10:00:00Z
York,2022,01-11-2022,11:00:00,0,2.018030521,-5.695115109,2022-11-01T11:00:00Z
York,2022,01-11-2022,12:00:00,20.25774047,47.23941176,39.01817074,2022-11-01T12:00:00Z
York,2022,01-11-2022,13:00:00,16.37138588,26.10871618,23.08091854,2022-11-01T13:00:00Z
York,2022,01-11-2022,14:00:00,17.55328692,46.69200189,30.8622116,2022-11-01T14:00:00Z
York,2022,01-11-2022,15:00:00,11.52567629,33.0921047,7.857921174,2022-11-01T15:00:00Z
York,2022,01-11-2022,16:00:00,29.07885015,20.2468202,17.52939027,2022-11-01T16:00:00Z
York,2022,01-11-2022,17:00:00,4.782395936,18.10325817,14.80923243,2022-11-01T17:00:00Z
York,2022,01-11-2022,18:00:00,0,3.073035642,1.691838219,2022-11-01T18:00:00Z
York,2022,01-11-2022,19:00:00,23.26776687,27.05964471,34.71591429,2022-11-01T19:00:00Z
York,2022,01-11-2022,20:00:00,9.61451399,7.51478466,12.15315216,2022-11-01T20:00:00Z
York,2022,01-11-2022,21:00:00,11.71135998,25.67944871,22.33674331,2022-11-01T21:00:00Z
York,2022,01-11-2022,22:00:00,18.98971227,28.04792733,20.3860251,2022-11-01T22:00:00Z
York,2022,01-11-2022,23:00:00,12.10149472,32.07064495,26.82682059,2022-11-01T23:00:00Z
York,2022,02-11-2022,00:00:00,26.47287834,38.86821589,41.00694908,2022-11-02T00:00:00Z
York,2022,02-11-2022,01:00:00,9.235937136,9.065325771,12.09292041,2022-11-02T01:00:00Z
York,2022,02-11-2022,02:00:00,0,7.460490157,7.06769258,2022-11-02T02:00:00Z
York,2022,02-11-2022,03:00:00,7.053968667,17.61174503,7.430856624,2022-11-02T03:00:00Z
York,2022,02-11-2022,04:00:00,14.4518797,16.20520821,14.10593067,2022-11-02T04:00:00Z
York,2022,02-11-2022,05:00:00,10.54780958,18.02563385,23.21584384,2022-11-02T05:00:00Z
York,2022,02-11-2022,06:00:00,16.08122125,31.80340422,21.93666822,2022-11-02T06:00:00Z
York,2022,02-11-2022,07:00:00,12.65835217,9.335131925,7.601526175,2022-11-02T07:00:00Z
York,2022,02-11-2022,08:00:00,9.966343421,26.90274546,13.92130388,2022-11-02T08:00:00Z
York,2022,02-11-2022,09:00:00,9.511447834,23.12705306,19.22905695,2022-11-02T09:00:00Z
York,2022,02-11-2022,10:00:00,2.522264528,-0.95847636,-1.706907032,2022-11-02T10:00:00Z
York,2022,02-11-2022,11:00:00,0,8.396993397,10.86987723,2022-11-02T11:00:00Z
York,2022,02-11-2022,12:00:00,6.614252628,5.548176525,18.27090216,2022-11-02T12:00:00Z
York,2022,02-11-2022,13:00:00,12.2848101,14.69379457,17.21053918,2022-11-02T13:00:00Z
York,2022,02-11-2022,14:00:00,7.842016494,12.6606988,19.49481467,2022-11-02T14:00:00Z
York,2022,02-11-2022,15:00:00,7.389129068,9.576157851,2.973220435,2022-11-02T15:00:00Z
York,2022,02-11-2022,16:00:00,17.03002708,7.19841052,20.67794364,2022-11-02T16:00:00Z
York,2022,02-11-2022,17:00:00,7.122042469,42.44126224,19.54727538,2022-11-02T17:00:00Z
York,2022,02-11-2022,18:00:00,20.48978561,30.95646262,25.50969386,2022-11-02T18:00:00Z
York,2022,02-11-2022,19:00:00,21.02777749,47.49184945,20.41430956,2022-11-02T19:00:00Z
York,2022,02-11-2022,20:00:00,13.06601526,37.32652619,21.43053813,2022-11-02T20:00:00Z
York,2022,02-11-2022,21:00:00,10.5077185,19.34587044,8.067544953,2022-11-02T21:00:00Z
York,2022,02-11-2022,22:00:00,13.81752296,19.87921298,16.65894756,2022-11-02T22:00:00Z
York,2022,02-11-2022,23:00:00,8.980299165,16.88076465,16.93066395,2022-11-02T23:00:00Z
York,2022,03-11-2022,00:00:00,0,4.997682064,5.428098317,2022-11-03T00:00:00Z
York,2022,03-11-2022,01:00:00,2.962042411,11.85966042,10.81577609,2022-11-03T01:00:00Z
York,2022,03-11-2022,02:00:00,5.544461369,11.60576465,0.679661708,2022-11-03T02:00:00Z
York,2022,03-11-2022,03:00:00,7.12822962,14.20036569,11.20350959,2022-11-03T03:00:00Z
York,2022,03-11-2022,04:00:00,10.32491227,47.23978144,32.0259243,2022-11-03T04:00:00Z
York,2022,03-11-2022,05:00:00,11.85707421,6.588812579,15.66045681,2022-11-03T05:00:00Z
York,2022,03-11-2022,06:00:00,11.3094372,8.34514211,10.28515684,2022-11-03T06:00:00Z
York,2022,03-11-2022,07:00:00,7.449993808,7.279580743,11.1903984,2022-11-03T07:00:00Z
York,2022,03-11-2022,08:00:00,0,5.918942256,12.11454479,2022-11-03T08:00:00Z
York,2022,03-11-2022,09:00:00,14.87584698,27.95448953,24.16835395,2022-11-03T09:00:00Z
York,2022,03-11-2022,10:00:00,0,6.627406349,11.95381998,2022-11-03T10:00:00Z
York,2022,03-11-2022,11:00:00,21.03406053,53.83142043,36.0772883,2022-11-03T11:00:00Z
York,2022,03-11-2022,12:00:00,12.31954739,25.9675662,14.88242601,2022-11-03T12:00:00Z
York,2022,03-11-2022,13:00:00,14.4295878,23.76442306,17.14370461,2022-11-03T13:00:00Z
York,2022,03-11-2022,14:00:00,12.2554256,30.78527187,29.85735271,2022-11-03T14:00:00Z
York,2022,03-11-2022,15:00:00,6.349927827,7.500859451,9.267331836,2022-11-03T15:00:00Z
York,2022,03-11-2022,16:00:00,14.35539188,23.88722633,22.18369571,2022-11-03T16:00:00Z
York,2022,03-11-2022,17:00:00,6.185316297,16.52936267,11.00697785,2022-11-03T17:00:00Z
York,2022,03-11-2022,18:00:00,6.000736862,32.77947701,10.4620341,2022-11-03T18:00:00Z
York,2022,03-11-2022,19:00:00,19.13653635,34.47832317,24.18105146,2022-11-03T19:00:00Z
York,2022,03-11-2022,20:00:00,16.2869702,2.539096497,17.33225221,2022-11-03T20:00:00Z
York,2022,03-11-2022,21:00:00,13.07918791,29.00903036,30.12408023,2022-11-03T21:00:00Z
York,2022,03-11-2022,22:00:00,13.08406581,-5.101063483,11.87083485,2022-11-03T22:00:00Z
York,2022,03-11-2022,23:00:00,13.14218391,-5.411816344,18.73121216,2022-11-03T23:00:00Z
York,2022,04-11-2022,00:00:00,16.95041502,24.39308782,19.74073528,2022-11-04T00:00:00Z
York,2022,04-11-2022,01:00:00,16.72115812,31.37733797,23.27747235,2022-11-04T01:00:00Z
York,2022,04-11-2022,02:00:00,5.379079664,22.9111206,15.34806318,2022-11-04T02:00:00Z
York,2022,04-11-2022,03:00:00,5.909134019,19.63408517,28.77221564,2022-11-04T03:00:00Z
York,2022,04-11-2022,04:00:00,13.19786883,19.84495616,15.59388648,2022-11-04T04:00:00Z
York,2022,04-11-2022,05:00:00,10.39534372,25.13675424,9.980036066,2022-11-04T05:00:00Z
York,2022,04-11-2022,06:00:00,16.18706493,27.2125931,24.55636475,2022-11-04T06:00:00Z
York,2022,04-11-2022,07:00:00,18.05828715,43.14001741,27.09515026,2022-11-04T07:00:00Z
York,2022,04-11-2022,08:00:00,14.57527401,37.0054888,14.52858741,2022-11-04T08:00:00Z
York,2022,04-11-2022,09:00:00,0,15.85797251,12.61103499,2022-11-04T09:00:00Z
York,2022,04-11-2022,10:00:00,10.99129442,42.86227259,19.59716063,2022-11-04T10:00:00Z
York,2022,04-11-2022,11:00:00,0,-10.84430116,-7.57272789,2022-11-04T11:00:00Z
York,2022,04-11-2022,12:00:00,8.415915359,10.51259367,11.24596442,2022-11-04T12:00:00Z
York,2022,04-11-2022,13:00:00,16.50267631,25.28698409,33.25766981,2022-11-04T13:00:00Z
York,2022,04-11-2022,14:00:00,7.282751729,38.92709291,31.2563313,2022-11-04T14:00:00Z
York,2022,04-11-2022,15:00:00,8.078504762,33.81444429,15.7695195,2022-11-04T15:00:00Z
York,2022,04-11-2022,16:00:00,11.01395174,20.27433582,15.25213292,2022-11-04T16:00:00Z
York,2022,04-11-2022,17:00:00,17.72066161,32.57766766,27.74224423,2022-11-04T17:00:00Z
York,2022,04-11-2022,18:00:00,13.30760212,14.65516159,20.3773417,2022-11-04T18:00:00Z
York,2022,04-11-2022,19:00:00,0,13.99279616,12.66586827,2022-11-04T19:00:00Z
York,2022,04-11-2022,20:00:00,6.366909589,15.01068618,14.9667888,2022-11-04T20:00:00Z
York,2022,04-11-2022,21:00:00,17.06031609,49.66331025,28.53471408,2022-11-04T21:00:00Z
York,2022,04-11-2022,22:00:00,0,-5.413585973,-3.586226209,2022-11-04T22:00:00Z
York,2022,04-11-2022,23:00:00,0,14.14393137,19.42845451,2022-11-04T23:00:00Z
York,2022,05-11-2022,00:00:00,62.27983302,114.8839027,93.77715897,2022-11-05T00:00:00Z
York,2022,05-11-2022,01:00:00,23.35489429,46.50143492,46.92497842,2022-11-05T01:00:00Z
York,2022,05-11-2022,02:00:00,59.40682398,123.1555363,83.2654321,2022-11-05T02:00:00Z
York,2022,05-11-2022,03:00:00,66.98885346,155.4939826,110.6873931,2022-11-05T03:00:00Z
York,2022,05-11-2022,04:00:00,26.89538487,34.03090885,43.63811743,2022-11-05T04:00:00Z
York,2022,05-11-2022,05:00:00,63.43179005,121.4799238,95.01505998,2022-11-05T05:00:00Z
York,2022,05-11-2022,06:00:00,55.53360484,135.8282986,98.09334006,2022-11-05T06:00:00Z
York,2022,05-11-2022,07:00:00,47.83606166,98.0812185,66.84633213,2022-11-05T07:00:00Z
York,2022,05-11-2022,08:00:00,23.66282784,77.99269554,51.15898488,2022-11-05T08:00:00Z
York,2022,05-11-2022,09:00:00,51.78106124,109.4419425,91.9684937,2022-11-05T09:00:00Z
York,2022,05-11-2022,10:00:00,34.29107533,82.02756628,69.72043856,2022-11-05T10:00:00Z
York,2022,05-11-2022,11:00:00,40.85973434,85.86629586,79.3876451,2022-11-05T11:00:00Z
York,2022,05-11-2022,12:00:00,65.40004509,146.1446387,98.86350257,2022-11-05T12:00:00Z
York,2022,05-11-2022,13:00:00,34.63892657,108.3310684,76.79633999,2022-11-05T13:00:00Z
York,2022,05-11-2022,14:00:00,20.19356063,52.8604829,44.74075518,2022-11-05T14:00:00Z
York,2022,05-11-2022,15:00:00,70.11998638,117.1961694,94.45341418,2022-11-05T15:00:00Z
York,2022,05-11-2022,16:00:00,28.15364527,53.03162834,52.29248029,2022-11-05T16:00:00Z
York,2022,05-11-2022,17:00:00,61.64587914,138.8518179,103.0902083,2022-11-05T17:00:00Z
York,2022,05-11-2022,18:00:00,55.36770044,127.1714747,103.6768451,2022-11-05T18:00:00Z
York,2022,05-11-2022,19:00:00,51.07681159,129.3628137,89.92898037,2022-11-05T19:00:00Z
York,2022,05-11-2022,20:00:00,70.23876464,150.0751605,114.8560263,2022-11-05T20:00:00Z
York,2022,05-11-2022,21:00:00,29.8125381,82.21527044,60.79468407,2022-11-05T21:00:00Z
York,2022,05-11-2022,22:00:00,62.70766818,126.87349210000001,97.90247006,2022-11-05T22:00:00Z
York,2022,05-11-2022,23:00:00,28.44075647,52.31662776,57.39488533,2022-11-05T23:00:00Z
York,2022,06-11-2022,00:00:00,9.120368876,9.7160139740000009,12.49579914,2022-11-06T00:00:00Z
York,2022,06-11-2022,01:00:00,5.882399331,32.29946288,24.45215046,2022-11-06T01:00:00Z
York,2022,06-11-2022,02:00:00,3.480357909,1.492389844,7.150307529,2022-11-06T02:00:00Z
York,2022,06-11-2022,03:00:00,6.741149289,32.79591679,30.28940305,2022-11-06T03:00:00Z
York,2022,06-11-2022,04:00:00,3.135594377,38.367683,12.76806737,2022-11-06T04:00:00Z
York,2022,06-11-2022,05:00:00,2.825783834,-1.160621101,5.217659787,2022-11-06T05:00:00Z
York,2022,06-11-2022,06:00:00,11.47091906,2.833704426,15.98374221,2022-11-06T06:00:00Z
York,2022,06-11-2022,07:00:00,4.238135084,24.30164283,16.7704832,2022-11-06T07:00:00Z
York,2022,06-11-2022,08:00:00,6.918822921,26.56670531,16.75370152,2022-11-06T08:00:00Z
York,2022,06-11-2022,09:00:00,11.57820235,38.54688566,22.95766879,2022-11-06T09:00:00Z
York,2022,06-11-2022,10:00:00,10.11012705,13.23467345,9.730664619,2022-11-06T10:00:00Z
York,2022,06-11-2022,11:00:00,5.882260754,22.30059671,11.36058235,2022-11-06T11:00:00Z
York,2022,06-11-2022,12:00:00,12.96613745,6.557418241,22.03121739,2022-11-06T12:00:00Z
York,2022,06-11-2022,13:00:00,0,19.33773839,13.13058383,2022-11-06T13:00:00Z
York,2022,06-11-2022,14:00:00,4.534548043,14.54673281,17.50174529,2022-11-06T14:00:00Z
York,2022,06-11-2022,15:00:00,18.90863846,53.35041391,34.67830004,2022-11-06T15:00:00Z
York,2022,06-11-2022,16:00:00,3.841358437,24.79793959,9.462546659,2022-11-06T16:00:00Z
York,2022,06-11-2022,17:00:00,15.14650592,21.75929718,24.7054495,2022-11-06T17:00:00Z
York,2022,06-11-2022,18:00:00,6.583749939,17.155139170000002,8.887791961,2022-11-06T18:00:00Z
York,2022,06-11-2022,19:00:00,4.581154629,-3.521399995,-7.025093054,2022-11-06T19:00:00Z
York,2022,06-11-2022,20:00:00,5.321021752,12.27863111,12.70640638,2022-11-06T20:00:00Z
York,2022,06-11-2022,21:00:00,8.21272583,44.59218984,26.98248637,2022-11-06T21:00:00Z
York,2022,06-11-2022,22:00:00,9.8538034,36.6208296,17.92529604,2022-11-06T22:00:00Z
York,2022,06-11-2022,23:00:00,0.12537293,-1.669096983,4.615931232,2022-11-06T23:00:00Z
York,2022,07-11-2022,00:00:00,6.641132113,8.789474463,-1.181201135,2022-11-07T00:00:00Z
York,2022,07-11-2022,01:00:00,4.361865792,20.23670365,11.76262622,2022-11-07T01:00:00Z
York,2022,07-11-2022,02:00:00,2.686253504,13.64557775,8.342737294,2022-11-07T02:00:00Z
York,2022,07-11-2022,03:00:00,14.74077121,42.44124877,29.29957534,2022-11-07T03:00:00Z
York,2022,07-11-2022,04:00:00,0,-0.275665852,-9.056672033,2022-11-07T04:00:00Z
York,2022,07-11-2022,05:00:00,13.49523109,14.48780525,13.98152703,2022-11-07T05:00:00Z
York,2022,07-11-2022,06:00:00,2.433198662,9.933608049,4.775137855,2022-11-07T06:00:00Z
York,2022,07-11-2022,07:00:00,6.032990718,-1.824479726,20.84667092,2022-11-07T07:00:00Z
York,2022,07-11-2022,08:00:00,3.827770543,-6.062962681,-4.844486104,2022-11-07T08:00:00Z
York,2022,07-11-2022,09:00:00,6.165281252,16.70321996,12.5231886,2022-11-07T09:00:00Z
York,2022,07-11-2022,10:00:00,15.77953728,27.26059521,23.23380624,2022-11-07T10:00:00Z
York,2022,07-11-2022,11:00:00,0,-16.38610973,-3.801139659,2022-11-07T11:00:00Z
York,2022,07-11-2022,12:00:00,4.138237192,-7.580871388,6.962851163,2022-11-07T12:00:00Z
York,2022,07-11-2022,13:00:00,0,8.270029785,0.78717961,2022-11-07T13:00:00Z
York,2022,07-11-2022,14:00:00,13.6533436,34.4695588,17.84088242,2022-11-07T14:00:00Z
York,2022,07-11-2022,15:00:00,5.670234425,18.38274051,13.54697782,2022-11-07T15:00:00Z
York,2022,07-11-2022,16:00:00,8.392383657,31.26183812,16.10752206,2022-11-07T16:00:00Z
York,2022,07-11-2022,17:00:00,1.109881565,0.328171818,0.80938532,2022-11-07T17:00:00Z
York,2022,07-11-2022,18:00:00,1.025791742,25.75044165,8.998936174,2022-11-07T18:00:00Z
York,2022,07-11-2022,19:00:00,11.86951071,19.19688638,12.77451983,2022-11-07T19:00:00Z
York,2022,07-11-2022,20:00:00,7.929330001,45.3740192,15.63912241,2022-11-07T20:00:00Z
York,2022,07-11-2022,21:00:00,24.31958976,49.98620252,36.5046613,2022-11-07T21:00:00Z
York,2022,07-11-2022,22:00:00,10.35545538,39.44431563,25.61243034,2022-11-07T22:00:00Z
York,2022,07-11-2022,23:00:00,6.768409563,28.60878954,24.19433476,2022-11-07T23:00:00Z
York,2022,08-11-2022,00:00:00,0,-4.288081123,2.905233281,2022-11-08T00:00:00Z
York,2022,08-11-2022,01:00:00,8.964724303,23.31222842,9.202733836,2022-11-08T01:00:00Z
York,2022,08-11-2022,02:00:00,0,43.19535008,10.22062022,2022-11-08T02:00:00Z
York,2022,08-11-2022,03:00:00,4.192179368,22.05125013,6.52227208,2022-11-08T03:00:00Z
York,2022,08-11-2022,04:00:00,6.656795386,5.607200927,6.470940475,2022-11-08T04:00:00Z
York,2022,08-11-2022,05:00:00,0,47.59751934,15.35613707,2022-11-08T05:00:00Z
York,2022,08-11-2022,06:00:00,17.87961349,15.56269548,14.74147023,2022-11-08T06:00:00Z
York,2022,08-11-2022,07:00:00,10.05014336,17.32727409,11.44792242,2022-11-08T07:00:00Z
York,2022,08-11-2022,08:00:00,7.932642341,8.380239661,11.06675244,2022-11-08T08:00:00Z
York,2022,08-11-2022,09:00:00,13.66724908,17.84994846,22.08668167,2022-11-08T09:00:00Z
York,2022,08-11-2022,10:00:00,6.816123224,30.25035734,17.94604033,2022-11-08T10:00:00Z
York,2022,08-11-2022,11:00:00,0.381171189,15.66332982,14.64429486,2022-11-08T11:00:00Z
York,2022,08-11-2022,12:00:00,0,6.370752779,-5.369800394,2022-11-08T12:00:00Z
York,2022,08-11-2022,13:00:00,7.853851238,7.393238781,11.99285217,2022-11-08T13:00:00Z
York,2022,08-11-2022,14:00:00,3.041604178,3.884594834,14.41403423,2022-11-08T14:00:00Z
York,2022,08-11-2022,15:00:00,9.09551224,14.87897601,18.37350179,2022-11-08T15:00:00Z
York,2022,08-11-2022,16:00:00,14.84434565,8.540693188,16.69827879,2022-11-08T16:00:00Z
York,2022,08-11-2022,17:00:00,20.84214551,43.03873016,30.53850315,2022-11-08T17:00:00Z
York,2022,08-11-2022,18:00:00,19.09935272,44.94820585,30.8421221,2022-11-08T18:00:00Z
York,2022,08-11-2022,19:00:00,1.195477754,13.62244602,10.3152537,2022-11-08T19:00:00Z
York,2022,08-11-2022,20:00:00,0,15.79418974,5.757671051,2022-11-08T20:00:00Z
York,2022,08-11-2022,21:00:00,14.75296678,26.79688898,23.86550976,2022-11-08T21:00:00Z
York,2022,08-11-2022,22:00:00,16.22438761,21.64918019,4.215221373,2022-11-08T22:00:00Z
York,2022,08-11-2022,23:00:00,3.796074657,19.40189563,5.913268018,2022-11-08T23:00:00Z
York,2022,09-11-2022,00:00:00,3.81202766,32.3332454,12.81924951,2022-11-09T00:00:00Z
York,2022,09-11-2022,01:00:00,7.131959383,28.4082014,6.458964556,2022-11-09T01:00:00Z
York,2022,09-11-2022,02:00:00,9.514586436,25.13102006,22.10486468,2022-11-09T02:00:00Z
York,2022,09-11-2022,03:00:00,18.12820688,41.01591914,34.46232025,2022-11-09T03:00:00Z
York,2022,09-11-2022,04:00:00,9.062816763,21.56133358,9.619869887,2022-11-09T04:00:00Z
York,2022,09-11-2022,05:00:00,0,13.01889839,3.99059272,2022-11-09T05:00:00Z
York,2022,09-11-2022,06:00:00,3.671184785,11.73928303,-0.027063481,2022-11-09T06:00:00Z
York,2022,09-11-2022,07:00:00,12.79500477,37.2945502,25.14601074,2022-11-09T07:00:00Z
York,2022,09-11-2022,08:00:00,3.208587638,17.56881938,20.83792135,2022-11-09T08:00:00Z
York,2022,09-11-2022,09:00:00,7.752200744,-2.143693782,11.53818941,2022-11-09T09:00:00Z
York,2022,09-11-2022,10:00:00,6.967878703,18.87673746,22.0293604,2022-11-09T10:00:00Z
York,2022,09-11-2022,11:00:00,5.09738165,42.2791724,34.46246524,2022-11-09T11:00:00Z
York,2022,09-11-2022,12:00:00,0.740342545,4.217155266,0.365863367,2022-11-09T12:00:00Z
York,2022,09-11-2022,13:00:00,0,10.5053074,3.252249982,2022-11-09T13:00:00Z
York,2022,09-11-2022,14:00:00,0,13.84379836,14.3196579,2022-11-09T14:00:00Z
York,2022,09-11-2022,15:00:00,11.4896283,10.50912726,27.36976944,2022-11-09T15:00:00Z
York,2022,09-11-2022,16:00:00,10.98690935,4.301771139,8.961238197,2022-11-09T16:00:00Z
York,2022,09-11-2022,17:00:00,23.551102,29.50277296,23.08656177,2022-11-09T17:00:00Z
York,2022,09-11-2022,18:00:00,9.451419058,46.17533402,31.83446867,2022-11-09T18:00:00Z
York,2022,09-11-2022,19:00:00,15.94332593,35.77725563,23.57212501,2022-11-09T19:00:00Z
York,2022,09-11-2022,20:00:00,10.83158651,12.60191055,13.50788494,2022-11-09T20:00:00Z
York,2022,09-11-2022,21:00:00,8.486468013,17.45279527,16.29224503,2022-11-09T21:00:00Z
York,2022,09-11-2022,22:00:00,1.459411305,-8.262130632,2.676919799,2022-11-09T22:00:00Z
York,2022,09-11-2022,23:00:00,13.47400897,25.72852204,21.55631915,2022-11-09T23:00:00Z
York,2022,10-11-2022,00:00:00,16.90114492,29.79310479,22.04032251,2022-11-10T00:00:00Z
York,2022,10-11-2022,01:00:00,12.43015365,17.75103974,16.97045869,2022-11-10T01:00:00Z
York,2022,10-11-2022,02:00:00,4.297110534,3.456717437,8.033546906,2022-11-10T02:00:00Z
York,2022,10-11-2022,03:00:00,12.502388850000001,37.77015698,24.97034184,2022-11-10T03:00:00Z
York,2022,10-11-2022,04:00:00,4.61375325,24.36715204,20.34823315,2022-11-10T04:00:00Z
York,2022,10-11-2022,05:00:00,7.005620913,13.70146791,7.527817814,2022-11-10T05:00:00Z
York,2022,10-11-2022,06:00:00,4.279033563,14.5569019,14.59327439,2022-11-10T06:00:00Z
York,2022,10-11-2022,07:00:00,0,12.2037007,8.511444076,2022-11-10T07:00:00Z
York,2022,10-11-2022,08:00:00,13.96981554,47.22883595,30.86387384,2022-11-10T08:00:00Z
York,2022,10-11-2022,09:00:00,6.009623283,12.29966088,17.23169362,2022-11-10T09:00:00Z
York,2022,10-11-2022,10:00:00,17.36472437,30.96130691,20.94104865,2022-11-10T10:00:00Z
York,2022,10-11-2022,11:00:00,14.86338871,15.58620069,1.872666191,2022-11-10T11:00:00Z
York,2022,10-11-2022,12:00:00,19.03641203,21.54727343,19.53060105,2022-11-10T12:00:00Z
York,2022,10-11-2022,13:00:00,15.14472386,27.9662032,17.02884146,2022-11-10T13:00:00Z
York,2022,10-11-2022,14:00:00,6.504944233,18.3736196,15.01696911,2022-11-10T14:00:00Z
York,2022,10-11-2022,15:00:00,7.141973704,10.69155385,17.54711832,2022-11-10T15:00:00Z
York,2022,10-11-2022,16:00:00,21.77545597,26.33209525,23.66143996,2022-11-10T16:00:00Z
York,2022,10-11-2022,17:00:00,11.05478868,15.39523342,16.69416807,2022-11-10T17:00:00Z
York,2022,10-11-2022,18:00:00,17.20116994,5.215205812,18.34613888,2022-11-10T18:00:00Z
York,2022,10-11-2022,19:00:00,13.97341312,12.40826011,16.70836949,2022-11-10T19:00:00Z
York,2022,10-11-2022,20:00:00,3.225505134,14.18039467,20.4399518,2022-11-10T20:00:00Z
York,2022,10-11-2022,21:00:00,10.48286957,8.923039584,14.42631732,2022-11-10T21:00:00Z
York,2022,10-11-2022,22:00:00,0,-0.561269222,0.630125906,2022-11-10T22:00:00Z
York,2022,10-11-2022,23:00:00,13.60503123,37.69126188,25.59465214,2022-11-10T23:00:00Z
York,2023,01-11-2023,00:00:00,0,18.9332246,14.46213219,2023-11-01T00:00:00Z
York,2023,01-11-2023,01:00:00,0,-6.38495601,6.507163915,2023-11-01T01:00:00Z
York,2023,01-11-2023,02:00:00,6.081549068,33.37389112,20.80241732,2023-11-01T02:00:00Z
York,2023,01-11-2023,03:00:00,10.3804234,12.22628098,12.97921436,2023-11-01T03:00:00Z
York,2023,01-11-2023,04:00:00,11.360992,12.27265169,17.96636513,2023-11-01T04:00:00Z
York,2023,01-11-2023,05:00:00,0.686920285,-1.31066923,0.127142655,2023-11-01T05:00:00Z
York,2023,01-11-2023,06:00:00,12.03194161,44.45849901,26.01137064,2023-11-01T06:00:00Z
York,2023,01-11-2023,07:00:00,11.87001693,31.81306801,20.36189754,2023-11-01T07:00:00Z
York,2023,01-11-2023,08:00:00,0,3.596079965,3.144785965,2023-11-01T08:00:00Z
York,2023,01-11-2023,09:00:00,26.14995613,31.60556572,39.96623769,2023-11-01T09:00:00Z
York,2023,01-11-2023,10:00:00,15.03448648,2.274142904,2.668566819,2023-11-01T10:00:00Z
York,2023,01-11-2023,11:00:00,12.37933648,12.85835478,19.41982475,2023-11-01T11:00:00Z
York,2023,01-11-2023,12:00:00,1.971586845,-0.798066698,7.299179322,2023-11-01T12:00:00Z
York,2023,01-11-2023,13:00:00,0,4.860835372,-6.694546638,2023-11-01T13:00:00Z
York,2023,01-11-2023,14:00:00,14.36530346,28.40841519,17.90333318,2023-11-01T14:00:00Z
York,2023,01-11-2023,15:00:00,17.30084717,18.03346439,16.05081609,2023-11-01T15:00:00Z
York,2023,01-11-2023,16:00:00,9.918055702,28.01028703,12.59791972,2023-11-01T16:00:00Z
York,2023,01-11-2023,17:00:00,4.810415249,6.999500666,8.103899136,2023-11-01T17:00:00Z
York,2023,01-11-2023,18:00:00,23.62999962,36.56004953,23.72689178,2023-11-01T18:00:00Z
York,2023,01-11-2023,19:00:00,9.791476851,23.93744728,19.53455013,2023-11-01T19:00:00Z
York,2023,01-11-2023,20:00:00,9.95343985,15.48910455,5.799169042,2023-11-01T20:00:00Z
York,2023,01-11-2023,21:00:00,7.140584827,19.47923285,17.10262803,2023-11-01T21:00:00Z
York,2023,01-11-2023,22:00:00,0,36.93814577,32.46686239,2023-11-01T22:00:00Z
York,2023,01-11-2023,23:00:00,9.259890092,29.62808523,8.943436728,2023-11-01T23:00:00Z
York,2023,02-11-2023,00:00:00,0,-19.58562162,-6.837487297,2023-11-02T00:00:00Z
York,2023,02-11-2023,01:00:00,8.591929468,18.44008929,8.30826299,2023-11-02T01:00:00Z
York,2023,02-11-2023,02:00:00,2.304634991,28.78404796,20.40562525,2023-11-02T02:00:00Z
York,2023,02-11-2023,03:00:00,2.479559151,13.12116085,7.626516733,2023-11-02T03:00:00Z
York,2023,02-11-2023,04:00:00,10.30271314,17.50569479,22.7878331,2023-11-02T04:00:00Z
York,2023,02-11-2023,05:00:00,0,25.56639435,10.89654308,2023-11-02T05:00:00Z
York,2023,02-11-2023,06:00:00,3.129979356,12.03522517,5.544127321,2023-11-02T06:00:00Z
York,2023,02-11-2023,07:00:00,15.71040155,30.90911541,26.36063929,2023-11-02T07:00:00Z
York,2023,02-11-2023,08:00:00,11.7758791,31.11949625,20.8834336,2023-11-02T08:00:00Z
York,2023,02-11-2023,09:00:00,6.232913242,25.48254106,16.55052484,2023-11-02T09:00:00Z
York,2023,02-11-2023,10:00:00,3.655862123,-4.19040816,6.674924659,2023-11-02T10:00:00Z
York,2023,02-11-2023,11:00:00,13.21236515,1.716312461,5.713363854,2023-11-02T11:00:00Z
York,2023,02-11-2023,12:00:00,14.63639902,58.61211522,33.33173472,2023-11-02T12:00:00Z
York,2023,02-11-2023,13:00:00,11.50320788,43.97781936,17.9866821,2023-11-02T13:00:00Z
York,2023,02-11-2023,14:00:00,0,-16.25467434,5.024446145,2023-11-02T14:00:00Z
York,2023,02-11-2023,15:00:00,8.437648309,20.99117153,15.32559306,2023-11-02T15:00:00Z
York,2023,02-11-2023,16:00:00,2.695080791,10.39966943,6.968315335,2023-11-02T16:00:00Z
York,2023,02-11-2023,17:00:00,13.86628776,6.71145187,10.85948583,2023-11-02T17:00:00Z
York,2023,02-11-2023,18:00:00,8.773149278,5.655777941,15.31973661,2023-11-02T18:00:00Z
York,2023,02-11-2023,19:00:00,7.105437745,22.79894007,14.79035677,2023-11-02T19:00:00Z
York,2023,02-11-2023,20:00:00,7.106183752,26.40821403,12.24706218,2023-11-02T20:00:00Z
York,2023,02-11-2023,21:00:00,10.49571784,15.93557447,25.56666553,2023-11-02T21:00:00Z
York,2023,02-11-2023,22:00:00,11.30781525,16.0908149,16.22706213,2023-11-02T22:00:00Z
York,2023,02-11-2023,23:00:00,0,11.65865886,10.93800365,2023-11-02T23:00:00Z
York,2023,03-11-2023,00:00:00,10.0808764,21.73381931,19.20798058,2023-11-03T00:00:00Z
York,2023,03-11-2023,01:00:00,4.623039609,18.78876262,20.62706456,2023-11-03T01:00:00Z
York,2023,03-11-2023,02:00:00,12.47522771,26.75762098,16.78502013,2023-11-03T02:00:00Z
York,2023,03-11-2023,03:00:00,0,1.722013471,0.075877059,2023-11-03T03:00:00Z
York,2023,03-11-2023,04:00:00,0.767904386,10.14589189,10.39200922,2023-11-03T04:00:00Z
York,2023,03-11-2023,05:00:00,10.45320288,-2.538197014,12.03613593,2023-11-03T05:00:00Z
York,2023,03-11-2023,06:00:00,5.354546437,21.88916522,12.41748891,2023-11-03T06:00:00Z
York,2023,03-11-2023,07:00:00,14.15238601,30.76459085,27.94500129,2023-11-03T07:00:00Z
York,2023,03-11-2023,08:00:00,1.080881911,23.71821277,9.188519118,2023-11-03T08:00:00Z
York,2023,03-11-2023,09:00:00,8.401527633,28.20485254,11.27199754,2023-11-03T09:00:00Z
York,2023,03-11-2023,10:00:00,13.26417011,15.62245046,16.52598408,2023-11-03T10:00:00Z
York,2023,03-11-2023,11:00:00,11.88620632,29.93171947,28.55979058,2023-11-03T11:00:00Z
York,2023,03-11-2023,12:00:00,8.551659982,36.16384767,20.83083131,2023-11-03T12:00:00Z
York,2023,03-11-2023,13:00:00,11.72613388,12.73498676,14.36697038,2023-11-03T13:00:00Z
York,2023,03-11-2023,14:00:00,0,2.841274623,9.718957886,2023-11-03T14:00:00Z
York,2023,03-11-2023,15:00:00,0,4.208428299,-4.974184896,2023-11-03T15:00:00Z
York,2023,03-11-2023,16:00:00,6.64964882,19.78543448,12.66785491,2023-11-03T16:00:00Z
York,2023,03-11-2023,17:00:00,10.42881113,1.416265446,16.47531155,2023-11-03T17:00:00Z
York,2023,03-11-2023,18:00:00,13.57439856,20.3299933,16.03921237,2023-11-03T18:00:00Z
York,2023,03-11-2023,19:00:00,13.64159518,12.21762488,10.93995548,2023-11-03T19:00:00Z
York,2023,03-11-2023,20:00:00,8.297473834,21.35536839,13.96718703,2023-11-03T20:00:00Z
York,2023,03-11-2023,21:00:00,5.920167179,26.95063257,14.44581682,2023-11-03T21:00:00Z
York,2023,03-11-2023,22:00:00,11.5851154,1.367532531,10.75188829,2023-11-03T22:00:00Z
York,2023,03-11-2023,23:00:00,3.2931735,-9.485744707,14.29306051,2023-11-03T23:00:00Z
York,2023,04-11-2023,00:00:00,9.455895897,5.779355037,13.86276842,2023-11-04T00:00:00Z
York,2023,04-11-2023,01:00:00,8.766475535,26.01754935,9.744800195,2023-11-04T01:00:00Z
York,2023,04-11-2023,02:00:00,6.08920225,12.35082758,15.79275797,2023-11-04T02:00:00Z
York,2023,04-11-2023,03:00:00,0,-5.385408377,-3.505884961,2023-11-04T03:00:00Z
York,2023,04-11-2023,04:00:00,15.86952114,35.22401846,26.35524917,2023-11-04T04:00:00Z
York,2023,04-11-2023,05:00:00,13.47967788,27.62620201,25.88490353,2023-11-04T05:00:00Z
York,2023,04-11-2023,06:00:00,22.03829195,33.86477768,22.93021385,2023-11-04T06:00:00Z
York,2023,04-11-2023,07:00:00,8.001297848,36.04218698,12.68505948,2023-11-04T07:00:00Z
York,2023,04-11-2023,08:00:00,7.524025645,33.93947955,6.095789645,2023-11-04T08:00:00Z
York,2023,04-11-2023,09:00:00,17.40004282,37.28665135,25.96240071,2023-11-04T09:00:00Z
York,2023,04-11-2023,10:00:00,10.11371103,12.62139852,12.41431191,2023-11-04T10:00:00Z
York,2023,04-11-2023,11:00:00,10.96373363,18.33707773,8.827707588,2023-11-04T11:00:00Z
York,2023,04-11-2023,12:00:00,5.363278975,22.06213647,18.77846471,2023-11-04T12:00:00Z
York,2023,04-11-2023,13:00:00,7.886366444,9.21460338,2.494547528,2023-11-04T13:00:00Z
York,2023,04-11-2023,14:00:00,9.045552844,38.79212505,18.93913431,2023-11-04T14:00:00Z
York,2023,04-11-2023,15:00:00,20.46600657,28.19941308,24.95202218,2023-11-04T15:00:00Z
York,2023,04-11-2023,16:00:00,10.54198481,10.12165257,9.57212494,2023-11-04T16:00:00Z
York,2023,04-11-2023,17:00:00,16.1561145,25.12299112,30.9742187,2023-11-04T17:00:00Z
York,2023,04-11-2023,18:00:00,4.973218709,12.9057078,9.557854695,2023-11-04T18:00:00Z
York,2023,04-11-2023,19:00:00,12.6490399,28.43264267,12.45037753,2023-11-04T19:00:00Z
York,2023,04-11-2023,20:00:00,17.27761789,44.13244313,24.97835049,2023-11-04T20:00:00Z
York,2023,04-11-2023,21:00:00,11.0897023,30.98834802,25.14127831,2023-11-04T21:00:00Z
York,2023,04-11-2023,22:00:00,4.27900413,16.03354636,17.77278777,2023-11-04T22:00:00Z
York,2023,04-11-2023,23:00:00,7.827867344,-3.247043259,11.09305806,2023-11-04T23:00:00Z
York,2023,05-11-2023,00:00:00,59.29201294,114.1559755,84.11823206,2023-11-05T00:00:00Z
York,2023,05-11-2023,01:00:00,27.25466071,74.93612217,55.05076427,2023-11-05T01:00:00Z
York,2023,05-11-2023,02:00:00,42.99600402,116.4326845,81.84581254,2023-11-05T02:00:00Z
York,2023,05-11-2023,03:00:00,47.55798212,134.7392445,105.6251673,2023-11-05T03:00:00Z
York,2023,05-11-2023,04:00:00,42.48199704,127.7304082,95.01002968,2023-11-05T04:00:00Z
York,2023,05-11-2023,05:00:00,53.21577927,129.9510567,110.9436106,2023-11-05T05:00:00Z
York,2023,05-11-2023,06:00:00,25.67989194,77.32315184,58.00297965,2023-11-05T06:00:00Z
York,2023,05-11-2023,07:00:00,84.441901,139.3141341,123.3391102,2023-11-05T07:00:00Z
York,2023,05-11-2023,08:00:00,33.72352406,97.58426169,81.84717105,2023-11-05T08:00:00Z
York,2023,05-11-2023,09:00:00,69.47870565,139.0253831,100.7529871,2023-11-05T09:00:00Z
York,2023,05-11-2023,10:00:00,81.42356969,151.8907025,117.7187242,2023-11-05T10:00:00Z
York,2023,05-11-2023,11:00:00,19.31879251,57.04219466,43.7747295,2023-11-05T11:00:00Z
York,2023,05-11-2023,12:00:00,59.5209339,141.5792842,106.9012587,2023-11-05T12:00:00Z
York,2023,05-11-2023,13:00:00,43.17173843,96.65279107,80.34768943,2023-11-05T13:00:00Z
York,2023,05-11-2023,14:00:00,26.04981783,69.18861228,60.36405381,2023-11-05T14:00:00Z
York,2023,05-11-2023,15:00:00,72.91617368,131.2396319,104.8092935,2023-11-05T15:00:00Z
York,2023,05-11-2023,16:00:00,28.85694047,93.23312311,66.97751332,2023-11-05T16:00:00Z
York,2023,05-11-2023,17:00:00,67.84941778,146.0768022,97.3714007,2023-11-05T17:00:00Z
York,2023,05-11-2023,18:00:00,33.18196289,91.08068616,67.42367644,2023-11-05T18:00:00Z
York,2023,05-11-2023,19:00:00,46.0741,116.560687,97.36032004,2023-11-05T19:00:00Z
York,2023,05-11-2023,20:00:00,44.66304388,80.24433318,63.38146723,2023-11-05T20:00:00Z
York,2023,05-11-2023,21:00:00,58.89874586,132.3160013,106.9442043,2023-11-05T21:00:00Z
York,2023,05-11-2023,22:00:00,37.5983446,153.1843625,113.2582019,2023-11-05T22:00:00Z
York,2023,05-11-2023,23:00:00,84.94923726,172.6544208,137.826489,2023-11-05T23:00:00Z
York,2023,06-11-2023,00:00:00,10.0571649,-2.049156616,8.803833945,2023-11-06T00:00:00Z
York,2023,06-11-2023,01:00:00,4.88373551,12.14070279,10.34939621,2023-11-06T01:00:00Z
York,2023,06-11-2023,02:00:00,3.9454217,23.81067218,18.98414829,2023-11-06T02:00:00Z
York,2023,06-11-2023,03:00:00,4.977297151,17.69355554,14.16724105,2023-11-06T03:00:00Z
York,2023,06-11-2023,04:00:00,2.738933812,20.70841876,13.45575382,2023-11-06T04:00:00Z
York,2023,06-11-2023,05:00:00,11.25084781,43.26583059,32.55525241,2023-11-06T05:00:00Z
York,2023,06-11-2023,06:00:00,14.64500664,32.33610329,19.87988309,2023-11-06T06:00:00Z
York,2023,06-11-2023,07:00:00,12.84757179,20.03914533,20.37528018,2023-11-06T07:00:00Z
York,2023,06-11-2023,08:00:00,14.39917172,23.07790069,15.59168315,2023-11-06T08:00:00Z
York,2023,06-11-2023,09:00:00,2.589829419,-0.378918089,8.766499052,2023-11-06T09:00:00Z
York,2023,06-11-2023,10:00:00,7.95906041,54.78900256,29.36656982,2023-11-06T10:00:00Z
York,2023,06-11-2023,11:00:00,10.48234592,20.19169064,24.16623338,2023-11-06T11:00:00Z
York,2023,06-11-2023,12:00:00,7.831730222,20.67475681,20.33231818,2023-11-06T12:00:00Z
York,2023,06-11-2023,13:00:00,3.845207156,28.11224152,15.04174696,2023-11-06T13:00:00Z
York,2023,06-11-2023,14:00:00,9.565438903,41.19233524,27.6747048,2023-11-06T14:00:00Z
York,2023,06-11-2023,15:00:00,0,21.100683,6.794783375,2023-11-06T15:00:00Z
York,2023,06-11-2023,16:00:00,16.42904012,21.42324865,22.99038309,2023-11-06T16:00:00Z
York,2023,06-11-2023,17:00:00,7.35272789,8.583543656,17.91201258,2023-11-06T17:00:00Z
York,2023,06-11-2023,18:00:00,6.529461273,0.808601725,6.917805711,2023-11-06T18:00:00Z
York,2023,06-11-2023,19:00:00,2.396397087,25.5875721,14.05104603,2023-11-06T19:00:00Z
York,2023,06-11-2023,20:00:00,6.53725881,17.69345449,11.6044769,2023-11-06T20:00:00Z
York,2023,06-11-2023,21:00:00,6.502485316,31.3494005,26.99835086,2023-11-06T21:00:00Z
York,2023,06-11-2023,22:00:00,7.782000832,21.37904854,15.02808052,2023-11-06T22:00:00Z
York,2023,06-11-2023,23:00:00,0,6.244327035,1.650304969,2023-11-06T23:00:00Z
York,2023,07-11-2023,00:00:00,0,-42.46872723,-13.16919953,2023-11-07T00:00:00Z
York,2023,07-11-2023,01:00:00,11.48091956,5.24061278,11.40512567,2023-11-07T01:00:00Z
York,2023,07-11-2023,02:00:00,0,-0.811572795,5.882609191,2023-11-07T02:00:00Z
York,2023,07-11-2023,03:00:00,0,21.39589981,10.2415586,2023-11-07T03:00:00Z
York,2023,07-11-2023,04:00:00,9.326965373,1.698440501,7.924195847,2023-11-07T04:00:00Z
York,2023,07-11-2023,05:00:00,13.33909922,13.50567941,16.2757745,2023-11-07T05:00:00Z
York,2023,07-11-2023,06:00:00,11.68737548,20.73795569,9.10019338,2023-11-07T06:00:00Z
York,2023,07-11-2023,07:00:00,25.24979952,17.26314568,27.81684315,2023-11-07T07:00:00Z
York,2023,07-11-2023,08:00:00,12.76595424,14.33337806,17.49729654,2023-11-07T08:00:00Z
York,2023,07-11-2023,09:00:00,27.10075993,65.14075012,46.80239331,2023-11-07T09:00:00Z
York,2023,07-11-2023,10:00:00,0,11.78775617,2.346478985,2023-11-07T10:00:00Z
York,2023,07-11-2023,11:00:00,4.640068918,22.6016164,19.98542878,2023-11-07T11:00:00Z
York,2023,07-11-2023,12:00:00,9.687977614,16.99648532,14.1126507,2023-11-07T12:00:00Z
York,2023,07-11-2023,13:00:00,4.332589017,12.91951966,9.32021181,2023-11-07T13:00:00Z
York,2023,07-11-2023,14:00:00,4.867692735,38.69479174,17.69143755,2023-11-07T14:00:00Z
York,2023,07-11-2023,15:00:00,8.422769765,24.14667578,16.76963612,2023-11-07T15:00:00Z
York,2023,07-11-2023,16:00:00,11.75205486,28.58627267,24.07682268,2023-11-07T16:00:00Z
York,2023,07-11-2023,17:00:00,9.699900383,9.497214616,2.525890888,2023-11-07T17:00:00Z
York,2023,07-11-2023,18:00:00,20.6645676,8.703435064,15.11321267,2023-11-07T18:00:00Z
York,2023,07-11-2023,19:00:00,3.485460862,-0.18884462900000001,7.725953117,2023-11-07T19:00:00Z
York,2023,07-11-2023,20:00:00,5.07766369,13.88061601,3.957894055,2023-11-07T20:00:00Z
York,2023,07-11-2023,21:00:00,13.16584552,32.26371715,21.31737097,2023-11-07T21:00:00Z
York,2023,07-11-2023,22:00:00,10.38435305,8.702920565,19.41987716,2023-11-07T22:00:00Z
York,2023,07-11-2023,23:00:00,5.124452891,11.61269988,9.897968357,2023-11-07T23:00:00Z
York,2023,08-11-2023,00:00:00,2.708246617,14.52599455,15.39235092,2023-11-08T00:00:00Z
York,2023,08-11-2023,01:00:00,18.47993698,32.77780102,18.35524907,2023-11-08T01:00:00Z
York,2023,08-11-2023,02:00:00,1.893569843,24.82149636,13.72046829,2023-11-08T02:00:00Z
York,2023,08-11-2023,03:00:00,7.681939447,14.81666604,8.145306222,2023-11-08T03:00:00Z
York,2023,08-11-2023,04:00:00,5.704064837,28.06374503,19.74012632,2023-11-08T04:00:00Z
York,2023,08-11-2023,05:00:00,3.954778891,26.72368287,16.68805956,2023-11-08T05:00:00Z
York,2023,08-11-2023,06:00:00,0,16.90223232,10.20575735,2023-11-08T06:00:00Z
York,2023,08-11-2023,07:00:00,16.54998969,43.89246497,24.88077058,2023-11-08T07:00:00Z
York,2023,08-11-2023,08:00:00,0,-12.6173486,0.172221068,2023-11-08T08:00:00Z
York,2023,08-11-2023,09:00:00,0,-23.32964298,-2.854340308,2023-11-08T09:00:00Z
York,2023,08-11-2023,10:00:00,9.802513653,22.19194738,21.63333281,2023-11-08T10:00:00Z
York,2023,08-11-2023,11:00:00,9.873962167,25.52351136,14.12324655,2023-11-08T11:00:00Z
York,2023,08-11-2023,12:00:00,21.70317499,53.45968173,37.38169372,2023-11-08T12:00:00Z
York,2023,08-11-2023,13:00:00,2.292567635,33.57347089,13.52236072,2023-11-08T13:00:00Z
York,2023,08-11-2023,14:00:00,5.210766898,10.41497497,6.124314896,2023-11-08T14:00:00Z
York,2023,08-11-2023,15:00:00,6.760447059,20.3160032,14.56137699,2023-11-08T15:00:00Z
York,2023,08-11-2023,16:00:00,0,-11.03881989,4.3736462,2023-11-08T16:00:00Z
York,2023,08-11-2023,17:00:00,16.8467194,-6.509474776,10.81884631,2023-11-08T17:00:00Z
York,2023,08-11-2023,18:00:00,10.06672687,18.54284502,11.53919152,2023-11-08T18:00:00Z
York,2023,08-11-2023,19:00:00,7.695206957,-3.457753339,2.672050624,2023-11-08T19:00:00Z
York,2023,08-11-2023,20:00:00,5.809304166,8.142682403,19.96801982,2023-11-08T20:00:00Z
York,2023,08-11-2023,21:00:00,10.1629776,32.61800355,17.25129939,2023-11-08T21:00:00Z
York,2023,08-11-2023,22:00:00,7.166860571,13.87677286,13.34934997,2023-11-08T22:00:00Z
York,2023,08-11-2023,23:00:00,5.744029838,-2.213286332,10.27715568,2023-11-08T23:00:00Z
York,2023,09-11-2023,00:00:00,9.391915814,28.4027641,30.83050567,2023-11-09T00:00:00Z
York,2023,09-11-2023,01:00:00,0,-4.743656185,3.350939487,2023-11-09T01:00:00Z
York,2023,09-11-2023,02:00:00,16.6318904,33.3226836,22.53302402,2023-11-09T02:00:00Z
York,2023,09-11-2023,03:00:00,11.73335695,34.75115492,24.9290805,2023-11-09T03:00:00Z
York,2023,09-11-2023,04:00:00,2.784242461,37.79770469,15.26589155,2023-11-09T04:00:00Z
York,2023,09-11-2023,05:00:00,15.86250173,27.48406027,19.66067189,2023-11-09T05:00:00Z
York,2023,09-11-2023,06:00:00,6.942886558,8.723807188,20.6668027,2023-11-09T06:00:00Z
York,2023,09-11-2023,07:00:00,1.228874638,1.857172386,4.476517524,2023-11-09T07:00:00Z
York,2023,09-11-2023,08:00:00,6.501883211,12.49731215,12.1622287,2023-11-09T08:00:00Z
York,2023,09-11-2023,09:00:00,10.6200208,14.57155226,12.7897113,2023-11-09T09:00:00Z
York,2023,09-11-2023,10:00:00,4.982948788,31.41225164,7.971611235,2023-11-09T10:00:00Z
York,2023,09-11-2023,11:00:00,4.661773362,16.48558504,18.7724841,2023-11-09T11:00:00Z
York,2023,09-11-2023,12:00:00,5.258815234,26.37466726,19.8825529,2023-11-09T12:00:00Z
York,2023,09-11-2023,13:00:00,2.325159675,-9.588027062,-4.622301175,2023-11-09T13:00:00Z
York,2023,09-11-2023,14:00:00,0,20.70301104,4.695474788,2023-11-09T14:00:00Z
York,2023,09-11-2023,15:00:00,7.022178673,8.019449801,6.4740877,2023-11-09T15:00:00Z
York,2023,09-11-2023,16:00:00,12.32667352,15.98071549,17.75391009,2023-11-09T16:00:00Z
York,2023,09-11-2023,17:00:00,0,10.26689406,12.47504429,2023-11-09T17:00:00Z
York,2023,09-11-2023,18:00:00,13.25068727,22.7873898,16.76215201,2023-11-09T18:00:00Z
York,2023,09-11-2023,19:00:00,0,-19.59946125,0.669518897,2023-11-09T19:00:00Z
York,2023,09-11-2023,20:00:00,14.42397764,7.179995823,13.48605274,2023-11-09T20:00:00Z
York,2023,09-11-2023,21:00:00,8.728973463,33.86757811,18.6879074,2023-11-09T21:00:00Z
York,2023,09-11-2023,22:00:00,0,14.92089489,3.996769006,2023-11-09T22:00:00Z
York,2023,09-11-2023,23:00:00,2.789290944,1.045275694,5.294876774,2023-11-09T23:00:00Z
York,2023,10-11-2023,00:00:00,17.52713642,24.10889943,17.42398807,2023-11-10T00:00:00Z
York,2023,10-11-2023,01:00:00,10.72858743,-0.519722135,3.348759431,2023-11-10T01:00:00Z
York,2023,10-11-2023,02:00:00,20.65067088,52.30172766,32.18797334,2023-11-10T02:00:00Z
York,2023,10-11-2023,03:00:00,3.209944312,18.63125695,11.47481898,2023-11-10T03:00:00Z
York,2023,10-11-2023,04:00:00,13.31601049,11.50291534,25.66432972,2023-11-10T04:00:00Z
York,2023,10-11-2023,05:00:00,21.36665085,11.90517333,16.55686254,2023-11-10T05:00:00Z
York,2023,10-11-2023,06:00:00,0,8.497835827,0.69392027,2023-11-10T06:00:00Z
York,2023,10-11-2023,07:00:00,7.456246676,-9.57190413,4.770671071,2023-11-10T07:00:00Z
York,2023,10-11-2023,08:00:00,3.879604024,9.53431916,8.973925877,2023-11-10T08:00:00Z
York,2023,10-11-2023,09:00:00,11.61044357,4.866600845,7.048984342,2023-11-10T09:00:00Z
York,2023,10-11-2023,10:00:00,14.48009408,20.93488099,23.14746525,2023-11-10T10:00:00Z
York,2023,10-11-2023,11:00:00,13.14997635,19.00814484,17.4046402,2023-11-10T11:00:00Z
York,2023,10-11-2023,12:00:00,4.850137478,8.608874571,6.544213115,2023-11-10T12:00:00Z
York,2023,10-11-2023,13:00:00,11.26982088,35.29706711,21.19352449,2023-11-10T13:00:00Z
York,2023,10-11-2023,14:00:00,0,4.89201375,6.87274991,2023-11-10T14:00:00Z
York,2023,10-11-2023,15:00:00,10.09934826,33.43439299,11.44423433,2023-11-10T15:00:00Z
York,2023,10-11-2023,16:00:00,2.378101671,4.367963693,12.96817087,2023-11-10T16:00:00Z
York,2023,10-11-2023,17:00:00,0,26.4999724,4.636589162,2023-11-10T17:00:00Z
York,2023,10-11-2023,18:00:00,13.32091115,30.28677701,18.78795968,2023-11-10T18:00:00Z
York,2023,10-11-2023,19:00:00,5.300530992,20.35649951,5.80354358,2023-11-10T19:00:00Z
York,2023,10-11-2023,20:00:00,6.881039017,19.38809825,14.14843038,2023-11-10T20:00:00Z
York,2023,10-11-2023,21:00:00,11.02757973,24.96917659,14.35657044,2023-11-10T21:00:00Z
York,2023,10-11-2023,22:00:00,18.34076767,12.28711648,18.01806943,2023-11-10T22:00:00Z
York,2023,10-11-2023,23:00:00,7.40788498,19.82190761,13.76744572,2023-11-10T23:00:00Z
York,2024,01-11-2024,00:00:00,7.688141004,25.22951562,16.67138544,2024-11-01T00:00:00Z
York,2024,01-11-2024,01:00:00,12.22939867,59.20276967,28.7649402,2024-11-01T01:00:00Z
York,2024,01-11-2024,02:00:00,4.21967177,22.20298987,13.73509797,2024-11-01T02:00:00Z
York,2024,01-11-2024,03:00:00,3.317261363,30.44988702,18.22492318,2024-11-01T03:00:00Z
York,2024,01-11-2024,04:00:00,0,16.84314232,6.532426518,2024-11-01T04:00:00Z
York,2024,01-11-2024,05:00:00,15.17707051,16.3766752,13.64760532,2024-11-01T05:00:00Z
York,2024,01-11-2024,06:00:00,17.65632849,18.23687666,3.833380562,2024-11-01T06:00:00Z
York,2024,01-11-2024,07:00:00,10.8608977,26.89849257,23.88627389,2024-11-01T07:00:00Z
York,2024,01-11-2024,08:00:00,7.72223664,31.95800554,26.81065893,2024-11-01T08:00:00Z
York,2024,01-11-2024,09:00:00,10.47332281,18.77123374,17.05421134,2024-11-01T09:00:00Z
York,2024,01-11-2024,10:00:00,0,15.97840859,14.01131323,2024-11-01T10:00:00Z
York,2024,01-11-2024,11:00:00,0.23356741,4.203553448,0.75062176,2024-11-01T11:00:00Z
York,2024,01-11-2024,12:00:00,6.779293674,21.13308955,19.25216831,2024-11-01T12:00:00Z
York,2024,01-11-2024,13:00:00,21.18086579,17.52264408,20.37439514,2024-11-01T13:00:00Z
York,2024,01-11-2024,14:00:00,11.51436375,35.46356653,31.08410984,2024-11-01T14:00:00Z
York,2024,01-11-2024,15:00:00,0,10.26906018,12.23364179,2024-11-01T15:00:00Z
York,2024,01-11-2024,16:00:00,3.00944668,16.94910621,10.61842792,2024-11-01T16:00:00Z
York,2024,01-11-2024,17:00:00,0,21.98117529,12.55469248,2024-11-01T17:00:00Z
York,2024,01-11-2024,18:00:00,5.889977223,14.71681882,20.59017776,2024-11-01T18:00:00Z
York,2024,01-11-2024,19:00:00,2.361444788,10.84152219,7.045555758,2024-11-01T19:00:00Z
York,2024,01-11-2024,20:00:00,13.85714813,32.93596901,13.13775685,2024-11-01T20:00:00Z
York,2024,01-11-2024,21:00:00,0.833093413,7.615778919,11.64330235,2024-11-01T21:00:00Z
York,2024,01-11-2024,22:00:00,8.124089707,-2.362182949,4.345869915,2024-11-01T22:00:00Z
York,2024,01-11-2024,23:00:00,6.038159493,24.99138552,16.13745453,2024-11-01T23:00:00Z
York,2024,02-11-2024,00:00:00,12.50800659,26.71351424,19.59354483,2024-11-02T00:00:00Z
York,2024,02-11-2024,01:00:00,0,21.90123334,3.611585338,2024-11-02T01:00:00Z
York,2024,02-11-2024,02:00:00,4.076404658,27.12276937,15.16393615,2024-11-02T02:00:00Z
York,2024,02-11-2024,03:00:00,12.36971669,31.0720802,16.26340722,2024-11-02T03:00:00Z
York,2024,02-11-2024,04:00:00,14.2468766,20.22761974,9.236247693,2024-11-02T04:00:00Z
York,2024,02-11-2024,05:00:00,10.86161852,14.02655426,14.53898721,2024-11-02T05:00:00Z
York,2024,02-11-2024,06:00:00,1.211143166,0.326273059,3.251744623,2024-11-02T06:00:00Z
York,2024,02-11-2024,07:00:00,9.13000861,12.00878321,8.080094633,2024-11-02T07:00:00Z
York,2024,02-11-2024,08:00:00,10.43150112,2.319040507,4.208095308,2024-11-02T08:00:00Z
York,2024,02-11-2024,09:00:00,23.03901566,20.25532157,18.90426083,2024-11-02T09:00:00Z
York,2024,02-11-2024,10:00:00,2.760537865,29.36166428,16.48274803,2024-11-02T10:00:00Z
York,2024,02-11-2024,11:00:00,2.816260729,14.17725316,4.952209796,2024-11-02T11:00:00Z
York,2024,02-11-2024,12:00:00,7.455099073,33.81520612,20.76231674,2024-11-02T12:00:00Z
York,2024,02-11-2024,13:00:00,7.210254206,31.62381113,20.29175528,2024-11-02T13:00:00Z
York,2024,02-11-2024,14:00:00,5.849557322,27.94484276,18.91069078,2024-11-02T14:00:00Z
York,2024,02-11-2024,15:00:00,0,0.828205227,0.221457822,2024-11-02T15:00:00Z
York,2024,02-11-2024,16:00:00,10.18622838,22.73409656,15.03746829,2024-11-02T16:00:00Z
York,2024,02-11-2024,17:00:00,12.15393217,34.27604074,19.38632511,2024-11-02T17:00:00Z
York,2024,02-11-2024,18:00:00,5.403411755,1.507239679,-2.004597657,2024-11-02T18:00:00Z
York,2024,02-11-2024,19:00:00,6.984614297,11.79696688,18.19205189,2024-11-02T19:00:00Z
York,2024,02-11-2024,20:00:00,23.54070274,39.61402704,33.87477656,2024-11-02T20:00:00Z
York,2024,02-11-2024,21:00:00,24.25539488,39.12719321,22.88137709,2024-11-02T21:00:00Z
York,2024,02-11-2024,22:00:00,1.880539073,31.64136405,22.02717243,2024-11-02T22:00:00Z
York,2024,02-11-2024,23:00:00,10.20170862,26.1542642,22.10897247,2024-11-02T23:00:00Z
York,2024,03-11-2024,00:00:00,17.33516177,0.643982448,15.58721665,2024-11-03T00:00:00Z
York,2024,03-11-2024,01:00:00,3.319900316,37.24940328,17.81276581,2024-11-03T01:00:00Z
York,2024,03-11-2024,02:00:00,0,1.445367564,10.74447232,2024-11-03T02:00:00Z
York,2024,03-11-2024,03:00:00,0,-6.085544549,-0.432216372,2024-11-03T03:00:00Z
York,2024,03-11-2024,04:00:00,7.011378159,24.36979964,24.26889788,2024-11-03T04:00:00Z
York,2024,03-11-2024,05:00:00,1.674229906,16.09995047,10.29670793,2024-11-03T05:00:00Z
York,2024,03-11-2024,06:00:00,8.112163274,6.296009257,1.224917869,2024-11-03T06:00:00Z
York,2024,03-11-2024,07:00:00,18.14118813,-5.505494029,12.97944753,2024-11-03T07:00:00Z
York,2024,03-11-2024,08:00:00,0.852677902,8.033363165,5.945101266,2024-11-03T08:00:00Z
York,2024,03-11-2024,09:00:00,20.40024903,13.59698948,16.71441778,2024-11-03T09:00:00Z
York,2024,03-11-2024,10:00:00,7.064125026,15.48975377,7.16639101,2024-11-03T10:00:00Z
York,2024,03-11-2024,11:00:00,0.976672786,15.05280316,3.796088433,2024-11-03T11:00:00Z
York,2024,03-11-2024,12:00:00,9.162279284,39.75042712,18.49886523,2024-11-03T12:00:00Z
York,2024,03-11-2024,13:00:00,0,33.78563163,19.36571571,2024-11-03T13:00:00Z
York,2024,03-11-2024,14:00:00,10.41737444,27.7599236,20.65680307,2024-11-03T14:00:00Z
York,2024,03-11-2024,15:00:00,7.641685806,-2.857818787,8.916660878,2024-11-03T15:00:00Z
York,2024,03-11-2024,16:00:00,2.981115071,8.820974977,3.703997667,2024-11-03T16:00:00Z
York,2024,03-11-2024,17:00:00,0,24.18702075,10.79711398,2024-11-03T17:00:00Z
York,2024,03-11-2024,18:00:00,13.61585121,14.14133266,3.58474333,2024-11-03T18:00:00Z
York,2024,03-11-2024,19:00:00,6.331838025,16.34417231,24.09408068,2024-11-03T19:00:00Z
York,2024,03-11-2024,20:00:00,7.145649139,46.86785182,27.51466552,2024-11-03T20:00:00Z
York,2024,03-11-2024,21:00:00,9.480884148,18.62909853,21.00024968,2024-11-03T21:00:00Z
York,2024,03-11-2024,22:00:00,9.345270378,12.08029164,8.561603307,2024-11-03T22:00:00Z
York,2024,03-11-2024,23:00:00,8.569444315,20.21085511,19.12650532,2024-11-03T23:00:00Z
York,2024,04-11-2024,00:00:00,1.458940766,2.421695409,3.941637243,2024-11-04T00:00:00Z
York,2024,04-11-2024,01:00:00,9.027702068,33.04425529,18.61982334,2024-11-04T01:00:00Z
York,2024,04-11-2024,02:00:00,9.422377748,25.58584201,16.03626437,2024-11-04T02:00:00Z
York,2024,04-11-2024,03:00:00,1.115808873,11.83546652,9.139358229,2024-11-04T03:00:00Z
York,2024,04-11-2024,04:00:00,0,8.26273279,5.517195578,2024-11-04T04:00:00Z
York,2024,04-11-2024,05:00:00,22.68290157,41.63768196,32.52529709,2024-11-04T05:00:00Z
York,2024,04-11-2024,06:00:00,13.32524662,9.306584991,9.290095401,2024-11-04T06:00:00Z
York,2024,04-11-2024,07:00:00,11.19056067,0.560587494,19.96508572,2024-11-04T07:00:00Z
York,2024,04-11-2024,08:00:00,2.364973217,18.91611496,17.75829737,2024-11-04T08:00:00Z
York,2024,04-11-2024,09:00:00,3.224619121,5.582291845,15.23866016,2024-11-04T09:00:00Z
York,2024,04-11-2024,10:00:00,23.73245458,34.82204557,25.51374504,2024-11-04T10:00:00Z
York,2024,04-11-2024,11:00:00,5.428086425,18.52361556,17.68535957,2024-11-04T11:00:00Z
York,2024,04-11-2024,12:00:00,18.14485487,23.90737551,25.62012062,2024-11-04T12:00:00Z
York,2024,04-11-2024,13:00:00,8.567018969,-6.665326962,-0.488978966,2024-11-04T13:00:00Z
York,2024,04-11-2024,14:00:00,13.95637842,68.43010586,26.16817468,2024-11-04T14:00:00Z
York,2024,04-11-2024,15:00:00,3.181963737,13.61878139,11.66971095,2024-11-04T15:00:00Z
York,2024,04-11-2024,16:00:00,5.713142388,22.84065699,20.33313913,2024-11-04T16:00:00Z
York,2024,04-11-2024,17:00:00,7.023137163,15.43374856,16.86257415,2024-11-04T17:00:00Z
York,2024,04-11-2024,18:00:00,9.508171073,19.99332463,18.16432591,2024-11-04T18:00:00Z
York,2024,04-11-2024,19:00:00,17.13232154,50.60037273,17.84804284,2024-11-04T19:00:00Z
York,2024,04-11-2024,20:00:00,2.30694835,47.5554735,31.16650988,2024-11-04T20:00:00Z
York,2024,04-11-2024,21:00:00,13.64673039,19.43819132,16.52722913,2024-11-04T21:00:00Z
York,2024,04-11-2024,22:00:00,7.328967255,25.42041056,10.84096942,2024-11-04T22:00:00Z
York,2024,04-11-2024,23:00:00,10.45058183,18.63593589,23.23526182,2024-11-04T23:00:00Z
York,2024,05-11-2024,00:00:00,72.98818733,157.3123275,115.8362167,2024-11-05T00:00:00Z
York,2024,05-11-2024,01:00:00,33.25690202,81.90898452,73.06290965,2024-11-05T01:00:00Z
York,2024,05-11-2024,02:00:00,39.63417869,83.74566226,54.25467061,2024-11-05T02:00:00Z
York,2024,05-11-2024,03:00:00,67.37162686,139.7968663,103.073336,2024-11-05T03:00:00Z
York,2024,05-11-2024,04:00:00,51.94705985,101.1740115,87.94962847,2024-11-05T04:00:00Z
York,2024,05-11-2024,05:00:00,47.85360661,119.92736,85.73446696,2024-11-05T05:00:00Z
York,2024,05-11-2024,06:00:00,32.53585509,88.8619796,77.14816678,2024-11-05T06:00:00Z
York,2024,05-11-2024,07:00:00,66.96424334,137.5282415,99.43946549,2024-11-05T07:00:00Z
York,2024,05-11-2024,08:00:00,58.64407425,111.1353289,94.61254217,2024-11-05T08:00:00Z
York,2024,05-11-2024,09:00:00,42.20126002,90.02601589,61.04742762,2024-11-05T09:00:00Z
York,2024,05-11-2024,10:00:00,55.41479985,118.5259834,91.36680058,2024-11-05T10:00:00Z
York,2024,05-11-2024,11:00:00,37.04254092,73.0100825,59.46727609,2024-11-05T11:00:00Z
York,2024,05-11-2024,12:00:00,58.16130002,109.6471359,83.22482739,2024-11-05T12:00:00Z
York,2024,05-11-2024,13:00:00,82.48216177,168.1850751,128.7226546,2024-11-05T13:00:00Z
York,2024,05-11-2024,14:00:00,58.88955642,150.9976101,108.1801638,2024-11-05T14:00:00Z
York,2024,05-11-2024,15:00:00,26.09161688,68.95280941,49.85196334,2024-11-05T15:00:00Z
York,2024,05-11-2024,16:00:00,59.9186422,96.48077424,77.4275776,2024-11-05T16:00:00Z
York,2024,05-11-2024,17:00:00,32.41188473,115.2669598,74.85941221,2024-11-05T17:00:00Z
York,2024,05-11-2024,18:00:00,39.56790735,93.66223538,70.03975696,2024-11-05T18:00:00Z
York,2024,05-11-2024,19:00:00,75.964763,154.0089512,120.0275569,2024-11-05T19:00:00Z
York,2024,05-11-2024,20:00:00,57.46232763,124.1361393,88.51642835,2024-11-05T20:00:00Z
York,2024,05-11-2024,21:00:00,37.46514673,74.07813748,59.48069022,2024-11-05T21:00:00Z
York,2024,05-11-2024,22:00:00,70.67145196,172.1645035,124.4188897,2024-11-05T22:00:00Z
York,2024,05-11-2024,23:00:00,53.68712112,155.6428258,130.1990168,2024-11-05T23:00:00Z
York,2024,06-11-2024,00:00:00,0.664773138,-19.42133533,-4.897922103,2024-11-06T00:00:00Z
York,2024,06-11-2024,01:00:00,11.43355134,15.04654965,16.58319761,2024-11-06T01:00:00Z
York,2024,06-11-2024,02:00:00,26.50739813,41.62928874,30.96483293,2024-11-06T02:00:00Z
York,2024,06-11-2024,03:00:00,12.31174306,33.83733697,18.28148589,2024-11-06T03:00:00Z
York,2024,06-11-2024,04:00:00,7.138618629,-6.600744735,11.25182051,2024-11-06T04:00:00Z
York,2024,06-11-2024,05:00:00,2.843052831,-1.15916375,-4.5411249400000004,2024-11-06T05:00:00Z
York,2024,06-11-2024,06:00:00,5.208282909,22.13316951,13.64133511,2024-11-06T06:00:00Z
York,2024,06-11-2024,07:00:00,4.110480062,-14.32558566,-3.331432405,2024-11-06T07:00:00Z
York,2024,06-11-2024,08:00:00,7.813645615,47.33880116,18.14375136,2024-11-06T08:00:00Z
York,2024,06-11-2024,09:00:00,15.49368578,32.15236782,16.48780385,2024-11-06T09:00:00Z
York,2024,06-11-2024,10:00:00,11.89789028,27.22065557,23.420098,2024-11-06T10:00:00Z
York,2024,06-11-2024,11:00:00,0,16.59327424,1.69994974,2024-11-06T11:00:00Z
York,2024,06-11-2024,12:00:00,0.496566698,-6.627113282,8.085657273,2024-11-06T12:00:00Z
York,2024,06-11-2024,13:00:00,14.01329902,42.27115425,21.78683269,2024-11-06T13:00:00Z
York,2024,06-11-2024,14:00:00,9.066275016,7.137062064,4.783752395,2024-11-06T14:00:00Z
York,2024,06-11-2024,15:00:00,12.20998451,22.09872835,14.82430326,2024-11-06T15:00:00Z
York,2024,06-11-2024,16:00:00,7.8632718,34.1338875,15.32255994,2024-11-06T16:00:00Z
York,2024,06-11-2024,17:00:00,17.52090653,9.392045946,11.67520085,2024-11-06T17:00:00Z
York,2024,06-11-2024,18:00:00,10.32026167,24.6052711,24.05103642,2024-11-06T18:00:00Z
York,2024,06-11-2024,19:00:00,2.995871434,20.8803362,12.6199606,2024-11-06T19:00:00Z
York,2024,06-11-2024,20:00:00,13.83803838,29.84554794,20.54744133,2024-11-06T20:00:00Z
York,2024,06-11-2024,21:00:00,5.065802575,11.72166835,15.91623226,2024-11-06T21:00:00Z
York,2024,06-11-2024,22:00:00,12.67489321,25.81293163,11.0442496,2024-11-06T22:00:00Z
York,2024,06-11-2024,23:00:00,0,14.54174149,8.170522385,2024-11-06T23:00:00Z
York,2024,07-11-2024,00:00:00,21.92353482,42.00783084,28.30406843,2024-11-07T00:00:00Z
York,2024,07-11-2024,01:00:00,12.9323418,36.33109016,19.82682566,2024-11-07T01:00:00Z
York,2024,07-11-2024,02:00:00,13.89363432,30.18243619,20.54617326,2024-11-07T02:00:00Z
York,2024,07-11-2024,03:00:00,18.82830042,24.78840678,26.29944152,2024-11-07T03:00:00Z
York,2024,07-11-2024,04:00:00,9.584464836,18.41381051,8.584955488,2024-11-07T04:00:00Z
York,2024,07-11-2024,05:00:00,2.51672375,4.689054586,6.035166331,2024-11-07T05:00:00Z
York,2024,07-11-2024,06:00:00,18.42434799,44.76208847,21.55191011,2024-11-07T06:00:00Z
York,2024,07-11-2024,07:00:00,0,19.18948662,16.2314028,2024-11-07T07:00:00Z
York,2024,07-11-2024,08:00:00,21.83753063,46.69145454,24.28348747,2024-11-07T08:00:00Z
York,2024,07-11-2024,09:00:00,14.11926218,11.15175123,12.47751031,2024-11-07T09:00:00Z
York,2024,07-11-2024,10:00:00,5.010565366,21.68176856,16.48230265,2024-11-07T10:00:00Z
York,2024,07-11-2024,11:00:00,5.39769204,11.18622657,0.831190476,2024-11-07T11:00:00Z
York,2024,07-11-2024,12:00:00,15.72425439,39.81230567,30.85216118,2024-11-07T12:00:00Z
York,2024,07-11-2024,13:00:00,5.872127268,-8.96275447,2.742481574,2024-11-07T13:00:00Z
York,2024,07-11-2024,14:00:00,11.65190742,24.31368644,9.032324812,2024-11-07T14:00:00Z
York,2024,07-11-2024,15:00:00,10.51829891,19.12704728,15.52107594,2024-11-07T15:00:00Z
York,2024,07-11-2024,16:00:00,8.72310071,16.2437198,9.968746965,2024-11-07T16:00:00Z
York,2024,07-11-2024,17:00:00,5.181815488,-3.776775484,7.497250953,2024-11-07T17:00:00Z
York,2024,07-11-2024,18:00:00,2.941035939,4.625237123,15.27495541,2024-11-07T18:00:00Z
York,2024,07-11-2024,19:00:00,0.495224043,33.55149443,17.68525273,2024-11-07T19:00:00Z
York,2024,07-11-2024,20:00:00,12.79665044,15.29689926,21.6994805,2024-11-07T20:00:00Z
York,2024,07-11-2024,21:00:00,14.51598832,20.13980208,18.43835524,2024-11-07T21:00:00Z
York,2024,07-11-2024,22:00:00,13.60775693,31.2815669,22.05549015,2024-11-07T22:00:00Z
York,2024,07-11-2024,23:00:00,0,8.46806408,16.11575799,2024-11-07T23:00:00Z
York,2024,08-11-2024,00:00:00,7.323288463,33.321507,16.19280555,2024-11-08T00:00:00Z
York,2024,08-11-2024,01:00:00,4.758053417,9.174415199,9.082386285,2024-11-08T01:00:00Z
York,2024,08-11-2024,02:00:00,3.648094412,-5.487308247,9.91597429,2024-11-08T02:00:00Z
York,2024,08-11-2024,03:00:00,1.950847002,9.683034097,11.75394637,2024-11-08T03:00:00Z
York,2024,08-11-2024,04:00:00,14.76318035,19.40312252,22.564758,2024-11-08T04:00:00Z
York,2024,08-11-2024,05:00:00,15.64366235,56.26906773,24.94812534,2024-11-08T05:00:00Z
York,2024,08-11-2024,06:00:00,18.71707333,37.21506265,26.67268529,2024-11-08T06:00:00Z
York,2024,08-11-2024,07:00:00,14.40974253,36.34385291,20.0818716,2024-11-08T07:00:00Z
York,2024,08-11-2024,08:00:00,8.921106352,44.22375245,19.07645528,2024-11-08T08:00:00Z
York,2024,08-11-2024,09:00:00,12.65937093,13.96785259,9.620694564,2024-11-08T09:00:00Z
York,2024,08-11-2024,10:00:00,9.347802272,14.66680919,15.89749503,2024-11-08T10:00:00Z
York,2024,08-11-2024,11:00:00,9.369068065,24.0286016,15.61794599,2024-11-08T11:00:00Z
York,2024,08-11-2024,12:00:00,10.61675545,25.89145135,17.42603281,2024-11-08T12:00:00Z
York,2024,08-11-2024,13:00:00,10.62895853,53.8542528,24.57551609,2024-11-08T13:00:00Z
York,2024,08-11-2024,14:00:00,0,9.151946258,1.088750493,2024-11-08T14:00:00Z
York,2024,08-11-2024,15:00:00,1.586595339,16.01568016,10.45546035,2024-11-08T15:00:00Z
York,2024,08-11-2024,16:00:00,5.922429613,49.22329387,18.872833580000002,2024-11-08T16:00:00Z
York,2024,08-11-2024,17:00:00,12.24806828,34.08124777,19.85492765,2024-11-08T17:00:00Z
York,2024,08-11-2024,18:00:00,5.520004897,12.24814401,13.8723569,2024-11-08T18:00:00Z
York,2024,08-11-2024,19:00:00,5.46272815,15.34074052,21.64913617,2024-11-08T19:00:00Z
York,2024,08-11-2024,20:00:00,6.154593722,3.742521393,5.202645383,2024-11-08T20:00:00Z
York,2024,08-11-2024,21:00:00,13.45403163,45.07393034,26.75440012,2024-11-08T21:00:00Z
York,2024,08-11-2024,22:00:00,16.18785841,11.51160034,15.66727443,2024-11-08T22:00:00Z
York,2024,08-11-2024,23:00:00,18.95342297,43.86149486,30.3946377,2024-11-08T23:00:00Z
York,2024,09-11-2024,00:00:00,2.067287525,23.04663797,13.94844663,2024-11-09T00:00:00Z
York,2024,09-11-2024,01:00:00,28.13405902,31.14713959,29.63773189,2024-11-09T01:00:00Z
York,2024,09-11-2024,02:00:00,18.10899564,46.44066009,25.94315444,2024-11-09T02:00:00Z
York,2024,09-11-2024,03:00:00,10.99151151,14.56742395,15.13875696,2024-11-09T03:00:00Z
York,2024,09-11-2024,04:00:00,1.215744296,7.677386878,10.7855053,2024-11-09T04:00:00Z
York,2024,09-11-2024,05:00:00,0,10.65579097,-0.987012468,2024-11-09T05:00:00Z
York,2024,09-11-2024,06:00:00,12.95583204,28.27275132,13.15443213,2024-11-09T06:00:00Z
York,2024,09-11-2024,07:00:00,9.229594193,6.345824444,13.26844893,2024-11-09T07:00:00Z
York,2024,09-11-2024,08:00:00,12.09970136,36.29279189,21.13713454,2024-11-09T08:00:00Z
York,2024,09-11-2024,09:00:00,0,17.58076124,7.369298353,2024-11-09T09:00:00Z
York,2024,09-11-2024,10:00:00,15.92501825,20.93280472,10.52936247,2024-11-09T10:00:00Z
York,2024,09-11-2024,11:00:00,15.39777769,18.22505121,12.58017594,2024-11-09T11:00:00Z
York,2024,09-11-2024,12:00:00,11.38613307,13.62662795,13.76926212,2024-11-09T12:00:00Z
York,2024,09-11-2024,13:00:00,10.31593238,19.68526295,13.7655451,2024-11-09T13:00:00Z
York,2024,09-11-2024,14:00:00,4.37516412,25.54750631,9.205163493,2024-11-09T14:00:00Z
York,2024,09-11-2024,15:00:00,4.299609904,8.41206684,3.294535987,2024-11-09T15:00:00Z
York,2024,09-11-2024,16:00:00,0,22.39236448,3.319784503,2024-11-09T16:00:00Z
York,2024,09-11-2024,17:00:00,11.27045808,22.55414266,26.54234565,2024-11-09T17:00:00Z
York,2024,09-11-2024,18:00:00,14.54861217,35.87947378,15.71417042,2024-11-09T18:00:00Z
York,2024,09-11-2024,19:00:00,0,-0.923297597,4.691606361,2024-11-09T19:00:00Z
York,2024,09-11-2024,20:00:00,0,-5.294655357,-2.954865146,2024-11-09T20:00:00Z
York,2024,09-11-2024,21:00:00,14.76948201,12.60313864,20.30170029,2024-11-09T21:00:00Z
York,2024,09-11-2024,22:00:00,8.239491071,24.81081825,14.74003385,2024-11-09T22:00:00Z
York,2024,09-11-2024,23:00:00,10.53162812,35.10463809,19.17936177,2024-11-09T23:00:00Z
York,2024,10-11-2024,00:00:00,8.188230594,36.77831325,28.45598802,2024-11-10T00:00:00Z
York,2024,10-11-2024,01:00:00,0.221367978,16.88591662,8.41392036,2024-11-10T01:00:00Z
York,2024,10-11-2024,02:00:00,2.610960487,30.02141207,18.72864694,2024-11-10T02:00:00Z
York,2024,10-11-2024,03:00:00,8.431970191,9.095817517,9.995003034,2024-11-10T03:00:00Z
York,2024,10-11-2024,04:00:00,12.82901123,33.66260297,28.49723749,2024-11-10T04:00:00Z
York,2024,10-11-2024,05:00:00,16.39904658,41.21751755,24.91275828,2024-11-10T05:00:00Z
York,2024,10-11-2024,06:00:00,12.10654163,33.58866308,25.28113107,2024-11-10T06:00:00Z
York,2024,10-11-2024,07:00:00,11.86699882,30.72261686,18.46830437,2024-11-10T07:00:00Z
York,2024,10-11-2024,08:00:00,0,-5.696053366,0.995932158,2024-11-10T08:00:00Z
York,2024,10-11-2024,09:00:00,17.41635572,36.2575975,25.47928023,2024-11-10T09:00:00Z
York,2024,10-11-2024,10:00:00,2.517704524,11.37917314,16.04656519,2024-11-10T10:00:00Z
York,2024,10-11-2024,11:00:00,2.863072002,21.80941483,7.36534955,2024-11-10T11:00:00Z
York,2024,10-11-2024,12:00:00,21.88531622,43.92089077,33.02849178,2024-11-10T12:00:00Z
York,2024,10-11-2024,13:00:00,16.75657165,20.93837764,17.22047411,2024-11-10T13:00:00Z
York,2024,10-11-2024,14:00:00,0,18.4265806,17.13738808,2024-11-10T14:00:00Z
York,2024,10-11-2024,15:00:00,6.780929857,21.96543189,15.74480946,2024-11-10T15:00:00Z
York,2024,10-11-2024,16:00:00,7.004792201,22.47157988,11.88604374,2024-11-10T16:00:00Z
York,2024,10-11-2024,17:00:00,0.312674042,21.39217325,10.25290911,2024-11-10T17:00:00Z
York,2024,10-11-2024,18:00:00,8.056480696,-0.2745048,15.66809434,2024-11-10T18:00:00Z
York,2024,10-11-2024,19:00:00,3.721796165,14.61097266,2.984101329,2024-11-10T19:00:00Z
York,2024,10-11-2024,20:00:00,3.365606134,7.040316532,16.51555344,2024-11-10T20:00:00Z
York,2024,10-11-2024,21:00:00,0,-13.05350228,2.232608496,2024-11-10T21:00:00Z
York,2024,10-11-2024,22:00:00,13.70250622,45.86667109,25.51958243,2024-11-10T22:00:00Z
York,2024,10-11-2024,23:00:00,7.975201088,36.98842036,13.36104062,2024-11-10T23:00:00Z
